분류종류,분류차순정보,분류범위,신분류코드,신분류항목명,구분류코드,구분류항목명
KSIC,11,1,A,"농업, 임업 및 어업(01~03)",A,"농업, 임업 및 어업(01~03)"
KSIC,11,1,B,광업(05~08),B,광업(05~08)
KSIC,11,1,C,제조업(10~34),C,제조업(10~34)
KSIC,11,1,D,"전기, 가스, 증기 및 공기조절 공급업(35)",D,"전기, 가스, 증기 및 공기조절 공급업(35)"
KSIC,11,1,E,"수도, 하수 및 폐기물 처리, 원료 재생업(36 ~ 39)",E,"수도, 하수 및 폐기물 처리, 원료 재생업(36 ~ 39)"
KSIC,11,1,F,건설업(41~42),F,건설업(41~42)
KSIC,11,1,G,도매 및 소매업(45~47),G,도매 및 소매업(45~47)
KSIC,11,1,H,운수 및 창고업(49~52),H,운수 및 창고업(49~52)
KSIC,11,1,I,숙박 및 음식점업(55~56),I,숙박 및 음식점업(55~56)
KSIC,11,1,J,정보통신업(58~63),J,정보통신업(58~63)
KSIC,11,1,K,금융 및 보험업(64~66),K,금융 및 보험업(64~66)
KSIC,11,1,L,부동산업(68),L,부동산업(68)
KSIC,11,1,M,"전문, 과학 및 기술 서비스업(70~73)",M,"전문, 과학 및 기술 서비스업(70~73)"
KSIC,11,1,N,"사업시설 관리, 사업 지원 및 임대 서비스업(74~76)",N,"사업시설 관리, 사업 지원 및 임대 서비스업(74~76)"
KSIC,11,1,O,"공공행정, 국방 및 사회보장 행정(84)",K,금융 및 보험업(64~66)
KSIC,11,1,O,"공공행정, 국방 및 사회보장 행정(84)",O,"공공행정, 국방 및 사회보장 행정(84)"
KSIC,11,1,P,교육 서비스업(85),P,교육 서비스업(85)
KSIC,11,1,Q,보건업 및 사회복지 서비스업(86~87),Q,보건업 및 사회복지 서비스업(86~87)
KSIC,11,1,R,"예술, 스포츠 및 여가관련 서비스업(90~91)",R,"예술, 스포츠 및 여가관련 서비스업(90~91)"
KSIC,11,1,S,"협회 및 단체, 수리 및 기타 개인 서비스업(94~96)",S,"협회 및 단체, 수리 및 기타 개인 서비스업(94~96)"
KSIC,11,1,T,가구 내 고용활동 및 달리 분류되지 않은 자가소비 생산활동(97~98),T,가구 내 고용활동 및 달리 분류되지 않은 자가소비 생산활동(97~98)
KSIC,11,1,U,국제 및 외국기관(99),U,국제 및 외국기관(99)
KSIC,11,2,1,농업,1,농업
KSIC,11,2,2,임업,2,임업
KSIC,11,2,3,어업,3,어업
KSIC,11,2,5,"석탄, 원유 및 천연가스 광업",5,"석탄, 원유 및 천연가스 광업"
KSIC,11,2,6,금속 광업,6,금속 광업
KSIC,11,2,7,비금속광물 광업; 연료용 제외,7,비금속광물 광업; 연료용 제외
KSIC,11,2,8,광업 지원 서비스업,8,광업 지원 서비스업
KSIC,11,2,10,식료품 제조업,10,식료품 제조업
KSIC,11,2,11,음료 제조업,11,음료 제조업
KSIC,11,2,12,담배 제조업,12,담배 제조업
KSIC,11,2,13,섬유제품 제조업; 의복제외,13,섬유제품 제조업; 의복제외
KSIC,11,2,14,"의복, 의복 액세서리 및 모피제품 제조업",14,"의복, 의복 액세서리 및 모피제품 제조업"
KSIC,11,2,15,"가죽, 가방 및 신발 제조업",15,"가죽, 가방 및 신발 제조업"
KSIC,11,2,16,목재 및 나무제품 제조업; 가구 제외,16,목재 및 나무제품 제조업; 가구 제외
KSIC,11,2,17,"펄프, 종이 및 종이제품 제조업",17,"펄프, 종이 및 종이제품 제조업"
KSIC,11,2,18,인쇄 및 기록매체 복제업,18,인쇄 및 기록매체 복제업
KSIC,11,2,19,"코크스, 연탄 및 석유정제품 제조업",19,"코크스, 연탄 및 석유정제품 제조업"
KSIC,11,2,20,화학물질 및 화학제품 제조업; 의약품 제외,20,화학물질 및 화학제품 제조업; 의약품 제외
KSIC,11,2,21,의료용 물질 및 의약품 제조업,21,의료용 물질 및 의약품 제조업
KSIC,11,2,21,의료용 물질 및 의약품 제조업,20,화학물질 및 화학제품 제조업; 의약품 제외
KSIC,11,2,22,고무 및 플라스틱제품 제조업,22,고무 및 플라스틱제품 제조업
KSIC,11,2,23,비금속 광물제품 제조업,23,비금속 광물제품 제조업
KSIC,11,2,24,1차 금속 제조업,24,1차 금속 제조업
KSIC,11,2,25,금속가공제품 제조업; 기계 및 가구 제외,25,금속가공제품 제조업; 기계 및 가구 제외
KSIC,11,2,26,"전자부품, 컴퓨터, 영상, 음향 및 통신장비 제조업",26,"전자부품, 컴퓨터, 영상, 음향 및 통신장비 제조업"
KSIC,11,2,27,"의료, 정밀, 광학기기 및 시계 제조업",27,"의료, 정밀, 광학기기 및 시계 제조업"
KSIC,11,2,28,전기장비 제조업,28,전기장비 제조업
KSIC,11,2,29,기타 기계 및 장비 제조업,29,기타 기계 및 장비 제조업
KSIC,11,2,30,자동차 및 트레일러 제조업,30,자동차 및 트레일러 제조업
KSIC,11,2,31,기타 운송장비 제조업,31,기타 운송장비 제조업
KSIC,11,2,32,가구 제조업,32,가구 제조업
KSIC,11,2,33,기타 제품 제조업,33,기타 제품 제조업
KSIC,11,2,34,산업용 기계 및 장비 수리업,34,산업용 기계 및 장비 수리업
KSIC,11,2,35,"전기, 가스, 증기 및 공기조절 공급업",35,"전기, 가스, 증기 및 공기조절 공급업"
KSIC,11,2,36,수도업,36,수도업
KSIC,11,2,37,"하수, 폐수 및 분뇨 처리업",37,"하수, 폐수 및 분뇨 처리업"
KSIC,11,2,38,"폐기물 수집, 운반, 처리 및 원료 재생업",38,"폐기물 수집, 운반, 처리 및 원료 재생업"
KSIC,11,2,39,환경 정화 및 복원업,39,환경 정화 및 복원업
KSIC,11,2,41,종합 건설업,41,종합 건설업
KSIC,11,2,42,전문직별 공사업,42,전문직별 공사업
KSIC,11,2,45,자동차 및 부품 판매업,45,자동차 및 부품 판매업
KSIC,11,2,46,도매 및 상품 중개업,46,도매 및 상품 중개업
KSIC,11,2,47,소매업; 자동차 제외,47,소매업; 자동차 제외
KSIC,11,2,49,육상운송 및 파이프라인 운송업,49,육상운송 및 파이프라인 운송업
KSIC,11,2,50,수상 운송업,50,수상 운송업
KSIC,11,2,51,항공 운송업,51,항공 운송업
KSIC,11,2,52,창고 및 운송관련 서비스업,52,창고 및 운송관련 서비스업
KSIC,11,2,55,숙박업,55,숙박업
KSIC,11,2,56,음식점 및 주점업,56,음식점 및 주점업
KSIC,11,2,58,출판업,58,출판업
KSIC,11,2,59,영상ㆍ오디오 기록물 제작 및 배급업,59,영상ㆍ오디오 기록물 제작 및 배급업
KSIC,11,2,60,방송 및 영상·오디오물 제공 서비스업,60,방송업
KSIC,11,2,60,방송 및 영상·오디오물 제공 서비스업,63,정보서비스업
KSIC,11,2,61,우편 및 통신업,61,우편 및 통신업
KSIC,11,2,62,"컴퓨터 프로그래밍, 시스템 통합 및 관리업",62,"컴퓨터 프로그래밍, 시스템 통합 및 관리업"
KSIC,11,2,63,정보서비스업,63,정보서비스업
KSIC,11,2,64,금융업,64,금융업
KSIC,11,2,65,보험업,65,보험 및 연금업
KSIC,11,2,66,금융 및 보험 관련 서비스업,66,금융 및 보험 관련 서비스업
KSIC,11,2,68,부동산업,68,부동산업
KSIC,11,2,70,연구개발업,70,연구개발업
KSIC,11,2,71,전문 서비스업,71,전문 서비스업
KSIC,11,2,72,"건축기술, 엔지니어링 및 기타 과학기술 서비스업",72,"건축기술, 엔지니어링 및 기타 과학기술 서비스업"
KSIC,11,2,73,"기타 전문, 과학 및 기술 서비스업",73,"기타 전문, 과학 및 기술 서비스업"
KSIC,11,2,74,사업시설 관리 및 조경 서비스업,74,사업시설 관리 및 조경 서비스업
KSIC,11,2,75,사업지원 서비스업,75,사업지원 서비스업
KSIC,11,2,76,임대업; 부동산 제외,76,임대업; 부동산 제외
KSIC,11,2,84,"공공행정, 국방 및 사회보장 행정",65,보험 및 연금업
KSIC,11,2,84,"공공행정, 국방 및 사회보장 행정",84,"공공행정, 국방 및 사회보장 행정"
KSIC,11,2,85,교육 서비스업,85,교육 서비스업
KSIC,11,2,86,보건업,86,보건업
KSIC,11,2,87,사회복지 서비스업,87,사회복지 서비스업
KSIC,11,2,90,"창작, 예술 및 여가관련 서비스업",90,"창작, 예술 및 여가관련 서비스업"
KSIC,11,2,91,스포츠 및 오락관련 서비스업,91,스포츠 및 오락관련 서비스업
KSIC,11,2,94,협회 및 단체,94,협회 및 단체
KSIC,11,2,95,개인 및 소비용품 수리업,95,개인 및 소비용품 수리업
KSIC,11,2,96,기타 개인 서비스업,96,기타 개인 서비스업
KSIC,11,2,97,가구 내 고용활동,97,가구 내 고용활동
KSIC,11,2,98,달리 분류되지 않은 자가소비를 위한 가구의 재화 및 서비스 생산활동,98,달리 분류되지 않은 자가소비를 위한 가구의 재화 및 서비스 생산활동
KSIC,11,2,99,국제 및 외국기관,99,국제 및 외국기관
KSIC,11,3,11,작물 재배업,11,작물 재배업
KSIC,11,3,12,축산업,12,축산업
KSIC,11,3,13,작물재배 및 축산 복합농업,13,작물재배 및 축산 복합농업
KSIC,11,3,14,작물재배 및 축산 관련 서비스업,14,작물재배 및 축산 관련 서비스업
KSIC,11,3,15,수렵 및 관련 서비스업,15,수렵 및 관련 서비스업
KSIC,11,3,20,임업,20,임업
KSIC,11,3,31,어로 어업,31,어로 어업
KSIC,11,3,32,양식어업 및 어업관련 서비스업,32,양식어업 및 어업관련 서비스업
KSIC,11,3,51,석탄 광업,51,석탄 광업
KSIC,11,3,52,원유 및 천연가스 채굴업,52,원유 및 천연가스 채굴업
KSIC,11,3,61,철 광업,61,철 광업
KSIC,11,3,62,비철금속 광업,62,비철금속 광업
KSIC,11,3,71,토사석 광업,71,토사석 광업
KSIC,11,3,72,기타 비금속광물 광업,72,기타 비금속광물 광업
KSIC,11,3,80,광업 지원 서비스업,80,광업 지원 서비스업
KSIC,11,3,101,"도축, 육류 가공 및 저장 처리업",101,"도축, 육류 가공 및 저장 처리업"
KSIC,11,3,102,수산물 가공 및 저장 처리업,102,수산물 가공 및 저장 처리업
KSIC,11,3,103,"과실, 채소 가공 및 저장 처리업",103,"과실, 채소 가공 및 저장 처리업"
KSIC,11,3,104,동·식물성 유지 및 낙농제품 제조업,105,낙농제품 및 식용빙과류 제조업
KSIC,11,3,104,동·식물성 유지 및 낙농제품 제조업,104,동물성 및 식물성 유지 제조업
KSIC,11,3,105,"곡물가공품, 전분 및 전분제품 제조업",106,"곡물가공품, 전분 및 전분제품 제조업"
KSIC,11,3,106,"떡, 빵 및 과자류 제조업",107,기타 식품 제조업
KSIC,11,3,107,도시락 및 식사용 조리식품 제조업,107,기타 식품 제조업
KSIC,11,3,108,기타 식품 제조업,107,기타 식품 제조업
KSIC,11,3,109,동물용 사료 및 조제식품 제조업,108,동물용 사료 및 조제식품 제조업
KSIC,11,3,111,알코올음료 제조업,111,알코올음료 제조업
KSIC,11,3,112,비알코올음료 및 얼음 제조업,112,비알코올음료 및 얼음 제조업
KSIC,11,3,120,담배 제조업,120,담배 제조업
KSIC,11,3,131,방적 및 가공사 제조업,131,방적 및 가공사 제조업
KSIC,11,3,132,직물직조 및 직물제품 제조업,132,직물직조 및 직물제품 제조업
KSIC,11,3,133,편조원단 제조업,133,편조원단 제조업
KSIC,11,3,134,"섬유제품 염색, 정리 및 마무리 가공업",134,"섬유제품 염색, 정리 및 마무리 가공업"
KSIC,11,3,139,기타 섬유제품 제조업,139,기타 섬유제품 제조업
KSIC,11,3,141,봉제의복 제조업,141,봉제의복 제조업
KSIC,11,3,142,모피제품 제조업,142,모피제품 제조업
KSIC,11,3,143,편조의복 제조업,143,편조의복 제조업
KSIC,11,3,144,의복 액세서리 제조업,144,의복 액세서리 제조업
KSIC,11,3,151,"가죽, 가방 및 유사제품 제조업",151,"가죽, 가방 및 유사제품 제조업"
KSIC,11,3,152,신발 및 신발 부분품 제조업,152,신발 및 신발 부분품 제조업
KSIC,11,3,161,제재 및 목재 가공업,161,제재 및 목재 가공업
KSIC,11,3,162,나무제품 제조업,162,나무제품 제조업
KSIC,11,3,163,코르크 및 조물 제품 제조업,163,코르크 및 조물 제품 제조업
KSIC,11,3,171,"펄프, 종이 및 판지 제조업",171,"펄프, 종이 및 판지 제조업"
KSIC,11,3,172,"골판지, 종이 상자 및 종이 용기 제조업",172,"골판지, 종이 상자 및 종이 용기 제조업"
KSIC,11,3,179,기타 종이 및 판지 제품 제조업,171,"펄프, 종이 및 판지 제조업"
KSIC,11,3,179,기타 종이 및 판지 제품 제조업,179,기타 종이 및 판지 제품 제조업
KSIC,11,3,181,인쇄 및 인쇄관련 산업,181,인쇄 및 인쇄관련 산업
KSIC,11,3,182,기록매체 복제업,182,기록매체 복제업
KSIC,11,3,191,코크스 및 연탄 제조업,191,코크스 및 연탄 제조업
KSIC,11,3,192,석유 정제품 제조업,192,석유 정제품 제조업
KSIC,11,3,201,기초 화학물질 제조업,201,기초 화학물질 제조업
KSIC,11,3,202,합성고무 및 플라스틱 물질 제조업,202,합성고무 및 플라스틱 물질 제조업
KSIC,11,3,203,"비료, 농약 및 살균, 살충제 제조업",203,"비료, 농약 및 살균, 살충제 제조업"
KSIC,11,3,204,기타 화학제품 제조업,204,기타 화학제품 제조업
KSIC,11,3,205,화학섬유 제조업,205,화학섬유 제조업
KSIC,11,3,211,기초 의약 물질 제조업,211,기초 의약물질 및 생물학적 제제 제조업
KSIC,11,3,212,의약품 제조업,212,의약품 제조업
KSIC,11,3,213,의료용품 및 기타 의약 관련제품 제조업,211,기초 의약물질 및 생물학적 제제 제조업
KSIC,11,3,213,의료용품 및 기타 의약 관련제품 제조업,213,의료용품 및 기타 의약 관련제품 제조업
KSIC,11,3,213,의료용품 및 기타 의약 관련제품 제조업,204,기타 화학제품 제조업
KSIC,11,3,221,고무제품 제조업,221,고무제품 제조업
KSIC,11,3,222,플라스틱제품 제조업,222,플라스틱제품 제조업
KSIC,11,3,231,유리 및 유리제품 제조업,231,유리 및 유리제품 제조업
KSIC,11,3,232,"내화, 비내화 요업제품 제조업",232,"내화, 비내화 요업제품 제조업"
KSIC,11,3,233,"시멘트, 석회, 플라스터 및 그 제품 제조업",233,"시멘트, 석회, 플라스터 및 그 제품 제조업"
KSIC,11,3,239,기타 비금속 광물제품 제조업,239,기타 비금속 광물제품 제조업
KSIC,11,3,241,1차 철강 제조업,241,1차 철강 제조업
KSIC,11,3,242,1차 비철금속 제조업,242,1차 비철금속 제조업
KSIC,11,3,243,금속 주조업,243,금속 주조업
KSIC,11,3,251,"구조용 금속제품, 탱크 및 증기발생기 제조업",251,"구조용 금속제품, 탱크 및 증기발생기 제조업"
KSIC,11,3,252,무기 및 총포탄 제조업,252,무기 및 총포탄 제조업
KSIC,11,3,259,기타 금속 가공제품 제조업,259,기타 금속 가공제품 제조업
KSIC,11,3,261,반도체 제조업,261,반도체 제조업
KSIC,11,3,262,전자부품 제조업,262,전자부품 제조업
KSIC,11,3,263,컴퓨터 및 주변장치 제조업,263,컴퓨터 및 주변장치 제조업
KSIC,11,3,264,통신 및 방송 장비 제조업,264,통신 및 방송 장비 제조업
KSIC,11,3,265,영상 및 음향기기 제조업,265,영상 및 음향기기 제조업
KSIC,11,3,266,마그네틱 및 광학 매체 제조업,266,마그네틱 및 광학 매체 제조업
KSIC,11,3,271,의료용 기기 제조업,271,의료용 기기 제조업
KSIC,11,3,272,"측정, 시험, 항해, 제어 및 기타 정밀기기 제조업; 광학기기 제외",274,시계 및 시계부품 제조업
KSIC,11,3,272,"측정, 시험, 항해, 제어 및 기타 정밀기기 제조업; 광학기기 제외",272,"측정, 시험, 항해, 제어 및 기타 정밀기기 제조업; 광학기기 제외"
KSIC,11,3,273,사진장비 및 광학기기 제조업,273,사진장비 및 광학기기 제조업
KSIC,11,3,281,"전동기, 발전기 및 전기 변환ㆍ 공급ㆍ제어 장치 제조업",281,"전동기, 발전기 및 전기 변환ㆍ 공급ㆍ제어 장치 제조업"
KSIC,11,3,282,일차전지 및 이차전지 제조업,282,일차전지 및 축전지 제조업
KSIC,11,3,283,절연선 및 케이블 제조업,283,절연선 및 케이블 제조업
KSIC,11,3,284,전구 및 조명장치 제조업,284,전구 및 조명장치 제조업
KSIC,11,3,285,가정용 기기 제조업,285,가정용 기기 제조업
KSIC,11,3,289,기타 전기장비 제조업,289,기타 전기장비 제조업
KSIC,11,3,291,일반 목적용 기계 제조업,291,일반 목적용 기계 제조업
KSIC,11,3,292,특수 목적용 기계 제조업,292,특수 목적용 기계 제조업
KSIC,11,3,301,자동차용 엔진 및 자동차 제조업,301,자동차용 엔진 및 자동차 제조업
KSIC,11,3,302,자동차 차체 및 트레일러 제조업,302,자동차 차체 및 트레일러 제조업
KSIC,11,3,303,자동차 신품 부품 제조업,303,자동차 신품 부품 제조업
KSIC,11,3,304,자동차 재제조 부품 제조업,304,자동차 재제조 부품 제조업
KSIC,11,3,311,선박 및 보트 건조업,311,선박 및 보트 건조업
KSIC,11,3,312,철도장비 제조업,312,철도장비 제조업
KSIC,11,3,313,"항공기, 우주선 및 부품 제조업",313,"항공기, 우주선 및 부품 제조업"
KSIC,11,3,319,그 외 기타 운송장비 제조업,319,그 외 기타 운송장비 제조업
KSIC,11,3,320,가구 제조업,320,가구 제조업
KSIC,11,3,331,귀금속 및 장신용품 제조업,331,귀금속 및 장신용품 제조업
KSIC,11,3,332,악기 제조업,332,악기 제조업
KSIC,11,3,333,운동 및 경기용구 제조업,333,운동 및 경기용구 제조업
KSIC,11,3,334,"인형, 장난감 및 오락용품 제조업",334,"인형, 장난감 및 오락용품 제조업"
KSIC,11,3,339,그 외 기타 제품 제조업,339,그 외 기타 제품 제조업
KSIC,11,3,340,산업용 기계 및 장비 수리업,340,산업용 기계 및 장비 수리업
KSIC,11,3,351,전기업,351,전기업
KSIC,11,3,352,연료용 가스 제조 및 배관공급업,352,연료용 가스 제조 및 배관공급업
KSIC,11,3,353,"증기, 냉·온수 및 공기조절 공급업",353,"증기, 냉·온수 및 공기조절 공급업"
KSIC,11,3,360,수도업,360,수도업
KSIC,11,3,370,"하수, 폐수 및 분뇨 처리업",370,"하수, 폐수 및 분뇨 처리업"
KSIC,11,3,381,"폐기물 수집, 운반업",381,"폐기물 수집, 운반업"
KSIC,11,3,382,폐기물 처리업,382,폐기물 처리업
KSIC,11,3,383,"해체, 선별 및 원료 재생업 ",383,"해체, 선별 및 원료 재생업 "
KSIC,11,3,390,환경 정화 및 복원업,390,환경 정화 및 복원업
KSIC,11,3,411,건물 건설업,411,건물 건설업
KSIC,11,3,412,토목 건설업,412,토목 건설업
KSIC,11,3,421,기반조성 및 시설물 축조관련 전문공사업,421,기반조성 및 시설물 축조관련 전문공사업
KSIC,11,3,422,건물설비 설치 공사업,422,건물설비 설치 공사업
KSIC,11,3,423,전기 및 통신 공사업,423,전기 및 통신 공사업
KSIC,11,3,424,실내건축 및 건축마무리 공사업,424,실내건축 및 건축마무리 공사업
KSIC,11,3,425,시설물 유지관리 공사업,425,시설물 유지관리 공사업
KSIC,11,3,426,건설장비 운영업,426,건설장비 운영업
KSIC,11,3,451,자동차 판매업,451,자동차 판매업
KSIC,11,3,452,자동차 부품 및 내장품 판매업,452,자동차 부품 및 내장품 판매업
KSIC,11,3,453,모터사이클 및 부품 판매업,453,모터사이클 및 부품 판매업
KSIC,11,3,461,상품 중개업,461,상품 중개업
KSIC,11,3,462,산업용 농·축산물 및 동·식물 도매업,462,산업용 농·축산물 및 동·식물 도매업
KSIC,11,3,463,음ㆍ식료품 및 담배 도매업,463,음ㆍ식료품 및 담배 도매업
KSIC,11,3,464,생활용품 도매업,464,생활용품 도매업
KSIC,11,3,465,기계장비 및 관련 물품 도매업,465,기계장비 및 관련 물품 도매업
KSIC,11,3,466,"건축자재, 철물 및 난방장치 도매업",466,"건축자재, 철물 및 난방장치 도매업"
KSIC,11,3,467,기타 전문 도매업,467,기타 전문 도매업
KSIC,11,3,468,상품 종합 도매업,468,상품 종합 도매업
KSIC,11,3,471,종합 소매업,471,종합 소매업
KSIC,11,3,472,음ㆍ식료품 및 담배 소매업,472,음ㆍ식료품 및 담배 소매업
KSIC,11,3,473,가전제품 및 정보통신장비 소매업,473,가전제품 및 정보통신장비 소매업
KSIC,11,3,474,"섬유, 의복, 신발 및 가죽제품 소매업",474,"섬유, 의복, 신발 및 가죽제품 소매업"
KSIC,11,3,475,기타 생활용품 소매업,475,기타 생활용품 소매업
KSIC,11,3,476,"문화, 오락 및 여가 용품 소매업",476,"문화, 오락 및 여가 용품 소매업"
KSIC,11,3,477,연료 소매업,477,연료 소매업
KSIC,11,3,478,기타 상품 전문 소매업,478,기타 상품 전문 소매업
KSIC,11,3,479,무점포 소매업,479,무점포 소매업
KSIC,11,3,491,철도 운송업,491,철도 운송업
KSIC,11,3,492,육상 여객 운송업,492,육상 여객 운송업
KSIC,11,3,493,도로 화물 운송업,493,도로 화물 운송업
KSIC,11,3,494,소화물 전문 운송업,494,소화물 전문 운송업
KSIC,11,3,495,파이프라인 운송업,495,파이프라인 운송업
KSIC,11,3,501,해상 운송업,501,해상 운송업
KSIC,11,3,502,내륙 수상 및 항만 내 운송업,502,내륙 수상 및 항만 내 운송업
KSIC,11,3,511,항공 여객 운송업,511,항공 여객 운송업
KSIC,11,3,512,항공 화물 운송업,512,항공 화물 운송업
KSIC,11,3,521,보관 및 창고업,521,보관 및 창고업
KSIC,11,3,529,기타 운송관련 서비스업,529,기타 운송관련 서비스업
KSIC,11,3,551,일반 및 생활 숙박시설 운영업,551,일반 및 생활 숙박시설 운영업
KSIC,11,3,559,기타 숙박업,559,기타 숙박업
KSIC,11,3,561,음식점업,561,음식점업
KSIC,11,3,562,주점 및 비알코올 음료점업,562,주점 및 비알코올 음료점업
KSIC,11,3,581,"서적, 잡지 및 기타 인쇄물 출판업",581,"서적, 잡지 및 기타 인쇄물 출판업"
KSIC,11,3,582,소프트웨어 개발 및 공급업,582,소프트웨어 개발 및 공급업
KSIC,11,3,591,"영화, 비디오물, 방송프로그램 제작 및 배급업",591,"영화, 비디오물, 방송프로그램 제작 및 배급업"
KSIC,11,3,592,오디오물 출판 및 원판 녹음업,592,오디오물 출판 및 원판 녹음업
KSIC,11,3,601,라디오 방송업,601,라디오 방송업
KSIC,11,3,602,텔레비전 방송업,602,텔레비전 방송업
KSIC,11,3,603,영상·오디오물 제공 서비스업,631,"자료처리, 호스팅, 포털 및 기타 인터넷 정보매개 서비스업"
KSIC,11,3,603,영상·오디오물 제공 서비스업,639,기타 정보 서비스업
KSIC,11,3,611,공영 우편업,611,공영 우편업
KSIC,11,3,612,전기 통신업,612,전기 통신업
KSIC,11,3,620,"컴퓨터 프로그래밍, 시스템 통합 및 관리업",620,"컴퓨터 프로그래밍, 시스템 통합 및 관리업"
KSIC,11,3,631,"자료처리, 호스팅, 포털 및 기타 인터넷 정보매개 서비스업",631,"자료처리, 호스팅, 포털 및 기타 인터넷 정보매개 서비스업"
KSIC,11,3,639,기타 정보 서비스업,639,기타 정보 서비스업
KSIC,11,3,641,은행 및 저축기관,641,은행 및 저축기관
KSIC,11,3,642,신탁업 및 집합투자업,642,신탁업 및 집합투자업
KSIC,11,3,649,기타 금융업,649,기타 금융업
KSIC,11,3,651,보험업,651,보험업
KSIC,11,3,652,재 보험업,652,재 보험업
KSIC,11,3,653,공제업,653,연금 및 공제업
KSIC,11,3,661,금융 지원 서비스업,661,금융 지원 서비스업
KSIC,11,3,662,보험 및 연금관련 서비스업,662,보험 및 연금관련 서비스업
KSIC,11,3,681,부동산 임대 및 공급업,681,부동산 임대 및 공급업
KSIC,11,3,682,부동산 관련 서비스업,682,부동산 관련 서비스업
KSIC,11,3,701,자연과학 및 공학 연구개발업,701,자연과학 및 공학 연구개발업
KSIC,11,3,702,인문 및 사회과학 연구개발업,702,인문 및 사회과학 연구개발업
KSIC,11,3,711,법무관련 서비스업,711,법무관련 서비스업
KSIC,11,3,712,회계 및 세무관련 서비스업,712,회계 및 세무관련 서비스업
KSIC,11,3,713,광고업,713,광고업
KSIC,11,3,714,시장조사 및 여론조사업,714,시장조사 및 여론조사업
KSIC,11,3,715,회사 본부 및 경영 컨설팅 서비스업,715,회사 본부 및 경영 컨설팅 서비스업
KSIC,11,3,716,기타 전문 서비스업,716,기타 전문 서비스업
KSIC,11,3,721,"건축기술, 엔지니어링 및 관련 기술 서비스업",721,"건축기술, 엔지니어링 및 관련 기술 서비스업"
KSIC,11,3,729,기타 과학기술 서비스업,729,기타 과학기술 서비스업
KSIC,11,3,731,수의업,731,수의업
KSIC,11,3,732,전문 디자인업,732,전문 디자인업
KSIC,11,3,733,사진 촬영 및 처리업,733,사진 촬영 및 처리업
KSIC,11,3,739,"그 외 기타 전문, 과학 및 기술 서비스업",739,"그 외 기타 전문, 과학 및 기술 서비스업"
KSIC,11,3,741,사업시설 유지·관리 서비스업,741,사업시설 유지·관리 서비스업
KSIC,11,3,742,건물ㆍ산업설비 청소 및 방제 서비스업,742,건물ㆍ산업설비 청소 및 방제 서비스업
KSIC,11,3,743,조경 관리 및 유지 서비스업,743,조경 관리 및 유지 서비스업
KSIC,11,3,751,고용알선 및 인력공급업,751,고용알선 및 인력공급업
KSIC,11,3,752,여행사 및 기타 여행보조 서비스업,752,여행사 및 기타 여행보조 서비스업
KSIC,11,3,753,"경비, 경호 및 탐정업",753,"경비, 경호 및 탐정업"
KSIC,11,3,759,기타 사업지원 서비스업,759,기타 사업지원 서비스업
KSIC,11,3,761,운송장비 임대업,761,운송장비 임대업
KSIC,11,3,762,개인 및 가정용품 임대업,762,개인 및 가정용품 임대업
KSIC,11,3,763,산업용 기계 및 장비 임대업,763,산업용 기계 및 장비 임대업
KSIC,11,3,764,무형재산권 임대업,764,무형재산권 임대업
KSIC,11,3,841,입법 및 일반 정부 행정,841,입법 및 일반 정부 행정
KSIC,11,3,842,사회 및 산업정책 행정,842,사회 및 산업정책 행정
KSIC,11,3,843,외무 및 국방 행정,843,외무 및 국방 행정
KSIC,11,3,844,사법 및 공공질서 행정,844,사법 및 공공질서 행정
KSIC,11,3,845,사회보장 행정,845,사회보장 행정
KSIC,11,3,846,연금업,651,보험업
KSIC,11,3,846,연금업,653,연금 및 공제업
KSIC,11,3,851,초등 교육기관,851,초등 교육기관
KSIC,11,3,852,중등 교육기관,852,중등 교육기관
KSIC,11,3,853,고등 교육기관,853,고등 교육기관
KSIC,11,3,854,"특수학교, 외국인학교 및 대안학교",854,"특수학교, 외국인학교 및 대안학교"
KSIC,11,3,855,일반 교습 학원,855,일반 교습 학원
KSIC,11,3,856,기타 교육기관,856,기타 교육기관
KSIC,11,3,857,교육지원 서비스업,857,교육지원 서비스업
KSIC,11,3,861,병원,861,병원
KSIC,11,3,862,의원,862,의원
KSIC,11,3,863,공중 보건 의료업,863,공중 보건 의료업
KSIC,11,3,869,기타 보건업,869,기타 보건업
KSIC,11,3,871,거주 복지시설 운영업,871,거주 복지시설 운영업
KSIC,11,3,872,비거주 복지시설 운영업,872,비거주 복지시설 운영업
KSIC,11,3,901,창작 및 예술관련 서비스업,901,창작 및 예술관련 서비스업
KSIC,11,3,902,"도서관, 사적지 및 유사 여가관련 서비스업",902,"도서관, 사적지 및 유사 여가관련 서비스업"
KSIC,11,3,911,스포츠 서비스업,911,스포츠 서비스업
KSIC,11,3,912,유원지 및 기타 오락관련 서비스업,912,유원지 및 기타 오락관련 서비스업
KSIC,11,3,941,산업 및 전문가 단체,941,산업 및 전문가 단체
KSIC,11,3,942,노동조합,942,노동조합
KSIC,11,3,949,기타 협회 및 단체,949,기타 협회 및 단체
KSIC,11,3,951,컴퓨터 및 통신장비 수리업,951,컴퓨터 및 통신장비 수리업
KSIC,11,3,952,자동차 및 모터사이클 수리업,952,자동차 및 모터사이클 수리업
KSIC,11,3,953,개인 및 가정용품 수리업,953,개인 및 가정용품 수리업
KSIC,11,3,961,"미용, 욕탕 및 유사 서비스업",961,"미용, 욕탕 및 유사 서비스업"
KSIC,11,3,969,그 외 기타 개인 서비스업,969,그 외 기타 개인 서비스업
KSIC,11,3,970,가구 내 고용활동,970,가구 내 고용활동
KSIC,11,3,981,자가 소비를 위한 가사 생산 활동,981,자가 소비를 위한 가사 생산 활동
KSIC,11,3,982,자가 소비를 위한 가사 서비스 활동,982,자가 소비를 위한 가사 서비스 활동
KSIC,11,3,990,국제 및 외국기관,990,국제 및 외국기관
KSIC,11,4,111,곡물 및 기타 식량작물 재배업,111,곡물 및 기타 식량작물 재배업
KSIC,11,4,112,"채소, 화훼작물 및 종묘 재배업",112,"채소, 화훼작물 및 종묘 재배업"
KSIC,11,4,113,"과실, 음료용 및 향신용 작물 재배업",113,"과실, 음료용 및 향신용 작물 재배업"
KSIC,11,4,114,기타 작물 재배업,114,기타 작물 재배업
KSIC,11,4,115,시설작물 재배업,115,시설작물 재배업
KSIC,11,4,121,소 사육업,121,소 사육업
KSIC,11,4,122,양돈업,122,양돈업
KSIC,11,4,123,가금류 및 조류 사육업,123,가금류 및 조류 사육업
KSIC,11,4,129,기타 축산업,129,기타 축산업
KSIC,11,4,130,작물재배 및 축산 복합농업,130,작물재배 및 축산 복합농업
KSIC,11,4,141,작물재배 관련 서비스업,141,작물재배 관련 서비스업
KSIC,11,4,142,축산 관련 서비스업,142,축산 관련 서비스업
KSIC,11,4,150,수렵 및 관련 서비스업,150,수렵 및 관련 서비스업
KSIC,11,4,201,영림업,201,영림업
KSIC,11,4,202,벌목업,202,벌목업
KSIC,11,4,203,임산물 채취업,203,임산물 채취업
KSIC,11,4,204,임업 관련 서비스업,204,임업 관련 서비스업
KSIC,11,4,311,해수면 어업,311,해수면 어업
KSIC,11,4,312,내수면 어업,312,내수면 어업
KSIC,11,4,321,양식 어업,321,양식 어업
KSIC,11,4,322,어업 관련 서비스업,322,어업 관련 서비스업
KSIC,11,4,510,석탄 광업,510,석탄 광업
KSIC,11,4,520,원유 및 천연가스 채굴업,520,원유 및 천연가스 채굴업
KSIC,11,4,610,철 광업,610,철 광업
KSIC,11,4,620,비철금속 광업,620,비철금속 광업
KSIC,11,4,711,석회석 및 점토 광업,711,석회석 및 점토 광업
KSIC,11,4,712,"석재, 쇄석 및 모래, 자갈 채취업",712,"석재, 쇄석 및 모래, 자갈 채취업"
KSIC,11,4,721,화학용 및 비료원료용 광물 광업,721,화학용 및 비료원료용 광물 광업
KSIC,11,4,722,천일염 생산 및 암염 채취업,722,천일염 생산 및 암염 채취업
KSIC,11,4,729,그 외 기타 비금속광물 광업,729,그 외 기타 비금속광물 광업
KSIC,11,4,800,광업 지원 서비스업,800,광업 지원 서비스업
KSIC,11,4,1011,도축업,1011,도축업
KSIC,11,4,1012,육류 가공 및 저장 처리업,1012,육류 가공 및 저장 처리업
KSIC,11,4,1021,수산동물 가공 및 저장 처리업,1021,수산동물 가공 및 저장 처리업
KSIC,11,4,1022,수산식물 가공 및 저장 처리업,1022,수산식물 가공 및 저장 처리업
KSIC,11,4,1030,"과실, 채소 가공 및 저장 처리업",1030,"과실, 채소 가공 및 저장 처리업"
KSIC,11,4,1041,동물성 및 식물성 유지 제조업,1040,동물성 및 식물성 유지 제조업
KSIC,11,4,1042,낙농제품 및 식용빙과류 제조업,1050,낙농제품 및 식용빙과류 제조업
KSIC,11,4,1051,곡물 가공품 제조업,1061,곡물 가공품 제조업
KSIC,11,4,1052,전분제품 및 당류 제조업,1062,전분제품 및 당류 제조업
KSIC,11,4,1060,"떡, 빵 및 과자류 제조업",1071,"떡, 빵 및 과자류 제조업"
KSIC,11,4,1070,도시락 및 식사용 조리식품 제조업,1075,도시락 및 식사용 조리식품 제조업
KSIC,11,4,1081,설탕 제조업,1072,설탕 제조업
KSIC,11,4,1082,"면류, 마카로니 및 유사식품 제조업",1073,"면류, 마카로니 및 유사식품 제조업"
KSIC,11,4,1083,조미료 및 식품 첨가물 제조업,1074,조미료 및 식품 첨가물 제조업
KSIC,11,4,1089,기타 식료품 제조업,1079,기타 식료품 제조업
KSIC,11,4,1090,동물용 사료 및 조제식품 제조업,1080,동물용 사료 및 조제식품 제조업
KSIC,11,4,1111,발효주 제조업,1111,발효주 제조업
KSIC,11,4,1112,증류주 및 합성주 제조업,1112,증류주 및 합성주 제조업
KSIC,11,4,1120,비알코올 음료 및 얼음 제조업,1120,비알코올 음료 및 얼음 제조업
KSIC,11,4,1200,담배 제조업,1200,담배 제조업
KSIC,11,4,1310,방적 및 가공사 제조업,1310,방적 및 가공사 제조업
KSIC,11,4,1321,직물 직조업,1321,직물 직조업
KSIC,11,4,1322,직물제품 제조업,1322,직물제품 제조업
KSIC,11,4,1330,편조원단 제조업,1330,편조원단 제조업
KSIC,11,4,1340,"섬유제품 염색, 정리 및 마무리 가공업",1340,"섬유제품 염색, 정리 및 마무리 가공업"
KSIC,11,4,1391,"카펫, 마루덮개 및 유사제품 제조업",1391,"카펫, 마루덮개 및 유사제품 제조업"
KSIC,11,4,1392,"끈, 로프, 망 및 끈 가공품 제조업",1392,"끈, 로프, 망 및 끈 가공품 제조업"
KSIC,11,4,1399,그 외 기타 섬유제품 제조업,1399,그 외 기타 섬유제품 제조업
KSIC,11,4,1411,겉옷 제조업,1411,겉옷 제조업
KSIC,11,4,1412,속옷 및 잠옷 제조업,1412,속옷 및 잠옷 제조업
KSIC,11,4,1413,한복 제조업,1413,한복 제조업
KSIC,11,4,1419,기타 봉제의복 제조업,1419,기타 봉제의복 제조업
KSIC,11,4,1420,모피제품 제조업,1420,모피제품 제조업
KSIC,11,4,1430,편조의복 제조업,1430,편조의복 제조업
KSIC,11,4,1441,편조의복 액세서리 제조업,1441,편조의복 액세서리 제조업
KSIC,11,4,1449,기타 의복 액세서리 제조업,1449,기타 의복 액세서리 제조업
KSIC,11,4,1511,모피 및 가죽 제조업,1511,모피 및 가죽 제조업
KSIC,11,4,1512,"핸드백, 가방 및 기타 보호용 케이스 제조업",1512,"핸드백, 가방 및 기타 보호용 케이스 제조업"
KSIC,11,4,1519,기타 가죽제품 제조업,1519,기타 가죽제품 제조업
KSIC,11,4,1521,신발 제조업,1521,신발 제조업
KSIC,11,4,1522,신발 부분품 제조업,1522,신발 부분품 제조업
KSIC,11,4,1610,제재 및 목재 가공업,1610,제재 및 목재 가공업
KSIC,11,4,1621,"박판, 합판 및 강화 목제품 제조업",1621,"박판, 합판 및 강화 목제품 제조업"
KSIC,11,4,1622,건축용 나무제품 제조업,1622,건축용 나무제품 제조업
KSIC,11,4,1623,"목재 상자, 드럼 및 적재판 제조업",1623,"목재 상자, 드럼 및 적재판 제조업"
KSIC,11,4,1629,기타 나무제품 제조업,1629,기타 나무제품 제조업
KSIC,11,4,1630,코르크 및 조물 제품 제조업,1630,코르크 및 조물 제품 제조업
KSIC,11,4,1710,"펄프, 종이 및 판지 제조업",1711,펄프 제조업
KSIC,11,4,1710,"펄프, 종이 및 판지 제조업",1712,종이 및 판지 제조업
KSIC,11,4,1721,골판지 및 골판지 가공제품 제조업,1721,골판지 및 골판지 가공제품 제조업
KSIC,11,4,1722,"종이포대, 판지상자 및 종이용기 제조업",1722,"종이포대, 판지상자 및 종이용기 제조업"
KSIC,11,4,1790,기타 종이 및 판지 제품 제조업,1790,기타 종이 및 판지 제품 제조업
KSIC,11,4,1790,기타 종이 및 판지 제품 제조업,1712,종이 및 판지 제조업
KSIC,11,4,1811,인쇄업,1811,인쇄업
KSIC,11,4,1812,인쇄관련 산업,1812,인쇄관련 산업
KSIC,11,4,1820,기록매체 복제업,1820,기록매체 복제업
KSIC,11,4,1910,코크스 및 연탄 제조업,1910,코크스 및 연탄 제조업
KSIC,11,4,1921,원유 정제처리업,1921,원유 정제처리업
KSIC,11,4,1922,석유 정제물 재처리업,1922,석유 정제물 재처리업
KSIC,11,4,2011,기초 유기 화학물질 제조업,2011,기초 유기 화학물질 제조업
KSIC,11,4,2012,기초 무기 화학물질 제조업,2012,기초 무기 화학물질 제조업
KSIC,11,4,2013,"무기안료, 염료, 유연제 및 기타 착색제 제조업",2013,"무기안료, 염료, 유연제 및 기타 착색제 제조업"
KSIC,11,4,2020,합성고무 및 플라스틱 물질 제조업,2020,합성고무 및 플라스틱 물질 제조업
KSIC,11,4,2031,비료 및 질소화합물 제조업,2031,비료 및 질소화합물 제조업
KSIC,11,4,2032,살균·살충제 및 농약 제조업,2032,살균·살충제 및 농약 제조업
KSIC,11,4,2041,"잉크, 페인트, 코팅제 및 유사제품 제조업",2041,"잉크, 페인트, 코팅제 및 유사제품 제조업"
KSIC,11,4,2042,"세제, 화장품 및 광택제 제조업",2042,"세제, 화장품 및 광택제 제조업"
KSIC,11,4,2049,그 외 기타 화학제품 제조업,2049,그 외 기타 화학제품 제조업
KSIC,11,4,2050,화학섬유 제조업,2050,화학섬유 제조업
KSIC,11,4,2110,기초 의약 물질 제조업,2110,기초 의약물질 및 생물학적 제제 제조업
KSIC,11,4,2121,완제 의약품 제조업,2121,완제 의약품 제조업
KSIC,11,4,2122,한의약품 제조업,2122,한의약품 제조업
KSIC,11,4,2123,동물용 의약품 제조업,2123,동물용 의약품 제조업
KSIC,11,4,2130,의료용품 및 기타 의약 관련제품 제조업,2049,그 외 기타 화학제품 제조업
KSIC,11,4,2130,의료용품 및 기타 의약 관련제품 제조업,2130,의료용품 및 기타 의약 관련제품 제조업
KSIC,11,4,2130,의료용품 및 기타 의약 관련제품 제조업,2110,기초 의약물질 및 생물학적 제제 제조업
KSIC,11,4,2211,고무 타이어 및 튜브 생산업,2211,고무 타이어 및 튜브 생산업
KSIC,11,4,2219,기타 고무제품 제조업,2219,기타 고무제품 제조업
KSIC,11,4,2221,1차 플라스틱제품 제조업,2221,1차 플라스틱제품 제조업
KSIC,11,4,2222,건축용 플라스틱제품 제조업,2222,건축용 플라스틱제품 제조업
KSIC,11,4,2223,포장용 플라스틱제품 제조업,2223,포장용 플라스틱제품 제조업
KSIC,11,4,2224,기계장비 조립용 플라스틱제품 제조업,2224,기계장비 조립용 플라스틱제품 제조업
KSIC,11,4,2225,플라스틱 발포 성형제품 제조업,2225,플라스틱 발포 성형제품 제조업
KSIC,11,4,2229,기타 플라스틱제품 제조업,2229,기타 플라스틱제품 제조업
KSIC,11,4,2311,판유리 및 판유리 가공품 제조업,2311,판유리 및 판유리 가공품 제조업
KSIC,11,4,2312,산업용 유리 제조업,2312,산업용 유리 제조업
KSIC,11,4,2319,기타 유리제품 제조업,2319,기타 유리제품 제조업
KSIC,11,4,2321,내화 요업제품 제조업,2321,내화 요업제품 제조업
KSIC,11,4,2322,비내화 일반도자기 제조업,2322,비내화 일반도자기 제조업
KSIC,11,4,2323,건축용 비내화 요업제품 제조업,2323,건축용 비내화 요업제품 제조업
KSIC,11,4,2331,"시멘트, 석회 및 플라스터 제조업",2331,"시멘트, 석회 및 플라스터 제조업"
KSIC,11,4,2332,"콘크리트, 레미콘 및 기타 시멘트, 플라스터 제품 제조업",2332,"콘크리트, 레미콘 및 기타 시멘트, 플라스터 제품 제조업"
KSIC,11,4,2391,석제품 제조업,2391,석제품 제조업
KSIC,11,4,2399,그 외 기타 비금속 광물제품 제조업,2399,그 외 기타 비금속 광물제품 제조업
KSIC,11,4,2411,"제철, 제강 및 합금철 제조업",2411,"제철, 제강 및 합금철 제조업"
KSIC,11,4,2412,"철강 압연, 압출 및 연신제품 제조업",2412,"철강 압연, 압출 및 연신제품 제조업"
KSIC,11,4,2413,철강관 제조업,2413,철강관 제조업
KSIC,11,4,2419,기타 1차 철강 제조업,2419,기타 1차 철강 제조업
KSIC,11,4,2421,"비철금속 제련, 정련 및 합금 제조업",2421,"비철금속 제련, 정련 및 합금 제조업"
KSIC,11,4,2422,"비철금속 압연, 압출 및 연신제품 제조업",2422,"비철금속 압연, 압출 및 연신제품 제조업"
KSIC,11,4,2429,기타 1차 비철금속 제조업,2429,기타 1차 비철금속 제조업
KSIC,11,4,2431,철강 주조업,2431,철강 주조업
KSIC,11,4,2432,비철금속 주조업,2432,비철금속 주조업
KSIC,11,4,2511,구조용 금속제품 제조업,2511,구조용 금속제품 제조업
KSIC,11,4,2512,"산업용 난방보일러, 금속탱크 및 유사 용기 제조업",2512,"산업용 난방보일러, 금속탱크 및 유사 용기 제조업"
KSIC,11,4,2513,핵반응기 및 증기 보일러 제조업,2513,핵반응기 및 증기 보일러 제조업
KSIC,11,4,2520,무기 및 총포탄 제조업,2520,무기 및 총포탄 제조업
KSIC,11,4,2591,"금속 단조, 압형 및 분말야금 제품 제조업",2591,"금속 단조, 압형 및 분말야금 제품 제조업"
KSIC,11,4,2592,"금속 열처리, 도금 및 기타 금속가공업",2592,"금속 열처리, 도금 및 기타 금속가공업"
KSIC,11,4,2593,"날붙이, 수공구 및 일반철물 제조업",2593,"날붙이, 수공구 및 일반철물 제조업"
KSIC,11,4,2594,"금속파스너, 스프링 및 금속선 가공제품 제조업",2594,"금속파스너, 스프링 및 금속선 가공제품 제조업"
KSIC,11,4,2599,그 외 기타 금속가공제품 제조업,2599,그 외 기타 금속가공제품 제조업
KSIC,11,4,2611,전자집적회로 제조업,2611,전자집적회로 제조업
KSIC,11,4,2612,"다이오드, 트랜지스터 및 유사 반도체소자 제조업",2612,"다이오드, 트랜지스터 및 유사 반도체소자 제조업"
KSIC,11,4,2621,표시장치 제조업,2621,표시장치 제조업
KSIC,11,4,2622,인쇄회로기판 및 전자부품 실장기판 제조업,2622,인쇄회로기판 및 전자부품 실장기판 제조업
KSIC,11,4,2629,기타 전자부품 제조업,2629,기타 전자부품 제조업
KSIC,11,4,2631,컴퓨터 제조업,2631,컴퓨터 제조업
KSIC,11,4,2632,기억장치 및 주변기기 제조업,2632,기억장치 및 주변기기 제조업
KSIC,11,4,2641,유선 통신장비 제조업,2641,유선 통신장비 제조업
KSIC,11,4,2642,방송 및 무선 통신장비 제조업,2642,방송 및 무선 통신장비 제조업
KSIC,11,4,2651,"텔레비전, 비디오 및 기타 영상기기 제조업",2651,"텔레비전, 비디오 및 기타 영상기기 제조업"
KSIC,11,4,2652,"오디오, 스피커 및 기타 음향기기 제조업",2652,"오디오, 스피커 및 기타 음향기기 제조업"
KSIC,11,4,2660,마그네틱 및 광학 매체 제조업,2660,마그네틱 및 광학 매체 제조업
KSIC,11,4,2711,방사선 장치 및 전기식 진단 기기 제조업,2711,방사선 장치 및 전기식 진단 기기 제조업
KSIC,11,4,2719,기타 의료용 기기 제조업,2719,기타 의료용 기기 제조업
KSIC,11,4,2721,"측정, 시험, 항해, 제어 및 기타 정밀기기 제조업",2721,"측정, 시험, 항해, 제어 및 기타 정밀기기 제조업"
KSIC,11,4,2722,시계 및 시계부품 제조업,2740,시계 및 시계부품 제조업
KSIC,11,4,2730,사진장비 및 광학기기 제조업,2730,사진장비 및 광학기기 제조업
KSIC,11,4,2811,"전동기, 발전기 및 전기 변환장치 제조업",2811,"전동기, 발전기 및 전기 변환장치 제조업"
KSIC,11,4,2812,전기 공급 및 제어장치 제조업,2812,전기 공급 및 제어장치 제조업
KSIC,11,4,2820,일차전지 및 이차전지 제조업,2820,일차전지 및 축전지 제조업
KSIC,11,4,2830,절연선 및 케이블 제조업,2830,절연선 및 케이블 제조업
KSIC,11,4,2841,전구 및 램프 제조업,2841,전구 및 램프 제조업
KSIC,11,4,2842,조명장치 제조업,2842,조명장치 제조업
KSIC,11,4,2851,가정용 전기기기 제조업,2851,가정용 전기기기 제조업
KSIC,11,4,2852,가정용 비전기식 조리 및 난방 기구 제조업,2852,가정용 비전기식 조리 및 난방 기구 제조업
KSIC,11,4,2890,기타 전기장비 제조업,2890,기타 전기장비 제조업
KSIC,11,4,2911,내연기관 및 터빈 제조업; 항공기용 및 차량용 제외,2911,내연기관 및 터빈 제조업; 항공기용 및 차량용 제외
KSIC,11,4,2912,유압기기 제조업,2912,유압기기 제조업
KSIC,11,4,2913,"펌프 및 압축기 제조업; 탭, 밸브 및 유사장치 제조 포함",2913,"펌프 및 압축기 제조업; 탭, 밸브 및 유사장치 제조 포함"
KSIC,11,4,2914,"베어링, 기어 및 동력전달장치 제조업",2914,"베어링, 기어 및 동력전달장치 제조업"
KSIC,11,4,2915,"산업용 오븐, 노 및 노용 버너 제조업",2915,"산업용 오븐, 노 및 노용 버너 제조업"
KSIC,11,4,2916,"산업용 트럭, 승강기 및 물품취급장비 제조업",2916,"산업용 트럭, 승강기 및 물품취급장비 제조업"
KSIC,11,4,2917,"냉각, 공기조화, 여과, 증류 및 가스발생기 제조업",2917,"냉각, 공기조화, 여과, 증류 및 가스발생기 제조업"
KSIC,11,4,2918,사무용 기계 및 장비 제조업,2918,사무용 기계 및 장비 제조업
KSIC,11,4,2919,기타 일반 목적용 기계 제조업,2919,기타 일반 목적용 기계 제조업
KSIC,11,4,2921,농업 및 임업용 기계 제조업,2921,농업 및 임업용 기계 제조업
KSIC,11,4,2922,가공 공작기계 제조업,2922,가공 공작기계 제조업
KSIC,11,4,2923,금속 주조 및 기타 야금용 기계 제조업,2923,금속 주조 및 기타 야금용 기계 제조업
KSIC,11,4,2924,건설 및 광업용 기계장비 제조업,2924,건설 및 광업용 기계장비 제조업
KSIC,11,4,2925,음ㆍ식료품 및 담배 가공기계 제조업,2925,음ㆍ식료품 및 담배 가공기계 제조업
KSIC,11,4,2926,"섬유, 의복 및 가죽 가공기계 제조업",2926,"섬유, 의복 및 가죽 가공기계 제조업"
KSIC,11,4,2927,반도체 및 디스플레이 제조용 기계 제조업,2927,반도체 및 디스플레이 제조용 기계 제조업
KSIC,11,4,2928,산업용 로봇 제조업,2928,산업용 로봇 제조업
KSIC,11,4,2929,기타 특수 목적용 기계 제조업,2929,기타 특수 목적용 기계 제조업
KSIC,11,4,3011,자동차용 엔진 제조업,3011,자동차용 엔진 제조업
KSIC,11,4,3012,자동차 제조업,3012,자동차 제조업
KSIC,11,4,3020,자동차 차체 및 트레일러 제조업,3020,자동차 차체 및 트레일러 제조업
KSIC,11,4,3031,자동차 엔진용 신품 부품 제조업,3031,자동차 엔진용 신품 부품 제조업
KSIC,11,4,3032,자동차 차체용 신품 부품 제조업,3032,자동차 차체용 신품 부품 제조업
KSIC,11,4,3033,자동차용 신품 동력전달장치 및 전기장치 제조업,3033,자동차용 신품 동력전달장치 및 전기장치 제조업
KSIC,11,4,3039,자동차용 기타 신품 부품 제조업,3039,자동차용 기타 신품 부품 제조업
KSIC,11,4,3040,자동차 재제조 부품 제조업,3040,자동차 재제조 부품 제조업
KSIC,11,4,3111,선박 및 수상 부유 구조물 건조업,3111,선박 및 수상 부유 구조물 건조업
KSIC,11,4,3112,오락 및 스포츠용 보트 건조업,3112,오락 및 스포츠용 보트 건조업
KSIC,11,4,3120,철도장비 제조업,3120,철도장비 제조업
KSIC,11,4,3131,"항공기, 우주선 및 보조장치 제조업",3131,"항공기, 우주선 및 보조장치 제조업"
KSIC,11,4,3132,항공기용 엔진 및 부품 제조업,3132,항공기용 엔진 및 부품 제조업
KSIC,11,4,3191,전투용 차량 제조업,3191,전투용 차량 제조업
KSIC,11,4,3192,모터사이클 및 개인용 전기식 이동수단 제조업,3192,모터사이클 제조업
KSIC,11,4,3199,그 외 기타 분류 안된 운송장비 제조업,3199,그 외 기타 분류 안된 운송장비 제조업
KSIC,11,4,3201,침대 및 내장가구 제조업,3201,침대 및 내장가구 제조업
KSIC,11,4,3202,목재가구 제조업,3202,목재가구 제조업
KSIC,11,4,3209,기타 가구 제조업,3209,기타 가구 제조업
KSIC,11,4,3311,귀금속 및 관련제품 제조업,3311,귀금속 및 관련제품 제조업
KSIC,11,4,3312,모조 귀금속 및 모조 장신용품 제조업,3312,모조 귀금속 및 모조 장신용품 제조업
KSIC,11,4,3320,악기 제조업,3320,악기 제조업
KSIC,11,4,3330,운동 및 경기용구 제조업,3330,운동 및 경기용구 제조업
KSIC,11,4,3340,"인형, 장난감 및 오락용품 제조업",3340,"인형, 장난감 및 오락용품 제조업"
KSIC,11,4,3391,간판 및 광고물 제조업,3391,간판 및 광고물 제조업
KSIC,11,4,3392,사무 및 회화용품 제조업,3392,사무 및 회화용품 제조업
KSIC,11,4,3393,"가발, 장식용품 및 전시용 모형 제조업",3393,"가발, 장식용품 및 전시용 모형 제조업"
KSIC,11,4,3399,그 외 기타 분류 안된 제품 제조업,3399,그 외 기타 분류 안된 제품 제조업
KSIC,11,4,3401,일반 기계류 수리업,3401,일반 기계류 수리업
KSIC,11,4,3402,전기·전자 및 정밀기기 수리업,3402,전기·전자 및 정밀기기 수리업
KSIC,11,4,3511,발전업,3511,발전업
KSIC,11,4,3512,송전 및 배전업,3512,송전 및 배전업
KSIC,11,4,3513,전기 판매업,3513,전기 판매업
KSIC,11,4,3520,연료용 가스 제조 및 배관공급업,3520,연료용 가스 제조 및 배관공급업
KSIC,11,4,3530,"증기, 냉·온수 및 공기조절 공급업",3530,"증기, 냉·온수 및 공기조절 공급업"
KSIC,11,4,3601,생활용수 공급업,3601,생활용수 공급업
KSIC,11,4,3602,산업용수 공급업,3602,산업용수 공급업
KSIC,11,4,3701,하수 및 폐수 처리업,3701,하수 및 폐수 처리업
KSIC,11,4,3702,분뇨 처리업,3702,분뇨 처리업
KSIC,11,4,3811,"지정 외 폐기물 수집, 운반업",3811,"지정 외 폐기물 수집, 운반업"
KSIC,11,4,3812,"지정 폐기물 수집, 운반업",3812,"지정 폐기물 수집, 운반업"
KSIC,11,4,3813,"건설 폐기물 수집, 운반업",3813,"건설 폐기물 수집, 운반업"
KSIC,11,4,3821,지정 외 폐기물 처리업,3821,지정 외 폐기물 처리업
KSIC,11,4,3822,지정 폐기물 처리업,3822,지정 폐기물 처리업
KSIC,11,4,3823,건설 폐기물 처리업,3823,건설 폐기물 처리업
KSIC,11,4,3824,"방사성 폐기물 수집, 운반 및 처리업",3824,"방사성 폐기물 수집, 운반 및 처리업"
KSIC,11,4,3831,"금속류 해체, 선별 및 원료 재생업",3831,"금속류 해체, 선별 및 원료 재생업"
KSIC,11,4,3832,"비금속류 해체, 선별 및 원료 재생업",3832,"비금속류 해체, 선별 및 원료 재생업"
KSIC,11,4,3900,환경 정화 및 복원업,3900,환경 정화 및 복원업
KSIC,11,4,4111,주거용 건물 건설업,4111,주거용 건물 건설업
KSIC,11,4,4112,비주거용 건물 건설업,4112,비주거용 건물 건설업
KSIC,11,4,4121,지반조성 건설업,4121,지반조성 건설업
KSIC,11,4,4122,토목시설물 건설업,4122,토목시설물 건설업
KSIC,11,4,4211,건물 및 구축물 해체 공사업,4211,건물 및 구축물 해체 공사업
KSIC,11,4,4212,기반조성 관련 전문공사업,4212,기반조성 관련 전문공사업
KSIC,11,4,4213,시설물 축조 관련 전문공사업,4213,시설물 축조 관련 전문공사업
KSIC,11,4,4219,기타 시설물 축조 관련 전문공사업,4213,시설물 축조 관련 전문공사업
KSIC,11,4,4220,건물설비 설치 공사업,4220,건물설비 설치 공사업
KSIC,11,4,4231,전기 공사업,4231,전기 공사업
KSIC,11,4,4232,통신 공사업,4232,통신 공사업
KSIC,11,4,4241,"도장, 도배 및 내장 공사업",4241,"도장, 도배 및 내장 공사업"
KSIC,11,4,4242,유리 및 창호 공사업,4242,유리 및 창호 공사업
KSIC,11,4,4249,기타 건축마무리 공사업,4249,기타 건축마무리 공사업
KSIC,11,4,4250,시설물 유지관리 공사업,4250,시설물 유지관리 공사업
KSIC,11,4,4260,건설장비 운영업,4260,건설장비 운영업
KSIC,11,4,4511,자동차 신품 판매업,4511,자동차 신품 판매업
KSIC,11,4,4512,중고 자동차 판매업,4512,중고 자동차 판매업
KSIC,11,4,4521,자동차 신품 부품 및 내장품 판매업,4521,자동차 신품 부품 및 내장품 판매업
KSIC,11,4,4522,자동차 중고 부품 및 내장품 판매업,4522,자동차 중고 부품 및 내장품 판매업
KSIC,11,4,4530,모터사이클 및 부품 판매업,4530,모터사이클 및 부품 판매업
KSIC,11,4,4610,상품 중개업,4610,상품 중개업
KSIC,11,4,4620,산업용 농·축산물 및 동·식물 도매업,4620,산업용 농·축산물 및 동·식물 도매업
KSIC,11,4,4631,신선식품 및 단순 가공식품 도매업,4631,신선식품 및 단순 가공식품 도매업
KSIC,11,4,4632,가공식품 도매업,4632,가공식품 도매업
KSIC,11,4,4633,음료 및 담배 도매업,4633,음료 및 담배 도매업
KSIC,11,4,4641,"생활용 섬유제품, 의복, 의복 액세 서리 및 모피제품 도매업",4641,"생활용 섬유제품, 의복, 의복 액세 서리 및 모피제품 도매업"
KSIC,11,4,4642,신발 도매업,4642,신발 도매업
KSIC,11,4,4643,"생활용 가구, 조명기구 및 비전기식 생활용 기기 도매업",4643,"생활용 가구, 조명기구 및 비전기식 생활용 기기 도매업"
KSIC,11,4,4644,"의약품, 의료용품 및 화장품 도매업",4644,"의약품, 의료용품 및 화장품 도매업"
KSIC,11,4,4645,"생활용 포장ㆍ위생용품, 문구용품 및 출판 인쇄물 도매업 ",4645,"생활용 포장ㆍ위생용품, 문구용품 및 출판 인쇄물 도매업 "
KSIC,11,4,4646,"음반 및 비디오물, 악기, 오락 및 경기용품 도매업",4646,"음반 및 비디오물, 악기, 오락 및 경기용품 도매업"
KSIC,11,4,4649,"가방, 시계, 안경 및 기타 생활용품 도매업",4649,"가방, 시계, 안경 및 기타 생활용품 도매업"
KSIC,11,4,4651,"컴퓨터 및 주변장치, 소프트웨어 도매업",4651,"컴퓨터 및 주변장치, 소프트웨어 도매업"
KSIC,11,4,4652,"가전제품, 통신장비 및 부품 도매업",4652,"가전제품, 통신장비 및 부품 도매업"
KSIC,11,4,4653,산업용 기계 및 장비 도매업,4653,산업용 기계 및 장비 도매업
KSIC,11,4,4659,기타 기계 및 장비 도매업,4659,기타 기계 및 장비 도매업
KSIC,11,4,4661,일반 건축자재 도매업,4661,일반 건축자재 도매업
KSIC,11,4,4662,"냉·난방장치 및 철물, 수공구 도매업",4662,"냉·난방장치 및 철물, 수공구 도매업"
KSIC,11,4,4669,기타 건축자재 도매업,4669,기타 건축자재 도매업
KSIC,11,4,4671,"연료, 연료용 광물 및 관련제품 도매업",4671,"연료, 연료용 광물 및 관련제품 도매업"
KSIC,11,4,4672,1차 금속제품 및 금속광물 도매업,4672,1차 금속제품 및 금속광물 도매업
KSIC,11,4,4673,화학물질 및 화학제품 도매업,4673,화학물질 및 화학제품 도매업
KSIC,11,4,4674,"방직용 섬유, 실 및 직물 도매업",4674,"방직용 섬유, 실 및 직물 도매업"
KSIC,11,4,4675,"종이 원지, 판지, 종이상자 도매업",4675,"종이 원지, 판지, 종이상자 도매업"
KSIC,11,4,4679,재생용 재료 및 기타 상품 전문 도매업,4679,재생용 재료 및 기타 상품 전문 도매업
KSIC,11,4,4680,상품 종합 도매업,4680,상품 종합 도매업
KSIC,11,4,4711,대형 종합 소매업,4711,대형 종합 소매업
KSIC,11,4,4712,음ㆍ식료품 위주 종합 소매업,4712,음ㆍ식료품 위주 종합 소매업
KSIC,11,4,4713,면세점,4713,면세점
KSIC,11,4,4719,그 외 기타 종합 소매업,4719,그 외 기타 종합 소매업
KSIC,11,4,4721,신선식품 및 단순 가공식품 소매업,4721,식료품 소매업
KSIC,11,4,4722,가공식품 소매업,4721,식료품 소매업
KSIC,11,4,4723,음료 및 담배 소매업,4722,음료 및 담배 소매업
KSIC,11,4,4731,"컴퓨터 및 주변장치, 소프트웨어 및 통신기기 소매업",4731,"컴퓨터 및 주변장치, 소프트웨어 및 통신기기 소매업"
KSIC,11,4,4732,가전제품 소매업,4732,가전제품 소매업
KSIC,11,4,4741,의복 소매업,4741,의복 소매업
KSIC,11,4,4742,"섬유, 직물 및 의복액세서리 소매업",4742,"섬유, 직물 및 의복액세서리 소매업"
KSIC,11,4,4743,신발 소매업,4743,신발 소매업
KSIC,11,4,4744,가방 및 기타 가죽제품 소매업,4744,가방 및 기타 가죽제품 소매업
KSIC,11,4,4751,"철물, 공구, 창호 및 건설자재 소매업",4751,"철물, 공구, 창호 및 건설자재 소매업"
KSIC,11,4,4752,가구 소매업,4752,가구 소매업
KSIC,11,4,4759,그 외 기타 가정용품 소매업,4759,그 외 기타 가정용품 소매업
KSIC,11,4,4761,서적 및 문구용품 소매업,4761,서적 및 문구용품 소매업
KSIC,11,4,4762,음반 및 비디오물 소매업,4762,음반 및 비디오물 소매업
KSIC,11,4,4763,운동용품 및 자전거 소매업,4763,운동용품 및 자전거 소매업
KSIC,11,4,4764,"게임용구, 인형 및 장난감 소매업",4764,"게임용구, 인형 및 장난감 소매업"
KSIC,11,4,4771,운송장비용 연료 소매업,4771,운송장비용 연료 소매업
KSIC,11,4,4772,가정용 연료 소매업,4772,가정용 연료 소매업
KSIC,11,4,4781,"의약품, 의료용 기구, 화장품 및 방향제 소매업",4781,"의약품, 의료용 기구, 화장품 및 방향제 소매업"
KSIC,11,4,4782,"사무용 기기, 안경, 사진장비 및 정밀기기 소매업",4782,"사무용 기기, 안경, 사진장비 및 정밀기기 소매업"
KSIC,11,4,4783,시계 및 귀금속 소매업,4783,시계 및 귀금속 소매업
KSIC,11,4,4784,"예술품, 기념품 및 장식용품 소매업",4784,"예술품, 기념품 및 장식용품 소매업"
KSIC,11,4,4785,그 외 기타 상품 전문 소매업,4785,그 외 기타 상품 전문 소매업
KSIC,11,4,4786,중고 상품 소매업,4786,중고 상품 소매업
KSIC,11,4,4791,통신 판매업,4791,통신 판매업
KSIC,11,4,4792,노점 및 유사이동 소매업,4792,노점 및 유사이동 소매업
KSIC,11,4,4799,기타 무점포 소매업,4799,기타 무점포 소매업
KSIC,11,4,4910,철도 운송업,4910,철도 운송업
KSIC,11,4,4921,도시 정기 육상 여객 운송업,4921,도시 정기 육상 여객 운송업
KSIC,11,4,4922,시외버스 운송업,4922,시외버스 운송업
KSIC,11,4,4923,부정기 육상 여객 운송업,4923,부정기 육상 여객 운송업
KSIC,11,4,4930,도로 화물 운송업,4930,도로 화물 운송업
KSIC,11,4,4940,소화물 전문 운송업,4940,소화물 전문 운송업
KSIC,11,4,4950,파이프라인 운송업,4950,파이프라인 운송업
KSIC,11,4,5011,외항 운송업,5011,외항 운송업
KSIC,11,4,5012,내항 운송업,5012,내항 운송업
KSIC,11,4,5013,기타 해상 운송업,5013,기타 해상 운송업
KSIC,11,4,5020,내륙 수상 및 항만 내 운송업,5020,내륙 수상 및 항만 내 운송업
KSIC,11,4,5110,항공 여객 운송업,5110,항공 여객 운송업
KSIC,11,4,5120,항공 화물 운송업,5120,항공 화물 운송업
KSIC,11,4,5210,보관 및 창고업,5210,보관 및 창고업
KSIC,11,4,5291,육상 운송지원 서비스업,5291,육상 운송지원 서비스업
KSIC,11,4,5292,수상 운송지원 서비스업,5292,수상 운송지원 서비스업
KSIC,11,4,5293,항공 운송지원 서비스업,5293,항공 운송지원 서비스업
KSIC,11,4,5294,화물 취급업,5294,화물 취급업
KSIC,11,4,5299,그 외 기타 운송관련 서비스업,5299,그 외 기타 운송관련 서비스업
KSIC,11,4,5510,일반 및 생활 숙박시설 운영업,5510,일반 및 생활 숙박시설 운영업
KSIC,11,4,5590,기타 숙박업,5590,기타 숙박업
KSIC,11,4,5611,한식 음식점업,5611,한식 음식점업
KSIC,11,4,5612,외국식 음식점업,5612,외국식 음식점업
KSIC,11,4,5613,기관 구내식당업,5613,기관 구내식당업
KSIC,11,4,5614,출장 및 이동 음식점업,5614,출장 및 이동 음식점업
KSIC,11,4,5615,제과점업,5619,기타 간이 음식점업
KSIC,11,4,5616,"피자, 햄버거 및 치킨 전문점",5619,기타 간이 음식점업
KSIC,11,4,5619,김밥 및 기타 간이 음식점업,5619,기타 간이 음식점업
KSIC,11,4,5621,주점업,5621,주점업
KSIC,11,4,5622,비알코올 음료점업,5622,비알코올 음료점업
KSIC,11,4,5811,서적 출판업,5811,서적 출판업
KSIC,11,4,5812,"신문, 잡지 및 정기간행물 출판업",5812,"신문, 잡지 및 정기간행물 출판업"
KSIC,11,4,5819,기타 인쇄물 출판업,5819,기타 인쇄물 출판업
KSIC,11,4,5821,게임 소프트웨어 개발 및 공급업,5821,게임 소프트웨어 개발 및 공급업
KSIC,11,4,5822,시스템ㆍ응용 소프트웨어 개발 및 공급업,5822,시스템ㆍ응용 소프트웨어 개발 및 공급업
KSIC,11,4,5911,"영화, 비디오물 및 방송프로그램 제작업",5911,"영화, 비디오물 및 방송프로그램 제작업"
KSIC,11,4,5912,"영화, 비디오물 및 방송프로그램 제작 관련 서비스업",5912,"영화, 비디오물 및 방송프로그램 제작 관련 서비스업"
KSIC,11,4,5913,"영화, 비디오물 및 방송프로그램 배급업",5913,"영화, 비디오물 및 방송프로그램 배급업"
KSIC,11,4,5914,영화 및 비디오물 상영업,5914,영화 및 비디오물 상영업
KSIC,11,4,5920,오디오물 출판 및 원판 녹음업,5920,오디오물 출판 및 원판 녹음업
KSIC,11,4,6010,라디오 방송업,6010,라디오 방송업
KSIC,11,4,6021,지상파 방송업,6021,지상파 방송업
KSIC,11,4,6022,"유선, 위성 및 기타 방송업",6022,"유선, 위성 및 기타 방송업"
KSIC,11,4,6031,영상물 제공 서비스업,6311,"자료 처리, 호스팅 및 관련 서비스업"
KSIC,11,4,6031,영상물 제공 서비스업,6399,그 외 기타 정보 서비스업
KSIC,11,4,6032,오디오물 제공 서비스업,6311,"자료 처리, 호스팅 및 관련 서비스업"
KSIC,11,4,6032,오디오물 제공 서비스업,6399,그 외 기타 정보 서비스업
KSIC,11,4,6110,공영 우편업,6110,공영 우편업
KSIC,11,4,6121,유선 통신업,6121,유선 통신업
KSIC,11,4,6122,무선 및 위성 통신업,6122,무선 및 위성 통신업
KSIC,11,4,6129,기타 전기 통신업,6129,기타 전기 통신업
KSIC,11,4,6201,컴퓨터 프로그래밍 서비스업,6201,컴퓨터 프로그래밍 서비스업
KSIC,11,4,6202,"컴퓨터시스템 통합 자문, 구축 및 관리업",6202,"컴퓨터시스템 통합 자문, 구축 및 관리업"
KSIC,11,4,6209,기타 정보기술 및 컴퓨터운영 관련 서비스업,6209,기타 정보기술 및 컴퓨터운영 관련 서비스업
KSIC,11,4,6311,"자료처리, 호스팅 및 관련 서비스업",6311,"자료 처리, 호스팅 및 관련 서비스업"
KSIC,11,4,6312,포털 및 기타 인터넷 정보매개 서비스업,6312,포털 및 기타 인터넷 정보매개 서비스업
KSIC,11,4,6391,뉴스 제공업,6391,뉴스 제공업
KSIC,11,4,6399,그 외 기타 정보 서비스업,6399,그 외 기타 정보 서비스업
KSIC,11,4,6411,중앙은행,6411,중앙은행
KSIC,11,4,6412,일반은행,6412,일반은행
KSIC,11,4,6413,신용조합 및 저축기관,6413,신용조합 및 저축기관
KSIC,11,4,6420,신탁업 및 집합투자업,6420,신탁업 및 집합투자업
KSIC,11,4,6491,여신금융업,6491,여신금융업
KSIC,11,4,6499,그 외 기타 금융업,6499,그 외 기타 금융업
KSIC,11,4,6511,생명 보험업,6511,생명 보험업
KSIC,11,4,6512,손해 및 보증 보험업,6512,손해 및 보증 보험업
KSIC,11,4,6520,재 보험업,6520,재 보험업
KSIC,11,4,6530,공제업,6530,연금 및 공제업
KSIC,11,4,6611,금융시장 관리업,6611,금융시장 관리업
KSIC,11,4,6612,증권 및 선물 중개업,6612,증권 및 선물 중개업
KSIC,11,4,6619,기타 금융 지원 서비스업,6619,기타 금융 지원 서비스업
KSIC,11,4,6620,보험 및 연금관련 서비스업,6620,보험 및 연금관련 서비스업
KSIC,11,4,6811,부동산 임대업,6811,부동산 임대업
KSIC,11,4,6812,부동산 개발 및 공급업,6812,부동산 개발 및 공급업
KSIC,11,4,6821,부동산 관리업,6821,부동산 관리업
KSIC,11,4,6822,"부동산 중개, 자문 및 감정평가업",6822,"부동산 중개, 자문 및 감정평가업"
KSIC,11,4,7011,자연과학 연구개발업,7011,자연과학 연구개발업
KSIC,11,4,7012,공학 연구개발업,7012,공학 연구개발업
KSIC,11,4,7013,자연과학 및 공학 융합 연구개발업 ,7013,자연과학 및 공학 융합 연구개발업 
KSIC,11,4,7020,인문 및 사회과학 연구개발업,7020,인문 및 사회과학 연구개발업
KSIC,11,4,7110,법무관련 서비스업,7110,법무관련 서비스업
KSIC,11,4,7120,회계 및 세무관련 서비스업,7120,회계 및 세무관련 서비스업
KSIC,11,4,7131,광고 대행업,7131,광고 대행업
KSIC,11,4,7139,기타 광고업,7139,기타 광고업
KSIC,11,4,7140,시장조사 및 여론조사업,7140,시장조사 및 여론조사업
KSIC,11,4,7151,회사 본부,7151,회사 본부
KSIC,11,4,7153,경영 컨설팅 및 공공 관계 서비스업,7153,경영 컨설팅 및 공공 관계 서비스업
KSIC,11,4,7160,기타 전문 서비스업,7160,기타 전문 서비스업
KSIC,11,4,7211,건축 및 조경 설계 서비스업,7211,건축 및 조경 설계 서비스업
KSIC,11,4,7212,엔지니어링 서비스업,7212,엔지니어링 서비스업
KSIC,11,4,7291,"기술 시험, 검사 및 분석업",7291,"기술 시험, 검사 및 분석업"
KSIC,11,4,7292,"측량, 지질조사 및 지도제작업",7292,"측량, 지질조사 및 지도제작업"
KSIC,11,4,7310,수의업,7310,수의업
KSIC,11,4,7320,전문 디자인업,7320,전문 디자인업
KSIC,11,4,7330,사진 촬영 및 처리업,7330,사진 촬영 및 처리업
KSIC,11,4,7390,"그 외 기타 전문, 과학 및 기술 서비스업",7390,"그 외 기타 전문, 과학 및 기술 서비스업"
KSIC,11,4,7410,사업시설 유지·관리 서비스업,7410,사업시설 유지·관리 서비스업
KSIC,11,4,7421,건물 및 산업설비 청소업,7421,건물 및 산업설비 청소업
KSIC,11,4,7422,"소독, 구충 및 방제 서비스업",7422,"소독, 구충 및 방제 서비스업"
KSIC,11,4,7430,조경 관리 및 유지 서비스업,7430,조경 관리 및 유지 서비스업
KSIC,11,4,7511,고용 알선업,7511,고용 알선업
KSIC,11,4,7512,인력 공급업,7512,인력 공급업
KSIC,11,4,7521,여행사업,7521,여행사업
KSIC,11,4,7529,기타 여행보조 및 예약 서비스업,7529,기타 여행보조 및 예약 서비스업
KSIC,11,4,7531,경비 및 경호 서비스업,7531,경비 및 경호 서비스업
KSIC,11,4,7532,보안시스템 서비스업,7532,보안시스템 서비스업
KSIC,11,4,7533,탐정 및 조사 서비스업,7533,탐정 및 조사 서비스업
KSIC,11,4,7591,사무지원 서비스업,7591,사무지원 서비스업
KSIC,11,4,7599,그 외 기타 사업지원 서비스업,7599,그 외 기타 사업지원 서비스업
KSIC,11,4,7611,자동차 임대업,7611,자동차 임대업
KSIC,11,4,7619,기타 운송장비 임대업,7619,기타 운송장비 임대업
KSIC,11,4,7621,스포츠 및 레크리에이션 용품 임대업,7621,스포츠 및 레크리에이션 용품 임대업
KSIC,11,4,7622,음반 및 비디오물 임대업,7622,음반 및 비디오물 임대업
KSIC,11,4,7629,기타 개인 및 가정용품 임대업,7629,기타 개인 및 가정용품 임대업
KSIC,11,4,7631,건설 및 토목공사용 기계·장비 임대업,7631,건설 및 토목공사용 기계·장비 임대업
KSIC,11,4,7632,컴퓨터 및 사무용 기계·장비 임대업,7632,컴퓨터 및 사무용 기계·장비 임대업
KSIC,11,4,7639,기타 산업용 기계 및 장비 임대업,7639,기타 산업용 기계 및 장비 임대업
KSIC,11,4,7640,무형재산권 임대업,7640,무형재산권 임대업
KSIC,11,4,8411,일반 공공 행정,8411,일반 공공 행정
KSIC,11,4,8412,정부기관 일반 보조 행정,8412,정부기관 일반 보조 행정
KSIC,11,4,8421,사회서비스 관리 행정,8421,사회서비스 관리 행정
KSIC,11,4,8422,노동 및 산업진흥 행정,8422,노동 및 산업진흥 행정
KSIC,11,4,8431,외무 행정,8431,외무 행정
KSIC,11,4,8432,국방 행정,8432,국방 행정
KSIC,11,4,8440,사법 및 공공질서 행정,8440,사법 및 공공질서 행정
KSIC,11,4,8450,사회보장 행정,8450,사회보장 행정
KSIC,11,4,8461,사회보장 보험업,6513,사회보장 보험업
KSIC,11,4,8462,연금업,6530,연금 및 공제업
KSIC,11,4,8511,유아 교육기관,8511,유아 교육기관
KSIC,11,4,8512,초등학교,8512,초등학교
KSIC,11,4,8521,일반 중등 교육기관,8521,일반 중등 교육기관
KSIC,11,4,8522,특성화 고등학교,8522,특성화 고등학교
KSIC,11,4,8530,고등 교육기관,8530,고등 교육기관
KSIC,11,4,8541,특수학교,8541,특수학교
KSIC,11,4,8542,외국인 학교,8542,외국인 학교
KSIC,11,4,8543,대안학교,8543,대안학교
KSIC,11,4,8550,일반 교습 학원,8550,일반 교습 학원
KSIC,11,4,8561,스포츠 및 레크리에이션 교육기관,8561,스포츠 및 레크리에이션 교육기관
KSIC,11,4,8562,예술학원,8562,예술학원
KSIC,11,4,8563,외국어학원 및 기타 교습학원,8563,외국어학원 및 기타 교습학원
KSIC,11,4,8564,사회교육시설,8564,사회교육시설
KSIC,11,4,8565,직원훈련기관,8565,직원훈련기관
KSIC,11,4,8566,기술 및 직업훈련학원,8566,기술 및 직업훈련학원
KSIC,11,4,8569,그 외 기타 교육기관,8569,그 외 기타 교육기관
KSIC,11,4,8570,교육지원 서비스업,8570,교육지원 서비스업
KSIC,11,4,8610,병원,8610,병원
KSIC,11,4,8620,의원,8620,의원
KSIC,11,4,8630,공중 보건 의료업,8630,공중 보건 의료업
KSIC,11,4,8690,기타 보건업,8690,기타 보건업
KSIC,11,4,8711,노인 거주 복지시설 운영업,8711,노인 거주 복지시설 운영업
KSIC,11,4,8712,심신장애인 거주 복지시설 운영업,8712,심신장애인 거주 복지시설 운영업
KSIC,11,4,8713,기타 거주 복지시설 운영업,8713,기타 거주 복지시설 운영업
KSIC,11,4,8721,보육시설 운영업,8721,보육시설 운영업
KSIC,11,4,8729,기타 비거주 복지 서비스업,8729,기타 비거주 복지 서비스업
KSIC,11,4,9011,공연시설 운영업,9011,공연시설 운영업
KSIC,11,4,9012,공연단체,9012,공연단체
KSIC,11,4,9013,자영 예술가,9013,자영 예술가
KSIC,11,4,9019,기타 창작 및 예술관련 서비스업,9019,기타 창작 및 예술관련 서비스업
KSIC,11,4,9021,"도서관, 기록보존소 및 독서실 운영업",9021,"도서관, 기록보존소 및 독서실 운영업"
KSIC,11,4,9022,박물관 및 사적지 관리 운영업,9022,박물관 및 사적지 관리 운영업
KSIC,11,4,9023,"식물원, 동물원 및 자연공원 운영업",9023,"식물원, 동물원 및 자연공원 운영업"
KSIC,11,4,9029,기타 유사 여가관련 서비스업,9029,기타 유사 여가관련 서비스업
KSIC,11,4,9111,경기장 운영업,9111,경기장 운영업
KSIC,11,4,9112,골프장 및 스키장 운영업,9112,골프장 및 스키장 운영업
KSIC,11,4,9113,기타 스포츠시설 운영업,9113,기타 스포츠시설 운영업
KSIC,11,4,9119,기타 스포츠 서비스업,9119,기타 스포츠 서비스업
KSIC,11,4,9121,유원지 및 테마파크 운영업,9121,유원지 및 테마파크 운영업
KSIC,11,4,9122,오락장 운영업,9122,오락장 운영업
KSIC,11,4,9123,수상오락 서비스업,9123,수상오락 서비스업
KSIC,11,4,9124,사행시설 관리 및 운영업,9124,사행시설 관리 및 운영업
KSIC,11,4,9129,그 외 기타 오락관련 서비스업,9129,그 외 기타 오락관련 서비스업
KSIC,11,4,9411,산업 단체,9411,산업 단체
KSIC,11,4,9412,전문가 단체,9412,전문가 단체
KSIC,11,4,9420,노동조합,9420,노동조합
KSIC,11,4,9491,종교 단체,9491,종교 단체
KSIC,11,4,9492,정치 단체,9492,정치 단체
KSIC,11,4,9493,시민운동 단체,9493,시민운동 단체
KSIC,11,4,9499,그 외 기타 협회 및 단체,9499,그 외 기타 협회 및 단체
KSIC,11,4,9511,컴퓨터 및 주변 기기 수리업,9511,컴퓨터 및 주변 기기 수리업
KSIC,11,4,9512,통신장비 수리업,9512,통신장비 수리업
KSIC,11,4,9521,자동차 수리 및 세차업,9521,자동차 수리 및 세차업
KSIC,11,4,9522,모터사이클 수리업,9522,모터사이클 수리업
KSIC,11,4,9531,가전제품 수리업,9531,가전제품 수리업
KSIC,11,4,9539,기타 개인 및 가정용품 수리업,9539,기타 개인 및 가정용품 수리업
KSIC,11,4,9611,이용 및 미용업,9611,이용 및 미용업
KSIC,11,4,9612,"욕탕, 마사지 및 기타 신체관리 서비스업",9612,"욕탕, 마사지 및 기타 신체관리 서비스업"
KSIC,11,4,9691,세탁업,9691,세탁업
KSIC,11,4,9692,장례식장 및 관련 서비스업,9692,장례식장 및 관련 서비스업
KSIC,11,4,9699,그 외 기타 분류 안된 개인 서비스업,9699,그 외 기타 분류 안된 개인 서비스업
KSIC,11,4,9700,가구 내 고용활동,9700,가구 내 고용활동
KSIC,11,4,9810,자가 소비를 위한 가사 생산 활동,9810,자가 소비를 위한 가사 생산 활동
KSIC,11,4,9820,자가 소비를 위한 가사 서비스 활동,9820,자가 소비를 위한 가사 서비스 활동
KSIC,11,4,9900,국제 및 외국기관,9900,국제 및 외국기관
KSIC,11,5,1110,곡물 및 기타 식량작물 재배업,1110,곡물 및 기타 식량작물 재배업
KSIC,11,5,1121,채소작물 재배업,1121,채소작물 재배업
KSIC,11,5,1122,화훼작물 재배업,1122,화훼작물 재배업
KSIC,11,5,1123,종자 및 묘목 생산업,1123,종자 및 묘목 생산업
KSIC,11,5,1131,과실작물 재배업,1131,과실작물 재배업
KSIC,11,5,1132,음료용 및 향신용 작물 재배업,1132,음료용 및 향신용 작물 재배업
KSIC,11,5,1140,기타 작물 재배업,1140,기타 작물 재배업
KSIC,11,5,1151,"채소, 화훼 및 과실작물 시설 재배업",1152,"채소, 화훼 및 과실작물 시설 재배업"
KSIC,11,5,1159,기타 시설작물 재배업,1159,기타 시설작물 재배업
KSIC,11,5,1159,기타 시설작물 재배업,1151,콩나물 재배업
KSIC,11,5,1211,젖소 사육업,1211,젖소 사육업
KSIC,11,5,1212,육우 사육업,1212,육우 사육업
KSIC,11,5,1220,양돈업,1220,양돈업
KSIC,11,5,1231,양계업,1231,양계업
KSIC,11,5,1239,기타 가금류 및 조류 사육업,1239,기타 가금류 및 조류 사육업
KSIC,11,5,1291,말 및 양 사육업,1291,말 및 양 사육업
KSIC,11,5,1299,그 외 기타 축산업,1299,그 외 기타 축산업
KSIC,11,5,1300,작물재배 및 축산 복합농업,1300,작물재배 및 축산 복합농업
KSIC,11,5,1411,작물재배 지원 서비스업,1411,작물재배 지원 서비스업
KSIC,11,5,1412,"농산물 건조, 선별 및 기타 수확 후 서비스업",1412,"농산물 건조, 선별 및 기타 수확 후 서비스업"
KSIC,11,5,1420,축산 관련 서비스업,1420,축산 관련 서비스업
KSIC,11,5,1500,수렵 및 관련 서비스업,1500,수렵 및 관련 서비스업
KSIC,11,5,2011,임업용 종묘 생산업,2011,임업용 종묘 생산업
KSIC,11,5,2012,육림업,2012,육림업
KSIC,11,5,2020,벌목업,2020,벌목업
KSIC,11,5,2030,임산물 채취업,2030,임산물 채취업
KSIC,11,5,2040,임업 관련 서비스업,2040,임업 관련 서비스업
KSIC,11,5,3111,원양 어업,3111,원양 어업
KSIC,11,5,3112,연근해 어업,3112,연근해 어업
KSIC,11,5,3120,내수면 어업,3120,내수면 어업
KSIC,11,5,3211,해수면 양식 어업,3211,해수면 양식 어업
KSIC,11,5,3212,내수면 양식 어업,3212,내수면 양식 어업
KSIC,11,5,3213,수산물 부화 및 수산종자 생산업,3213,수산물 부화 및 수산종자 생산업
KSIC,11,5,3220,어업 관련 서비스업,3220,어업 관련 서비스업
KSIC,11,5,5100,석탄 광업,5100,석탄 광업
KSIC,11,5,5200,원유 및 천연가스 채굴업,5200,원유 및 천연가스 채굴업
KSIC,11,5,6100,철 광업,6100,철 광업
KSIC,11,5,6200,비철금속 광업,6200,비철금속 광업
KSIC,11,5,7110,석회석 및 점토 광업,7110,석회석 및 점토 광업
KSIC,11,5,7121,건설용 석재 채굴 및 쇄석 생산업,7121,건설용 석재 채굴 및 쇄석 생산업
KSIC,11,5,7122,모래 및 자갈 채취업,7122,모래 및 자갈 채취업
KSIC,11,5,7210,화학용 및 비료원료용 광물 광업,7210,화학용 및 비료원료용 광물 광업
KSIC,11,5,7220,천일염 생산 및 암염 채취업,7220,천일염 생산 및 암염 채취업
KSIC,11,5,7290,그 외 기타 비금속광물 광업,7290,그 외 기타 비금속광물 광업
KSIC,11,5,8000,광업 지원 서비스업,8000,광업 지원 서비스업
KSIC,11,5,10111,육류 도축업(가금류 제외),10111,육류 도축업(가금류 제외)
KSIC,11,5,10112,가금류 도축업,10112,가금류 도축업
KSIC,11,5,10121,가금류 가공 및 저장 처리업,10121,가금류 가공 및 저장 처리업
KSIC,11,5,10122,육류 포장육 및 냉동육 가공업 (가금류 제외),10122,육류 포장육 및 냉동육 가공업 (가금류 제외)
KSIC,11,5,10129,육류 기타 가공 및 저장처리업 (가금류 제외),10129,육류 기타 가공 및 저장처리업 (가금류 제외)
KSIC,11,5,10211,"수산동물 훈제, 조리 및 유사 조제식품 제조업",10211,"수산동물 훈제, 조리 및 유사 조제식품 제조업"
KSIC,11,5,10212,수산동물 건조 및 염장품 제조업,10212,수산동물 건조 및 염장품 제조업
KSIC,11,5,10213,수산동물 냉동품 제조업,10213,수산동물 냉동품 제조업
KSIC,11,5,10219,기타 수산동물 가공 및 저장 처리업,10219,기타 수산동물 가공 및 저장 처리업
KSIC,11,5,10220,수산식물 가공 및 저장 처리업,10220,수산식물 가공 및 저장 처리업
KSIC,11,5,10301,김치류 제조업,10301,김치류 제조업
KSIC,11,5,10302,과실 및 그 외 채소 절임식품 제조업,10302,과실 및 그 외 채소 절임식품 제조업
KSIC,11,5,10309,기타 과실ㆍ채소 가공 및 저장 처리업,10309,기타 과실ㆍ채소 가공 및 저장 처리업
KSIC,11,5,10411,동물성 유지 제조업,10401,동물성 유지 제조업
KSIC,11,5,10412,식물성 유지 제조업,10402,식물성 유지 제조업
KSIC,11,5,10413,식용 정제유 및 가공유 제조업,10403,식용 정제유 및 가공유 제조업
KSIC,11,5,10421,액상시유 및 기타 낙농제품 제조업,10501,액상시유 및 기타 낙농제품 제조업
KSIC,11,5,10422,아이스크림 및 기타 식용빙과류 제조업,10502,아이스크림 및 기타 식용빙과류 제조업
KSIC,11,5,10511,곡물 도정업,10611,곡물 도정업
KSIC,11,5,10512,곡물 제분업,10612,곡물 제분업
KSIC,11,5,10513,곡물 혼합분말 및 반죽 제조업,10613,곡물 혼합분말 및 반죽 제조업
KSIC,11,5,10519,기타 곡물 가공품 제조업,10619,기타 곡물 가공품 제조업
KSIC,11,5,10520,전분제품 및 당류 제조업,10620,전분제품 및 당류 제조업
KSIC,11,5,10601,떡류 제조업,10711,떡류 제조업
KSIC,11,5,10602,빵류 제조업,10712,빵류 제조업
KSIC,11,5,10603,과자류 및 코코아 제품 제조업,10713,과자류 및 코코아 제품 제조업
KSIC,11,5,10701,도시락류 제조업,10751,도시락류 제조업
KSIC,11,5,10709,기타 식사용 가공처리 조리식품 제조업,10759,기타 식사용 가공처리 조리식품 제조업
KSIC,11,5,10810,설탕 제조업,10720,설탕 제조업
KSIC,11,5,10820,"면류, 마카로니 및 유사식품 제조업",10730,"면류, 마카로니 및 유사식품 제조업"
KSIC,11,5,10831,"식초, 발효 및 화학 조미료 제조업",10741,"식초, 발효 및 화학 조미료 제조업"
KSIC,11,5,10832,천연 및 혼합조제 조미료 제조업,10742,천연 및 혼합조제 조미료 제조업
KSIC,11,5,10833,장류 제조업,10743,장류 제조업
KSIC,11,5,10839,기타 식품 첨가물 제조업,10749,기타 식품 첨가물 제조업
KSIC,11,5,10891,커피 가공업,10791,커피 가공업
KSIC,11,5,10892,차류 가공업,10792,차류 가공업
KSIC,11,5,10893,수프 및 균질화식품 제조업,10793,수프 및 균질화식품 제조업
KSIC,11,5,10894,두부 및 유사식품 제조업,10794,두부 및 유사식품 제조업
KSIC,11,5,10895,인삼식품 제조업,10795,인삼식품 제조업
KSIC,11,5,10896,건강보조용 액화식품 제조업,10796,건강보조용 액화식품 제조업
KSIC,11,5,10897,건강기능식품 제조업,10797,건강기능식품 제조업
KSIC,11,5,10899,그 외 기타 식료품 제조업,10799,그 외 기타 식료품 제조업
KSIC,11,5,10901,반려동물용 사료 제조업,10801,배합 사료 제조업
KSIC,11,5,10901,반려동물용 사료 제조업,10802,단미 사료 및 기타 사료 제조업
KSIC,11,5,10902,배합 사료 제조업,10801,배합 사료 제조업
KSIC,11,5,10903,단미 사료 및 기타 사료 제조업,10802,단미 사료 및 기타 사료 제조업
KSIC,11,5,11111,탁주 및 약주 제조업,11111,탁주 및 약주 제조업
KSIC,11,5,11112,맥아 및 맥주 제조업,11112,맥아 및 맥주 제조업
KSIC,11,5,11119,기타 발효주 제조업,11119,기타 발효주 제조업
KSIC,11,5,11121,주정 제조업,11121,주정 제조업
KSIC,11,5,11122,소주 제조업,11122,소주 제조업
KSIC,11,5,11129,기타 증류주 및 합성주 제조업,11129,기타 증류주 및 합성주 제조업
KSIC,11,5,11201,얼음 제조업,11201,얼음 제조업
KSIC,11,5,11202,생수 생산업,11202,생수 생산업
KSIC,11,5,11209,기타 비알코올 음료 제조업,11209,기타 비알코올 음료 제조업
KSIC,11,5,12000,담배제품 제조업,12000,담배제품 제조업
KSIC,11,5,13101,면 방적업,13101,면 방적업
KSIC,11,5,13102,모 방적업,13102,모 방적업
KSIC,11,5,13103,화학섬유 방적업,13103,화학섬유 방적업
KSIC,11,5,13104,연사 및 가공사 제조업,13104,연사 및 가공사 제조업
KSIC,11,5,13109,기타 방적업,13109,기타 방적업
KSIC,11,5,13211,면직물 직조업,13211,면직물 직조업
KSIC,11,5,13212,모직물 직조업,13212,모직물 직조업
KSIC,11,5,13213,화학섬유직물 직조업,13213,화학섬유직물 직조업
KSIC,11,5,13219,특수 직물 및 기타 직물 직조업,13219,특수 직물 및 기타 직물 직조업
KSIC,11,5,13221,침구 및 관련제품 제조업,13221,침구 및 관련제품 제조업
KSIC,11,5,13222,자수제품 및 자수용재료 제조업,13222,자수제품 및 자수용재료 제조업
KSIC,11,5,13223,커튼 및 유사제품 제조업,13223,커튼 및 유사제품 제조업
KSIC,11,5,13224,"천막, 텐트 및 유사 제품 제조업",13224,"천막, 텐트 및 유사 제품 제조업"
KSIC,11,5,13225,직물포대 제조업,13225,직물포대 제조업
KSIC,11,5,13229,기타 직물제품 제조업,13229,기타 직물제품 제조업
KSIC,11,5,13300,편조원단 제조업,13300,편조원단 제조업
KSIC,11,5,13401,솜 및 실 염색가공업,13401,솜 및 실 염색가공업
KSIC,11,5,13402,"직물, 편조원단 및 의복류 염색 가공업",13402,"직물, 편조원단 및 의복류 염색 가공업"
KSIC,11,5,13403,날염 가공업,13403,날염 가공업
KSIC,11,5,13409,섬유제품 기타 정리 및 마무리 가공업,13409,섬유제품 기타 정리 및 마무리 가공업
KSIC,11,5,13910,"카펫, 마루덮개 및 유사제품 제조업",13910,"카펫, 마루덮개 및 유사제품 제조업"
KSIC,11,5,13921,끈 및 로프 제조업,13921,끈 및 로프 제조업
KSIC,11,5,13922,어망 및 기타 끈 가공품 제조업,13922,어망 및 기타 끈 가공품 제조업
KSIC,11,5,13991,세폭직물 제조업,13991,세폭직물 제조업
KSIC,11,5,13992,부직포 및 펠트 제조업,13992,부직포 및 펠트 제조업
KSIC,11,5,13993,특수사 및 코드직물 제조업,13993,특수사 및 코드직물 제조업
KSIC,11,5,13994,표면처리 및 적층 직물 제조업,13994,표면처리 및 적층 직물 제조업
KSIC,11,5,13999,그 외 기타 분류 안된 섬유제품 제조업,13999,그 외 기타 분류 안된 섬유제품 제조업
KSIC,11,5,14111,남자용 겉옷 제조업,14111,남자용 겉옷 제조업
KSIC,11,5,14112,여자용 겉옷 제조업,14112,여자용 겉옷 제조업
KSIC,11,5,14120,속옷 및 잠옷 제조업,14120,속옷 및 잠옷 제조업
KSIC,11,5,14130,한복 제조업,14130,한복 제조업
KSIC,11,5,14191,셔츠 및 블라우스 제조업,14191,셔츠 및 블라우스 제조업
KSIC,11,5,14192,"근무복, 작업복 및 유사의복 제조업",14192,"근무복, 작업복 및 유사의복 제조업"
KSIC,11,5,14193,가죽의복 제조업,14193,가죽의복 제조업
KSIC,11,5,14194,유아용 의복 제조업,14194,유아용 의복 제조업
KSIC,11,5,14199,그 외 기타 봉제의복 제조업,14199,그 외 기타 봉제의복 제조업
KSIC,11,5,14200,모피제품 제조업,14200,모피제품 제조업
KSIC,11,5,14300,편조의복 제조업,14300,편조의복 제조업
KSIC,11,5,14411,스타킹 및 기타 양말 제조업,14411,스타킹 및 기타 양말 제조업
KSIC,11,5,14419,기타 편조의복 액세서리 제조업,14419,기타 편조의복 액세서리 제조업
KSIC,11,5,14491,모자 제조업,14491,모자 제조업
KSIC,11,5,14499,그 외 기타 의복액세서리 제조업,14499,그 외 기타 의복액세서리 제조업
KSIC,11,5,15110,모피 및 가죽 제조업,15110,모피 및 가죽 제조업
KSIC,11,5,15121,핸드백 및 지갑 제조업,15121,핸드백 및 지갑 제조업
KSIC,11,5,15129,가방 및 기타 보호용 케이스 제조업,15129,가방 및 기타 보호용 케이스 제조업
KSIC,11,5,15190,기타 가죽제품 제조업,15190,기타 가죽제품 제조업
KSIC,11,5,15211,구두류 제조업,15211,구두류 제조업
KSIC,11,5,15219,기타 신발 제조업,15219,기타 신발 제조업
KSIC,11,5,15220,신발 부분품 제조업,15220,신발 부분품 제조업
KSIC,11,5,16101,일반 제재업,16101,일반 제재업
KSIC,11,5,16102,표면 가공 목재 및 특정 목적용 제재목 제조업,16102,표면 가공 목재 및 특정 목적용 제재목 제조업
KSIC,11,5,16103,"목재 보존, 방부처리, 도장 및 유사 처리업",16103,"목재 보존, 방부처리, 도장 및 유사 처리업"
KSIC,11,5,16211,"박판, 합판 및 유사 적층판 제조업",16211,"박판, 합판 및 유사 적층판 제조업"
KSIC,11,5,16212,강화 및 재생 목재 제조업,16212,강화 및 재생 목재 제조업
KSIC,11,5,16221,목재문 및 관련제품 제조업,16221,목재문 및 관련제품 제조업
KSIC,11,5,16229,기타 건축용 나무제품 제조업,16229,기타 건축용 나무제품 제조업
KSIC,11,5,16231,목재 깔판류 및 기타 적재판 제조업,16231,목재 깔판류 및 기타 적재판 제조업
KSIC,11,5,16232,"목재 포장용 상자, 드럼 및 유사용기 제조업",16232,"목재 포장용 상자, 드럼 및 유사용기 제조업"
KSIC,11,5,16291,목재 도구 및 주방용 나무제품 제조업,16291,목재 도구 및 주방용 나무제품 제조업
KSIC,11,5,16292,장식용 목제품 제조업,16292,장식용 목제품 제조업
KSIC,11,5,16299,그 외 기타 나무제품 제조업,16299,그 외 기타 나무제품 제조업
KSIC,11,5,16300,코르크 및 조물제품 제조업,16300,코르크 및 조물제품 제조업
KSIC,11,5,17101,펄프 제조업,17110,펄프 제조업
KSIC,11,5,17102,신문용지 제조업,17121,신문용지 제조업
KSIC,11,5,17103,인쇄용 및 필기용 원지 제조업,17122,인쇄용 및 필기용 원지 제조업
KSIC,11,5,17104,골판지 원지 제조업,17123,크라프트지 및 상자용 판지 제조업
KSIC,11,5,17105,크라프트지 및 기타 상자용 판지 제조업,17123,크라프트지 및 상자용 판지 제조업
KSIC,11,5,17106,위생용 원지 제조업,17125,위생용 원지 제조업
KSIC,11,5,17109,기타 종이 및 판지 제조업,17129,기타 종이 및 판지 제조업
KSIC,11,5,17211,골판지 제조업,17211,골판지 제조업
KSIC,11,5,17212,골판지 상자 및 가공제품 제조업,17212,골판지 상자 및 가공제품 제조업
KSIC,11,5,17221,종이 포대 및 가방 제조업,17221,종이 포대 및 가방 제조업
KSIC,11,5,17222,판지 상자 및 용기 제조업,17222,판지 상자 및 용기 제조업
KSIC,11,5,17223,식품 위생용 종이 상자 및 용기 제조업,17223,식품 위생용 종이 상자 및 용기 제조업
KSIC,11,5,17229,기타 종이 상자 및 용기 제조업,17229,기타 종이 상자 및 용기 제조업
KSIC,11,5,17901,문구용 종이제품 제조업,17901,문구용 종이제품 제조업
KSIC,11,5,17902,위생용 종이제품 제조업,17902,위생용 종이제품 제조업
KSIC,11,5,17903,벽지 및 장판지 제조업,17903,벽지 및 장판지 제조업
KSIC,11,5,17904,"적층, 합성 및 특수표면처리 종이 제조업",17124,"적층, 합성 및 특수표면처리 종이 제조업"
KSIC,11,5,17909,그 외 기타 종이 및 판지 제품 제조업,17909,그 외 기타 종이 및 판지 제품 제조업
KSIC,11,5,18111,경 인쇄업,18111,경 인쇄업
KSIC,11,5,18112,스크린 인쇄업,18112,스크린 인쇄업
KSIC,11,5,18113,오프셋 인쇄업,18113,오프셋 인쇄업
KSIC,11,5,18119,기타 인쇄업,18119,기타 인쇄업
KSIC,11,5,18121,제판 및 조판업,18121,제판 및 조판업
KSIC,11,5,18122,제책업,18122,제책업
KSIC,11,5,18129,기타 인쇄관련 산업,18129,기타 인쇄관련 산업
KSIC,11,5,18200,기록매체 복제업,18200,기록매체 복제업
KSIC,11,5,19100,코크스 및 연탄 제조업,19101,코크스 및 관련제품 제조업
KSIC,11,5,19100,코크스 및 연탄 제조업,19102,연탄 및 기타 석탄 가공품 제조업
KSIC,11,5,19210,원유 정제처리업,19210,원유 정제처리업
KSIC,11,5,19221,윤활유 및 그리스 제조업,19221,윤활유 및 그리스 제조업
KSIC,11,5,19229,기타 석유정제물 재처리업,19229,기타 석유정제물 재처리업
KSIC,11,5,20111,석유화학계 기초 화학물질 제조업,20111,석유화학계 기초 화학물질 제조업
KSIC,11,5,20112,바이오매스계 기초 화학물질 제조업,20112,천연수지 및 나무 화학물질 제조업
KSIC,11,5,20119,기타 기초 유기 화학물질 제조업,20119,석탄화학계 화합물 및 기타 기초 유기 화학물질 제조업
KSIC,11,5,20121,수소 제조업,20121,산업용 가스 제조업
KSIC,11,5,20122,"산소, 질소 및 기타 산업용 가스 제조업",20121,산업용 가스 제조업
KSIC,11,5,20129,기타 기초 무기 화학물질 제조업,20129,기타 기초 무기 화학물질 제조업
KSIC,11,5,20131,무기안료용 금속 산화물 및 관련 제품 제조업,20131,무기안료용 금속 산화물 및 관련 제품 제조업
KSIC,11,5,20132,"염료, 조제 무기안료, 유연제 및 기타 착색제 제조업",20132,"염료, 조제 무기안료, 유연제 및 기타 착색제 제조업"
KSIC,11,5,20201,합성고무 제조업,20201,합성고무 제조업
KSIC,11,5,20202,합성수지 및 기타 플라스틱 물질 제조업,20202,합성수지 및 기타 플라스틱 물질 제조업
KSIC,11,5,20203,혼성 및 재생 플라스틱 소재 물질 제조업,20203,혼성 및 재생 플라스틱 소재 물질 제조업
KSIC,11,5,20311,"질소화합물, 질소, 인산 및 칼리질 화학비료 제조업",20311,"질소화합물, 질소, 인산 및 칼리질 화학비료 제조업"
KSIC,11,5,20312,복합비료 및 기타 화학비료 제조업,20312,복합비료 및 기타 화학비료 제조업
KSIC,11,5,20313,유기질 비료 및 상토 제조업,20313,유기질 비료 및 상토 제조업
KSIC,11,5,20321,화학 살균·살충제 및 농업용 약제 제조업,20321,화학 살균·살충제 및 농업용 약제 제조업
KSIC,11,5,20322,생물 살균·살충제 및 식물보호제 제조업,20322,생물 살균·살충제 및 식물보호제 제조업
KSIC,11,5,20411,일반용 도료 및 관련제품 제조업,20411,일반용 도료 및 관련제품 제조업
KSIC,11,5,20412,요업용 도포제 및 관련제품 제조업,20412,요업용 도포제 및 관련제품 제조업
KSIC,11,5,20413,인쇄잉크 및 회화용 물감 제조업,20413,인쇄잉크 및 회화용 물감 제조업
KSIC,11,5,20421,계면활성제 제조업,20421,계면활성제 제조업
KSIC,11,5,20422,"치약, 비누 및 기타 세제 제조업",20422,"치약, 비누 및 기타 세제 제조업"
KSIC,11,5,20423,화장품 제조업,20423,화장품 제조업
KSIC,11,5,20424,표면광택제 및 실내가향제 제조업,20424,표면광택제 및 실내가향제 제조업
KSIC,11,5,20491,감광재료 및 관련 화학제품 제조업,20491,감광재료 및 관련 화학제품 제조업
KSIC,11,5,20492,가공 및 정제염 제조업,20492,가공 및 정제염 제조업
KSIC,11,5,20493,접착제 및 젤라틴 제조업,20493,접착제 및 젤라틴 제조업
KSIC,11,5,20494,화약 및 불꽃제품 제조업,20494,화약 및 불꽃제품 제조업
KSIC,11,5,20495,바이오 연료 및 혼합물 제조업,20495,바이오 연료 및 혼합물 제조업
KSIC,11,5,20499,그 외 기타 분류 안된 화학제품 제조업,20499,그 외 기타 분류 안된 화학제품 제조업
KSIC,11,5,20501,합성섬유 제조업,20501,합성섬유 제조업
KSIC,11,5,20502,재생섬유 제조업,20502,재생섬유 제조업
KSIC,11,5,21100,기초 의약 물질 제조업,21101,의약용 화합물 및 항생물질 제조업
KSIC,11,5,21100,기초 의약 물질 제조업,21102,생물학적 제제 제조업
KSIC,11,5,21211,생물 의약품 제조업,21210,완제 의약품 제조업
KSIC,11,5,21212,합성의약품 및 기타 완제 의약품 제조업,21210,완제 의약품 제조업
KSIC,11,5,21220,한의약품 제조업,21220,한의약품 제조업
KSIC,11,5,21230,동물용 의약품 제조업,21230,동물용 의약품 제조업
KSIC,11,5,21301,제외 진단 시약 제조업,21102,생물학적 제제 제조업
KSIC,11,5,21301,제외 진단 시약 제조업,20499,그 외 기타 분류 안된 화학제품 제조업
KSIC,11,5,21301,제외 진단 시약 제조업,21300,의료용품 및 기타 의약 관련제품 제조업
KSIC,11,5,21309,그 외 기타 의료용품 및 의약 관련제품 제조업,21300,의료용품 및 기타 의약 관련제품 제조업
KSIC,11,5,22110,고무 타이어 및 튜브 제조업,22111,타이어 및 튜브 제조업
KSIC,11,5,22110,고무 타이어 및 튜브 제조업,22112,타이어 재생업
KSIC,11,5,22191,고무패킹류 제조업,22191,고무패킹류 제조업
KSIC,11,5,22192,산업용 그 외 비경화 고무제품 제조업,22192,산업용 그 외 비경화 고무제품 제조업
KSIC,11,5,22193,고무 의류 및 기타 위생용 비경화 고무제품 제조업,22193,고무 의류 및 기타 위생용 비경화 고무제품 제조업
KSIC,11,5,22199,그 외 기타 고무제품 제조업,22199,그 외 기타 고무제품 제조업
KSIC,11,5,22211,"플라스틱 선, 봉, 관 및 호스 제조업",22211,"플라스틱 선, 봉, 관 및 호스 제조업"
KSIC,11,5,22212,플라스틱 필름 제조업,22212,플라스틱 필름 제조업
KSIC,11,5,22213,플라스틱 시트 및 판 제조업,22213,플라스틱 시트 및 판 제조업
KSIC,11,5,22214,플라스틱 합성피혁 제조업,22214,플라스틱 합성피혁 제조업
KSIC,11,5,22221,벽 및 바닥 피복용 플라스틱제품 제조업,22221,벽 및 바닥 피복용 플라스틱제품 제조업
KSIC,11,5,22222,설치용 및 위생용 플라스틱제품 제조업,22222,설치용 및 위생용 플라스틱제품 제조업
KSIC,11,5,22223,플라스틱 창호 제조업,22223,플라스틱 창호 제조업
KSIC,11,5,22229,기타 건축용 플라스틱 조립제품 제조업,22229,기타 건축용 플라스틱 조립제품 제조업
KSIC,11,5,22231,"플라스틱 포대, 봉투 및 유사제품 제조업",22231,"플라스틱 포대, 봉투 및 유사제품 제조업"
KSIC,11,5,22232,포장용 플라스틱 성형용기 제조업,22232,포장용 플라스틱 성형용기 제조업
KSIC,11,5,22241,운송장비 조립용 플라스틱제품 제조업,22241,운송장비 조립용 플라스틱제품 제조업
KSIC,11,5,22249,기타 기계·장비 조립용 플라스틱 제품 제조업,22249,기타 기계·장비 조립용 플라스틱 제품 제조업
KSIC,11,5,22251,폴리스티렌 발포 성형제품 제조업,22251,폴리스티렌 발포 성형제품 제조업
KSIC,11,5,22259,기타 플라스틱 발포 성형제품 제조업,22259,기타 플라스틱 발포 성형제품 제조업
KSIC,11,5,22291,플라스틱 접착처리 제품 제조업,22291,플라스틱 접착처리 제품 제조업
KSIC,11,5,22292,"플라스틱 적층, 도포 및 기타 표면처리 제품 제조업",22292,"플라스틱 적층, 도포 및 기타 표면처리 제품 제조업"
KSIC,11,5,22299,그 외 기타 플라스틱 제품 제조업,22299,그 외 기타 플라스틱 제품 제조업
KSIC,11,5,23111,판유리 제조업,23111,판유리 제조업
KSIC,11,5,23112,안전유리 제조업,23112,안전유리 제조업
KSIC,11,5,23119,기타 판유리 가공품 제조업,23119,기타 판유리 가공품 제조업
KSIC,11,5,23121,"1차 유리제품, 유리섬유 및 광학용 유리 제조업",23121,"1차 유리제품, 유리섬유 및 광학용 유리 제조업"
KSIC,11,5,23122,디스플레이 장치용 유리 제조업,23122,디스플레이 장치용 유리 제조업
KSIC,11,5,23129,기타 산업용 유리제품 제조업,23129,기타 산업용 유리제품 제조업
KSIC,11,5,23191,가정용 유리제품 제조업,23191,가정용 유리제품 제조업
KSIC,11,5,23192,포장용 유리용기 제조업,23192,포장용 유리용기 제조업
KSIC,11,5,23199,그 외 기타 유리제품 제조업,23199,그 외 기타 유리제품 제조업
KSIC,11,5,23211,정형 내화 요업제품 제조업,23211,정형 내화 요업제품 제조업
KSIC,11,5,23212,부정형 내화 요업제품 제조업,23212,부정형 내화 요업제품 제조업
KSIC,11,5,23221,가정용 및 장식용 도자기 제조업,23221,가정용 및 장식용 도자기 제조업
KSIC,11,5,23222,위생용 및 산업용 도자기 제조업,23222,위생용 및 산업용 도자기 제조업
KSIC,11,5,23229,기타 일반 도자기 제조업,23229,기타 일반 도자기 제조업
KSIC,11,5,23231,"점토 벽돌, 블록 및 유사 비내화 요업제품 제조업",23231,"점토 벽돌, 블록 및 유사 비내화 요업제품 제조업"
KSIC,11,5,23232,타일 및 유사 비내화 요업제품 제조업,23232,타일 및 유사 비내화 요업제품 제조업
KSIC,11,5,23239,기타 건축용 비내화 요업제품 제조업,23239,기타 건축용 비내화 요업제품 제조업
KSIC,11,5,23311,시멘트 제조업,23311,시멘트 제조업
KSIC,11,5,23312,석회 및 플라스터 제조업,23312,석회 및 플라스터 제조업
KSIC,11,5,23321,비내화 모르타르 제조업,23321,비내화 모르타르 제조업
KSIC,11,5,23322,레미콘 제조업,23322,레미콘 제조업
KSIC,11,5,23323,플라스터 혼합제품 제조업,23323,플라스터 혼합제품 제조업
KSIC,11,5,23324,"콘크리트 타일, 기와, 벽돌 및 블록 제조업",23324,"콘크리트 타일, 기와, 벽돌 및 블록 제조업"
KSIC,11,5,23325,콘크리트 관 및 기타 구조용 콘크리트 제품 제조업,23325,콘크리트 관 및 기타 구조용 콘크리트 제품 제조업
KSIC,11,5,23326,인조대리석 제품 제조업,23324,"콘크리트 타일, 기와, 벽돌 및 블록 제조업"
KSIC,11,5,23326,인조대리석 제품 제조업,23325,콘크리트 관 및 기타 구조용 콘크리트 제품 제조업
KSIC,11,5,23329,그 외 기타 콘크리트 제품 및 유사제품 제조업,23329,그 외 기타 콘크리트 제품 및 유사제품 제조업
KSIC,11,5,23911,건설용 석제품 제조업,23911,건설용 석제품 제조업
KSIC,11,5,23919,기타 석제품 제조업,23919,기타 석제품 제조업
KSIC,11,5,23991,아스팔트 콘크리트 및 혼합제품 제조업,23991,아스팔트 콘크리트 및 혼합제품 제조업
KSIC,11,5,23992,연마재 제조업,23992,연마재 제조업
KSIC,11,5,23993,비금속광물 분쇄물 생산업,23993,비금속광물 분쇄물 생산업
KSIC,11,5,23994,암면 및 유사제품 제조업,23994,암면 및 유사제품 제조업
KSIC,11,5,23995,탄소섬유 제조업,23995,탄소섬유 제조업
KSIC,11,5,23999,그 외 기타 분류 안된 비금속 광물제품 제조업,23999,그 외 기타 분류 안된 비금속 광물제품 제조업
KSIC,11,5,24111,제철업,24111,제철업
KSIC,11,5,24112,제강업,24112,제강업
KSIC,11,5,24113,합금철 제조업,24113,합금철 제조업
KSIC,11,5,24119,기타 제철 및 제강업,24119,기타 제철 및 제강업
KSIC,11,5,24121,열간 압연 및 압출 제품 제조업,24121,열간 압연 및 압출 제품 제조업
KSIC,11,5,24122,냉간 압연 및 압출 제품 제조업,24122,냉간 압연 및 압출 제품 제조업
KSIC,11,5,24123,철강선 제조업,24123,철강선 제조업
KSIC,11,5,24131,주철관 제조업,24131,주철관 제조업
KSIC,11,5,24132,강관 제조업,24132,강관 제조업
KSIC,11,5,24133,강관 가공품 및 관 연결구류 제조업,24133,강관 가공품 및 관 연결구류 제조업
KSIC,11,5,24191,"도금, 착색 및 기타 표면처리강재 제조업",24191,"도금, 착색 및 기타 표면처리강재 제조업"
KSIC,11,5,24199,그 외 기타 1차 철강 제조업,24199,그 외 기타 1차 철강 제조업
KSIC,11,5,24211,"동 제련, 정련 및 합금 제조업",24211,"동 제련, 정련 및 합금 제조업"
KSIC,11,5,24212,"알루미늄 제련, 정련 및 합금 제조업",24212,"알루미늄 제련, 정련 및 합금 제조업"
KSIC,11,5,24213,"연 및 아연 제련, 정련 및 합금 제조업",24213,"연 및 아연 제련, 정련 및 합금 제조업"
KSIC,11,5,24219,"기타 비철금속 제련, 정련 및 합금 제조업",24219,"기타 비철금속 제련, 정련 및 합금 제조업"
KSIC,11,5,24221,"동 압연, 압출 및 연신제품 제조업",24221,"동 압연, 압출 및 연신제품 제조업"
KSIC,11,5,24222,"알루미늄 압연, 압출 및 연신제품 제조업",24222,"알루미늄 압연, 압출 및 연신제품 제조업"
KSIC,11,5,24229,"기타 비철금속 압연, 압출 및 연신 제품 제조업",24229,"기타 비철금속 압연, 압출 및 연신 제품 제조업"
KSIC,11,5,24290,기타 1차 비철금속 제조업,24290,기타 1차 비철금속 제조업
KSIC,11,5,24311,선철주물 주조업,24311,선철주물 주조업
KSIC,11,5,24312,강주물 주조업,24312,강주물 주조업
KSIC,11,5,24321,알루미늄주물 주조업,24321,알루미늄주물 주조업
KSIC,11,5,24329,기타 비철금속 주조업,24322,동주물 주조업
KSIC,11,5,24329,기타 비철금속 주조업,24329,기타 비철금속 주조업
KSIC,11,5,25111,"금속 문, 창, 셔터 및 관련제품 제조업",25111,"금속 문, 창, 셔터 및 관련제품 제조업"
KSIC,11,5,25112,구조용 금속 판제품 및 공작물 제조업,25112,구조용 금속 판제품 및 공작물 제조업
KSIC,11,5,25113,육상 금속 골조 구조재 제조업,25113,육상 금속 골조 구조재 제조업
KSIC,11,5,25114,수상 금속 골조 구조재 제조업,25114,수상 금속 골조 구조재 제조업
KSIC,11,5,25119,기타 구조용 금속제품 제조업,25119,기타 구조용 금속제품 제조업
KSIC,11,5,25121,산업용 난방보일러 및 방열기 제조업,25121,산업용 난방보일러 및 방열기 제조업
KSIC,11,5,25122,금속탱크 및 저장용기 제조업,25122,금속탱크 및 저장용기 제조업
KSIC,11,5,25123,압축 및 액화 가스용기 제조업,25123,압축 및 액화 가스용기 제조업
KSIC,11,5,25130,핵반응기 및 증기보일러 제조업,25130,핵반응기 및 증기보일러 제조업
KSIC,11,5,25200,무기 및 총포탄 제조업,25200,무기 및 총포탄 제조업
KSIC,11,5,25911,분말 야금제품 제조업,25911,분말 야금제품 제조업
KSIC,11,5,25912,금속 단조제품 제조업,25912,금속 단조제품 제조업
KSIC,11,5,25913,자동차용 금속 압형제품 제조업,25913,자동차용 금속 압형제품 제조업
KSIC,11,5,25914,그 외 금속 압형제품 제조업,25914,그 외 금속 압형제품 제조업
KSIC,11,5,25921,금속 열처리업,25921,금속 열처리업
KSIC,11,5,25922,도금업,25922,도금업
KSIC,11,5,25923,도장 및 기타 피막처리업,25923,도장 및 기타 피막처리업
KSIC,11,5,25924,절삭가공 및 유사처리업,25924,절삭가공 및 유사처리업
KSIC,11,5,25929,그 외 기타 금속가공업,25929,그 외 기타 금속가공업
KSIC,11,5,25931,날붙이 제조업,25931,날붙이 제조업
KSIC,11,5,25932,일반철물 제조업,25932,일반철물 제조업
KSIC,11,5,25933,비동력식 수공구 제조업,25933,비동력식 수공구 제조업
KSIC,11,5,25934,톱 및 호환성 공구 제조업,25934,톱 및 호환성 공구 제조업
KSIC,11,5,25941,볼트 및 너트류 제조업,25941,볼트 및 너트류 제조업
KSIC,11,5,25942,그 외 금속파스너 및 나사제품 제조업,25942,그 외 금속파스너 및 나사제품 제조업
KSIC,11,5,25943,금속 스프링 제조업,25943,금속 스프링 제조업
KSIC,11,5,25944,금속선 가공제품 제조업,25944,금속선 가공제품 제조업
KSIC,11,5,25991,금속 캔 및 기타 포장용기 제조업,25991,금속 캔 및 기타 포장용기 제조업
KSIC,11,5,25992,수동식 식품 가공기기 및 금속 주방용기 제조업,25992,수동식 식품 가공기기 및 금속 주방용기 제조업
KSIC,11,5,25993,금속 위생용품 제조업,25993,금속 위생용품 제조업
KSIC,11,5,25994,금속 표시판 제조업,25994,금속 표시판 제조업
KSIC,11,5,25995,피복 및 충전 용접봉 제조업,25995,피복 및 충전 용접봉 제조업
KSIC,11,5,25999,그 외 기타 분류 안된 금속 가공 제품 제조업,25999,그 외 기타 분류 안된 금속 가공 제품 제조업
KSIC,11,5,26111,메모리용 전자집적회로 제조업,26111,메모리용 전자집적회로 제조업
KSIC,11,5,26112,비메모리용 및 기타 전자집적회로 제조업,26112,비메모리용 및 기타 전자집적회로 제조업
KSIC,11,5,26121,발광 다이오드 제조업,26121,발광 다이오드 제조업
KSIC,11,5,26129,기타 반도체소자 제조업,26129,기타 반도체소자 제조업
KSIC,11,5,26211,액정 표시장치 제조업,26211,액정 표시장치 제조업
KSIC,11,5,26212,유기발광 표시장치 제조업,26212,유기발광 표시장치 제조업
KSIC,11,5,26219,기타 표시장치 제조업,26219,기타 표시장치 제조업
KSIC,11,5,26221,인쇄회로기판용 적층판 제조업,26221,인쇄회로기판용 적층판 제조업
KSIC,11,5,26222,경성 인쇄회로기판 제조업,26222,경성 인쇄회로기판 제조업
KSIC,11,5,26223,연성 및 기타 인쇄회로기판 제조업,26223,연성 및 기타 인쇄회로기판 제조업
KSIC,11,5,26224,전자부품 실장기판 제조업,26224,전자부품 실장기판 제조업
KSIC,11,5,26291,전자축전기 제조업,26291,전자축전기 제조업
KSIC,11,5,26292,전자저항기 및 전자카드 제조업,26292,전자저항기 제조업
KSIC,11,5,26292,전자저항기 및 전자카드 제조업,26293,전자카드 제조업
KSIC,11,5,26293,"전자코일, 변성기 및 기타 전자 유도자 제조업",26294,"전자코일, 변성기 및 기타 전자 유도자 제조업"
KSIC,11,5,26294,전자감지장치 제조업,26295,전자감지장치 제조업
KSIC,11,5,26299,그 외 기타 전자부품 제조업,26299,그 외 기타 전자부품 제조업
KSIC,11,5,26310,컴퓨터 제조업,26310,컴퓨터 제조업
KSIC,11,5,26321,기억장치 제조업,26321,기억장치 제조업
KSIC,11,5,26322,컴퓨터 모니터 제조업,26322,컴퓨터 모니터 제조업
KSIC,11,5,26323,컴퓨터 프린터 제조업,26323,컴퓨터 프린터 제조업
KSIC,11,5,26329,기타 주변기기 제조업,26329,기타 주변기기 제조업
KSIC,11,5,26410,유선 통신장비 제조업,26410,유선 통신장비 제조업
KSIC,11,5,26421,방송장비 제조업,26421,방송장비 제조업
KSIC,11,5,26422,이동전화기 제조업,26422,이동전화기 제조업
KSIC,11,5,26429,기타 무선 통신장비 제조업,26429,기타 무선 통신장비 제조업
KSIC,11,5,26511,텔레비전 제조업,26511,텔레비전 제조업
KSIC,11,5,26519,비디오 및 기타 영상기기 제조업,26519,비디오 및 기타 영상기기 제조업
KSIC,11,5,26521,"라디오, 녹음 및 재생 기기 제조업",26521,"라디오, 녹음 및 재생 기기 제조업"
KSIC,11,5,26529,기타 음향기기 제조업,26529,기타 음향기기 제조업
KSIC,11,5,26600,마그네틱 및 광학 매체 제조업,26600,마그네틱 및 광학 매체 제조업
KSIC,11,5,27111,방사선 장치 제조업,27111,방사선 장치 제조업
KSIC,11,5,27112,전기식 진단 및 요법 기기 제조업,27112,전기식 진단 및 요법 기기 제조업
KSIC,11,5,27191,치과용 기기 제조업,27191,치과용 기기 제조업
KSIC,11,5,27192,치과기공물 제조업,27192,정형외과용 및 신체보정용 기기 제조업
KSIC,11,5,27193,치과용 임플란트 제조업,27192,정형외과용 및 신체보정용 기기 제조업
KSIC,11,5,27194,정형외과용 및 신체보정용 기기 제조업,27192,정형외과용 및 신체보정용 기기 제조업
KSIC,11,5,27195,안경 및 안경렌즈 제조업,27193,안경 및 안경렌즈 제조업
KSIC,11,5,27196,의료용 가구 제조업,27194,의료용 가구 제조업
KSIC,11,5,27199,그 외 기타 의료용 기기 제조업,27199,그 외 기타 의료용 기기 제조업
KSIC,11,5,27211,"레이더, 항행용 무선기기 및 측량기구 제조업",27211,"레이더, 항행용 무선기기 및 측량기구 제조업"
KSIC,11,5,27212,"전자기 측정, 시험 및 분석기구 제조업",27212,"전자기 측정, 시험 및 분석기구 제조업"
KSIC,11,5,27213,"물질 검사, 측정 및 분석기구 제조업",27213,"물질 검사, 측정 및 분석기구 제조업"
KSIC,11,5,27214,속도계 및 적산계기 제조업,27214,속도계 및 적산계기 제조업
KSIC,11,5,27215,기기용 자동측정 및 제어장치 제조업,27215,기기용 자동측정 및 제어장치 제조업
KSIC,11,5,27216,산업처리공정 제어장비 제조업,27216,산업처리공정 제어장비 제조업
KSIC,11,5,27219,"기타 측정, 시험, 항해, 제어 및 정밀기기 제조업",27219,"기타 측정, 시험, 항해, 제어 및 정밀기기 제조업"
KSIC,11,5,27220,시계 및 시계부품 제조업,27400,시계 및 시계부품 제조업
KSIC,11,5,27301,광학렌즈 및 광학요소 제조업,27301,광학렌즈 및 광학요소 제조업
KSIC,11,5,27309,기타 광학기기 및 사진기 제조업,27309,기타 광학기기 제조업
KSIC,11,5,27309,기타 광학기기 및 사진기 제조업,27302,"사진기, 영사기 및 관련 장비 제조업 "
KSIC,11,5,28111,전동기 및 발전기 제조업,28111,전동기 및 발전기 제조업
KSIC,11,5,28112,변압기 제조업,28112,변압기 제조업
KSIC,11,5,28113,에너지 저장장치 제조업,28114,에너지 저장장치 제조업
KSIC,11,5,28119,기타 전기 변환장치 제조업,28113,방전램프용 안정기 제조업
KSIC,11,5,28119,기타 전기 변환장치 제조업,28119,기타 전기 변환장치 제조업
KSIC,11,5,28121,"전기회로 개폐, 보호장치 제조업",28121,"전기회로 개폐, 보호장치 제조업"
KSIC,11,5,28122,전기회로 접속장치 제조업,28122,전기회로 접속장치 제조업
KSIC,11,5,28123,배전반 및 전기 자동제어반 제조업,28123,배전반 및 전기 자동제어반 제조업
KSIC,11,5,28201,일차전지 제조업,28201,일차전지 제조업
KSIC,11,5,28202,운송장비용 이차전지 제조업,28202,축전지 제조업
KSIC,11,5,28209,기타 이차전지 제조업,28202,축전지 제조업
KSIC,11,5,28301,광섬유 케이블 제조업,28301,광섬유 케이블 제조업
KSIC,11,5,28302,기타 절연선 및 케이블 제조업,28302,기타 절연선 및 케이블 제조업
KSIC,11,5,28303,절연 코드세트 및 기타 도체 제조업,28303,절연 코드세트 및 기타 도체 제조업
KSIC,11,5,28410,전구 및 램프 제조업,28410,전구 및 램프 제조업
KSIC,11,5,28421,운송장비용 조명장치 제조업,28421,운송장비용 조명장치 제조업
KSIC,11,5,28422,일반용 전기 조명장치 제조업,28422,일반용 전기 조명장치 제조업
KSIC,11,5,28423,전시 및 광고용 조명장치 제조업,28423,전시 및 광고용 조명장치 제조업
KSIC,11,5,28429,기타 조명장치 제조업,28429,기타 조명장치 제조업
KSIC,11,5,28511,주방용 전기기기 제조업,28511,주방용 전기기기 제조업
KSIC,11,5,28512,가정용 전기 난방기기 제조업,28512,가정용 전기 난방기기 제조업
KSIC,11,5,28519,기타 가정용 전기기기 제조업,28519,기타 가정용 전기기기 제조업
KSIC,11,5,28520,가정용 비전기식 조리 및 난방 기구 제조업,28520,가정용 비전기식 조리 및 난방 기구 제조업
KSIC,11,5,28901,전기경보 및 신호장치 제조업,28901,전기경보 및 신호장치 제조업
KSIC,11,5,28902,전기용 탄소제품 및 절연제품 제조업,28902,전기용 탄소제품 및 절연제품 제조업
KSIC,11,5,28903,교통 신호장치 제조업,28903,교통 신호장치 제조업
KSIC,11,5,28909,그 외 기타 전기장비 제조업,28909,그 외 기타 전기장비 제조업
KSIC,11,5,29111,내연기관 제조업,29111,내연기관 제조업
KSIC,11,5,29119,기타 기관 및 터빈 제조업,29119,기타 기관 및 터빈 제조업
KSIC,11,5,29120,유압기기 제조업,29120,유압기기 제조업
KSIC,11,5,29131,액체 펌프 제조업,29131,액체 펌프 제조업
KSIC,11,5,29132,기체 펌프 및 압축기 제조업,29132,기체 펌프 및 압축기 제조업
KSIC,11,5,29133,"탭, 밸브 및 유사장치 제조업",29133,"탭, 밸브 및 유사장치 제조업"
KSIC,11,5,29141,구름베어링 제조업,29141,구름베어링 제조업
KSIC,11,5,29142,기어 및 동력전달장치 제조업,29142,기어 및 동력전달장치 제조업
KSIC,11,5,29150,"산업용 오븐, 노 및 노용 버너 제조업",29150,"산업용 오븐, 노 및 노용 버너 제조업"
KSIC,11,5,29161,산업용 트럭 및 적재기 제조업,29161,산업용 트럭 및 적재기 제조업
KSIC,11,5,29162,승강기 제조업,29162,승강기 제조업
KSIC,11,5,29163,컨베이어장치 제조업,29163,컨베이어장치 제조업
KSIC,11,5,29169,기타 물품 취급장비 제조업,29169,기타 물품 취급장비 제조업
KSIC,11,5,29171,산업용 냉장 및 냉동 장비 제조업,29171,산업용 냉장 및 냉동 장비 제조업
KSIC,11,5,29172,가정용 및 산업용 공기 조화장치 제조업,29172,공기 조화장치 제조업
KSIC,11,5,29173,운송장비용 공기 조화장치 제조업,29172,공기 조화장치 제조업
KSIC,11,5,29174,산업용 송풍기 및 배기장치 제조업,29173,산업용 송풍기 및 배기장치 제조업
KSIC,11,5,29175,기체 여과기 제조업,29174,기체 여과기 제조업
KSIC,11,5,29176,액체 여과기 제조업,29175,액체 여과기 제조업
KSIC,11,5,29177,"증류기, 열교환기 및 가스발생기 제조업",29176,"증류기, 열교환기 및 가스발생기 제조업"
KSIC,11,5,29180,사무용 기계 및 장비 제조업,29180,사무용 기계 및 장비 제조업
KSIC,11,5,29191,"용기 세척, 포장 및 충전기 제조업",29192,"용기 세척, 포장 및 충전기 제조업"
KSIC,11,5,29192,분사기 및 소화기 제조업,29193,분사기 및 소화기 제조업
KSIC,11,5,29193,동력식 수지공구 제조업,29194,동력식 수지공구 제조업
KSIC,11,5,29199,그 외 기타 일반목적용 기계 제조업,29191,일반저울 제조업
KSIC,11,5,29199,그 외 기타 일반목적용 기계 제조업,29199,그 외 기타 일반목적용 기계 제조업
KSIC,11,5,29210,농업 및 임업용 기계 제조업,29210,농업 및 임업용 기계 제조업
KSIC,11,5,29221,전자 응용 절삭기계 제조업,29221,전자 응용 절삭기계 제조업
KSIC,11,5,29222,디지털 적층 성형기계 제조업,29222,디지털 적층 성형기계 제조업
KSIC,11,5,29223,금속 절삭기계 제조업,29223,금속 절삭기계 제조업
KSIC,11,5,29224,금속 성형기계 제조업,29224,금속 성형기계 제조업
KSIC,11,5,29229,기타 가공 공작기계 제조업,29229,기타 가공 공작기계 제조업
KSIC,11,5,29230,금속 주조 및 기타 야금용 기계 제조업,29230,금속 주조 및 기타 야금용 기계 제조업
KSIC,11,5,29241,건설 및 채광용 기계장비 제조업,29241,건설 및 채광용 기계장비 제조업
KSIC,11,5,29242,광물처리 및 취급장비 제조업,29242,광물처리 및 취급장비 제조업
KSIC,11,5,29250,음ㆍ식료품 및 담배 가공기계 제조업,29250,음ㆍ식료품 및 담배 가공기계 제조업
KSIC,11,5,29261,"산업용 섬유 세척, 염색, 정리 및 가공 기계 제조업",29261,"산업용 섬유 세척, 염색, 정리 및 가공 기계 제조업"
KSIC,11,5,29269,"기타 섬유, 의복 및 가죽 가공 기계 제조업",29269,"기타 섬유, 의복 및 가죽 가공 기계 제조업"
KSIC,11,5,29271,반도체 제조용 기계 제조업,29271,반도체 제조용 기계 제조업
KSIC,11,5,29272,디스플레이 제조용 기계 제조업,29272,디스플레이 제조용 기계 제조업
KSIC,11,5,29280,산업용 로봇 제조업,29280,산업용 로봇 제조업
KSIC,11,5,29291,"고무, 화학섬유 및 플라스틱 성형기 제조업",29292,"고무, 화학섬유 및 플라스틱 성형기 제조업"
KSIC,11,5,29292,인쇄 및 제책용 기계 제조업,29293,인쇄 및 제책용 기계 제조업
KSIC,11,5,29293,주형 및 금형 제조업,29294,주형 및 금형 제조업
KSIC,11,5,29299,그 외 기타 특수목적용 기계 제조업,29291,펄프 및 종이 가공용 기계 제조업
KSIC,11,5,29299,그 외 기타 특수목적용 기계 제조업,29299,그 외 기타 특수목적용 기계 제조업
KSIC,11,5,30110,자동차용 엔진 제조업,30110,자동차용 엔진 제조업
KSIC,11,5,30121,내연기관 승용차 및 기타 여객용 자동차 제조업,30121,승용차 및 기타 여객용 자동차 제조업
KSIC,11,5,30122,전기 승용차 및 기타 여객용 전기 자동차 제조업,30121,승용차 및 기타 여객용 자동차 제조업
KSIC,11,5,30123,내연기관 화물자동차 및 특수목적용 자동차 제조업,30122,화물자동차 및 특수목적용 자동차 제조업
KSIC,11,5,30124,전기 화물자동차 및 특수목적용 전기 자동차 제조업,30122,화물자동차 및 특수목적용 자동차 제조업
KSIC,11,5,30201,차체 및 특장차 제조업,30201,차체 및 특장차 제조업
KSIC,11,5,30202,자동차 구조 및 장치 변경업 ,30202,자동차 구조 및 장치 변경업 
KSIC,11,5,30203,트레일러 및 세미트레일러 제조업,30203,트레일러 및 세미트레일러 제조업
KSIC,11,5,30310,자동차 엔진용 신품 부품 제조업,30310,자동차 엔진용 신품 부품 제조업
KSIC,11,5,30320,자동차 차체용 신품 부품 제조업,30320,자동차 차체용 신품 부품 제조업
KSIC,11,5,30331,자동차용 신품 동력전달장치 제조업,30331,자동차용 신품 동력전달장치 제조업
KSIC,11,5,30332,자동차용 신품 전기장치 제조업,30332,자동차용 신품 전기장치 제조업
KSIC,11,5,30391,자동차용 신품 조향장치 및 현가 장치 제조업,30391,자동차용 신품 조향장치 및 현가 장치 제조업
KSIC,11,5,30392,자동차용 신품 제동장치 제조업,30392,자동차용 신품 제동장치 제조업
KSIC,11,5,30393,자동차용 신품 의자 제조업,30393,자동차용 신품 의자 제조업
KSIC,11,5,30399,그 외 자동차용 신품 부품 제조업,30399,그 외 자동차용 신품 부품 제조업
KSIC,11,5,30400,자동차 재제조 부품 제조업,30400,자동차 재제조 부품 제조업
KSIC,11,5,31111,강선 건조업,31111,강선 건조업
KSIC,11,5,31112,합성수지선 건조업,31112,합성수지선 건조업
KSIC,11,5,31113,기타 선박 건조업,31113,기타 선박 건조업
KSIC,11,5,31114,선박 구성 부분품 제조업,31114,선박 구성 부분품 제조업
KSIC,11,5,31120,오락 및 스포츠용 보트 건조업,31120,오락 및 스포츠용 보트 건조업
KSIC,11,5,31201,기관차 및 기타 철도차량 제조업,31201,기관차 및 기타 철도차량 제조업
KSIC,11,5,31202,철도차량 부품 및 관련 장치물 제조업,31202,철도차량 부품 및 관련 장치물 제조업
KSIC,11,5,31311,"유인 항공기, 항공우주선 및 보조장치 제조업",31311,"유인 항공기, 항공우주선 및 보조장치 제조업"
KSIC,11,5,31312,무인 항공기 및 무인 비행장치 제조업,31312,무인 항공기 및 무인 비행장치 제조업
KSIC,11,5,31321,항공기용 엔진 제조업,31321,항공기용 엔진 제조업
KSIC,11,5,31322,항공기용 부품 제조업,31322,항공기용 부품 제조업
KSIC,11,5,31910,전투용 차량 제조업,31910,전투용 차량 제조업
KSIC,11,5,31921,모터사이클 제조업,31920,모터사이클 제조업
KSIC,11,5,31922,개인용 전기식 이동수단 제조업,31920,모터사이클 제조업
KSIC,11,5,31991,자전거 및 환자용 차량 제조업,31991,자전거 및 환자용 차량 제조업
KSIC,11,5,31999,그 외 기타 달리 분류되지 않은 운송장비 제조업,31999,그 외 기타 달리 분류되지 않은 운송장비 제조업
KSIC,11,5,32011,매트리스 및 침대 제조업,32011,매트리스 및 침대 제조업
KSIC,11,5,32019,소파 및 기타 내장가구 제조업,32019,소파 및 기타 내장가구 제조업
KSIC,11,5,32021,주방용 및 음식점용 목재가구 제조업,32021,주방용 및 음식점용 목재가구 제조업
KSIC,11,5,32029,기타 목재가구 제조업,32029,기타 목재가구 제조업
KSIC,11,5,32091,금속 가구 제조업,32091,금속 가구 제조업
KSIC,11,5,32099,그 외 기타 가구 제조업,32099,그 외 기타 가구 제조업
KSIC,11,5,33110,귀금속 및 관련제품 제조업,33110,귀금속 및 관련제품 제조업
KSIC,11,5,33120,모조 귀금속 및 모조 장신용품 제조업,33120,모조 귀금속 및 모조 장신용품 제조업
KSIC,11,5,33201,건반 악기 제조업,33201,건반 악기 제조업
KSIC,11,5,33209,기타 악기 및 전자 악기 제조업,33202,전자 악기 제조업
KSIC,11,5,33209,기타 악기 및 전자 악기 제조업,33209,기타 악기 제조업
KSIC,11,5,33301,"체조, 육상 및 체력단련용 장비 제조업",33301,"체조, 육상 및 체력단련용 장비 제조업"
KSIC,11,5,33302,놀이터용 장비 제조업,33302,놀이터용 장비 제조업
KSIC,11,5,33303,낚시 및 수렵용구 제조업,33303,낚시 및 수렵용구 제조업
KSIC,11,5,33309,기타 운동 및 경기용구 제조업,33309,기타 운동 및 경기용구 제조업
KSIC,11,5,33401,인형 및 장난감 제조업,33401,인형 및 장난감 제조업
KSIC,11,5,33402,영상게임기 제조업,33402,영상게임기 제조업
KSIC,11,5,33409,기타 오락용품 제조업,33409,기타 오락용품 제조업
KSIC,11,5,33910,간판 및 광고물 제조업,33910,간판 및 광고물 제조업
KSIC,11,5,33920,사무 및 회화용품 제조업,33920,사무 및 회화용품 제조업
KSIC,11,5,33931,가발 및 유사 제품 제조업,33931,가발 및 유사 제품 제조업
KSIC,11,5,33932,전시용 모형 제조업,33932,전시용 모형 제조업
KSIC,11,5,33933,표구처리업,33933,표구처리업
KSIC,11,5,33991,단추 및 유사 파스너 제조업,33991,단추 및 유사 파스너 제조업
KSIC,11,5,33992,"라이터, 연소물 및 흡연용품 제조업",33992,"라이터, 연소물 및 흡연용품 제조업"
KSIC,11,5,33993,비 및 솔 제조업,33993,비 및 솔 제조업
KSIC,11,5,33999,그 외 기타 달리 분류되지 않은 제품 제조업,33999,그 외 기타 달리 분류되지 않은 제품 제조업
KSIC,11,5,34011,건설·광업용 기계 및 장비 수리업,34011,건설·광업용 기계 및 장비 수리업
KSIC,11,5,34019,기타 일반 기계 및 장비 수리업,34019,기타 일반 기계 및 장비 수리업
KSIC,11,5,34020,전기·전자 및 정밀기기 수리업,34020,전기·전자 및 정밀기기 수리업
KSIC,11,5,35111,원자력 발전업,35111,원자력 발전업
KSIC,11,5,35112,수력 발전업,35112,수력 발전업
KSIC,11,5,35113,화력 발전업,35113,화력 발전업
KSIC,11,5,35114,태양력 발전업,35114,태양력 발전업
KSIC,11,5,35115,풍력 발전업,35119,기타 발전업
KSIC,11,5,35119,기타 발전업,35119,기타 발전업
KSIC,11,5,35120,송전 및 배전업,35120,송전 및 배전업
KSIC,11,5,35130,전기 판매업,35130,전기 판매업
KSIC,11,5,35200,연료용 가스 제조 및 배관공급업,35200,연료용 가스 제조 및 배관공급업
KSIC,11,5,35300,"증기, 냉·온수 및 공기조절 공급업",35300,"증기, 냉·온수 및 공기조절 공급업"
KSIC,11,5,36010,생활용수 공급업,36010,생활용수 공급업
KSIC,11,5,36020,산업용수 공급업,36020,산업용수 공급업
KSIC,11,5,37011,하수 처리업,37011,하수 처리업
KSIC,11,5,37012,폐수 처리업,37012,폐수 처리업
KSIC,11,5,37021,사람 분뇨 처리업,37021,사람 분뇨 처리업
KSIC,11,5,37022,축산 분뇨 처리업,37022,축산 분뇨 처리업
KSIC,11,5,38110,"지정 외 폐기물 수집, 운반업",38110,"지정 외 폐기물 수집, 운반업"
KSIC,11,5,38120,"지정 폐기물 수집, 운반업",38120,"지정 폐기물 수집, 운반업"
KSIC,11,5,38130,"건설 폐기물 수집, 운반업",38130,"건설 폐기물 수집, 운반업"
KSIC,11,5,38210,지정 외 폐기물 처리업,38210,지정 외 폐기물 처리업
KSIC,11,5,38220,지정 폐기물 처리업,38220,지정 폐기물 처리업
KSIC,11,5,38230,건설 폐기물 처리업,38230,건설 폐기물 처리업
KSIC,11,5,38240,"방사성 폐기물 수집, 운반 및 처리업",38240,"방사성 폐기물 수집, 운반 및 처리업"
KSIC,11,5,38311,금속류 해체 및 선별업,38311,금속류 해체 및 선별업
KSIC,11,5,38312,금속류 원료 재생업,38312,금속류 원료 재생업
KSIC,11,5,38321,비금속류 해체 및 선별업,38321,비금속류 해체 및 선별업
KSIC,11,5,38322,비금속류 원료 재생업,38322,비금속류 원료 재생업
KSIC,11,5,39001,토양 및 지하수 정화업,39001,토양 및 지하수 정화업
KSIC,11,5,39009,기타 환경 정화 및 복원업,39009,기타 환경 정화 및 복원업
KSIC,11,5,41111,단독 주택 건설업,41111,단독 주택 건설업
KSIC,11,5,41112,아파트 건설업,41112,아파트 건설업
KSIC,11,5,41119,기타 공동 주택 건설업,41119,기타 공동 주택 건설업
KSIC,11,5,41121,사무·상업용 및 공공기관용 건물 건설업,41121,사무·상업용 및 공공기관용 건물 건설업
KSIC,11,5,41122,제조업 및 유사 산업용 건물 건설업,41122,제조업 및 유사 산업용 건물 건설업
KSIC,11,5,41129,기타 비주거용 건물 건설업,41129,기타 비주거용 건물 건설업
KSIC,11,5,41210,지반조성 건설업,41210,지반조성 건설업
KSIC,11,5,41221,도로 건설업,41221,도로 건설업
KSIC,11,5,41222,"교량, 터널 및 철도 건설업",41222,"교량, 터널 및 철도 건설업"
KSIC,11,5,41223,"항만, 수로, 댐 및 유사 구조물 건설업",41223,"항만, 수로, 댐 및 유사 구조물 건설업"
KSIC,11,5,41224,환경설비 건설업,41224,환경설비 건설업
KSIC,11,5,41225,산업생산시설 종합건설업,41225,산업생산시설 종합건설업
KSIC,11,5,41226,조경 건설업,41226,조경 건설업
KSIC,11,5,41229,기타 토목시설물 건설업,41229,기타 토목시설물 건설업
KSIC,11,5,42110,건물 및 구축물 해체 공사업,42110,건물 및 구축물 해체 공사업
KSIC,11,5,42121,토공사업,42121,토공사업
KSIC,11,5,42122,"보링, 그라우팅 및 관정 공사업",42122,"보링, 그라우팅 및 관정 공사업"
KSIC,11,5,42123,파일공사 및 축조관련 기초 공사업,42123,파일공사 및 축조관련 기초 공사업
KSIC,11,5,42129,기타 기반조성 관련 전문공사업,42129,기타 기반조성 관련 전문공사업
KSIC,11,5,42131,철골 및 관련 구조물 공사업,42131,철골 및 관련 구조물 공사업
KSIC,11,5,42132,콘크리트 및 철근 공사업,42132,콘크리트 및 철근 공사업
KSIC,11,5,42191,조적 및 석 공사업,42133,조적 및 석 공사업
KSIC,11,5,42192,포장 공사업,42134,포장 공사업
KSIC,11,5,42193,철도궤도 전문공사업,42135,철도궤도 전문공사업
KSIC,11,5,42194,수중 공사업,42136,수중 공사업
KSIC,11,5,42195,비계 및 형틀 공사업,42137,비계 및 형틀 공사업
KSIC,11,5,42196,"지붕, 내·외벽 축조 관련 전문 공사업 ",42138,"지붕, 내·외벽 축조 관련 전문 공사업 "
KSIC,11,5,42199,기타 옥외 시설물 축조 관련 전문공사업,42139,기타 옥외 시설물 축조 관련 전문공사업
KSIC,11,5,42201,배관 및 냉ㆍ난방 공사업,42201,배관 및 냉ㆍ난방 공사업
KSIC,11,5,42202,건물용 기계 및 장비 설치 공사업,42202,건물용 기계·장비 설치 공사업
KSIC,11,5,42203,승강설비 설치 공사업,42202,건물용 기계·장비 설치 공사업
KSIC,11,5,42204,"방음, 방진 및 내화 공사업",42203,"방음, 방진 및 내화 공사업"
KSIC,11,5,42205,소방시설 공사업,42204,소방시설 공사업
KSIC,11,5,42209,기타 건물 관련설비 설치 공사업,42209,기타 건물 관련설비 설치 공사업
KSIC,11,5,42311,일반전기 공사업,42311,일반전기 공사업
KSIC,11,5,42312,내부 전기배선 공사업,42312,내부 전기배선 공사업
KSIC,11,5,42321,일반 통신 공사업,42321,일반 통신 공사업
KSIC,11,5,42322,내부 통신배선 공사업,42322,내부 통신배선 공사업
KSIC,11,5,42411,도장 공사업,42411,도장 공사업
KSIC,11,5,42412,"도배, 실내장식 및 내장 목공사업",42412,"도배, 실내장식 및 내장 목공사업"
KSIC,11,5,42420,유리 및 창호 공사업,42420,유리 및 창호 공사업
KSIC,11,5,42491,"미장, 타일 및 방수 공사업",42491,"미장, 타일 및 방수 공사업"
KSIC,11,5,42492,건물용 금속공작물 설치 공사업,42492,건물용 금속공작물 설치 공사업
KSIC,11,5,42499,그 외 기타 건축 마무리 공사업,42499,그 외 기타 건축 마무리 공사업
KSIC,11,5,42500,시설물 유지관리 공사업,42500,시설물 유지관리 공사업
KSIC,11,5,42600,건설장비 운영업,42600,건설장비 운영업
KSIC,11,5,45110,자동차 신품 판매업,45110,자동차 신품 판매업
KSIC,11,5,45120,중고 자동차 판매업,45120,중고 자동차 판매업
KSIC,11,5,45211,자동차 신품 타이어 및 튜브 판매업,45211,자동차 신품 타이어 및 튜브 판매업
KSIC,11,5,45212,자동차용 전용 신품 부품 판매업,45212,자동차용 전용 신품 부품 판매업
KSIC,11,5,45213,자동차 내장용 신품 전기·전자· 정밀 기기 판매업,45213,자동차 내장용 신품 전기·전자· 정밀 기기 판매업
KSIC,11,5,45219,기타 자동차 신품 부품 및 내장품 판매업,45219,기타 자동차 신품 부품 및 내장품 판매업
KSIC,11,5,45220,자동차 중고 부품 및 내장품 판매업,45220,자동차 중고 부품 및 내장품 판매업
KSIC,11,5,45301,모터사이클 및 부품 도매업,45301,모터사이클 및 부품 도매업
KSIC,11,5,45302,모터사이클 및 부품 소매업,45302,모터사이클 및 부품 소매업
KSIC,11,5,46101,"산업용 농·축산물, 섬유 원료 및 동물 중개업",46101,"산업용 농·축산물, 섬유 원료 및 동물 중개업"
KSIC,11,5,46102,음ㆍ식료품 및 담배 중개업,46102,음ㆍ식료품 및 담배 중개업
KSIC,11,5,46103,"섬유, 의복, 신발 및 가죽제품 중개업",46103,"섬유, 의복, 신발 및 가죽제품 중개업"
KSIC,11,5,46104,목재 및 건축자재 중개업,46104,목재 및 건축자재 중개업
KSIC,11,5,46105,"연료, 광물, 1차 금속, 비료 및 화학제품 중개업",46105,"연료, 광물, 1차 금속, 비료 및 화학제품 중개업"
KSIC,11,5,46106,기계 및 장비 중개업,46106,기계 및 장비 중개업
KSIC,11,5,46107,그 외 기타 특정 상품 중개업,46107,그 외 기타 특정 상품 중개업
KSIC,11,5,46109,상품 종합 중개업,46109,상품 종합 중개업
KSIC,11,5,46201,곡물 및 유지작물 도매업,46201,곡물 및 유지작물 도매업
KSIC,11,5,46202,종자 및 묘목 도매업,46202,종자 및 묘목 도매업
KSIC,11,5,46203,사료 도매업,46203,사료 도매업
KSIC,11,5,46204,화훼류 및 식물 도매업,46204,화훼류 및 식물 도매업
KSIC,11,5,46205,육지동물 및 반려동물 도매업,46205,육지동물 및 애완동물 도매업
KSIC,11,5,46209,기타 산업용 농산물 도매업,46209,기타 산업용 농산물 도매업
KSIC,11,5,46311,과실류 도매업,46311,과실류 도매업
KSIC,11,5,46312,"채소류, 서류 및 향신작물류 도매업",46312,"채소류, 서류 및 향신작물류 도매업"
KSIC,11,5,46313,육류 도매업,46313,육류 도매업
KSIC,11,5,46314,건어물 및 젓갈류 도매업,46314,건어물 및 젓갈류 도매업
KSIC,11,5,46315,"신선, 냉동 및 기타 수산물 도매업",46315,"신선, 냉동 및 기타 수산물 도매업"
KSIC,11,5,46319,기타 신선식품 및 단순 가공식품 도매업,46319,기타 신선식품 및 단순 가공식품 도매업
KSIC,11,5,46321,육류 가공식품 도매업,46321,육류 가공식품 도매업
KSIC,11,5,46322,수산물 가공식품 도매업,46322,수산물 가공식품 도매업
KSIC,11,5,46323,"빵류, 과자류, 당류, 초콜릿 도매업",46323,"빵류, 과자류, 당류, 초콜릿 도매업"
KSIC,11,5,46324,낙농품 및 동·식물성 유지 도매업,46324,낙농품 및 동·식물성 유지 도매업
KSIC,11,5,46325,커피 및 차류 도매업,46325,커피 및 차류 도매업
KSIC,11,5,46326,조미료 도매업,46326,조미료 도매업
KSIC,11,5,46329,기타 가공식품 도매업,46329,기타 가공식품 도매업
KSIC,11,5,46331,주류 도매업,46331,주류 도매업
KSIC,11,5,46332,비알코올음료 도매업,46332,비알코올음료 도매업
KSIC,11,5,46333,담배 도매업,46333,담배 도매업
KSIC,11,5,46411,생활용 섬유 및 실 도매업,46411,생활용 섬유 및 실 도매업
KSIC,11,5,46412,커튼 및 침구용품 도매업,46412,커튼 및 침구용품 도매업
KSIC,11,5,46413,남녀용 겉옷 및 셔츠 도매업,46413,남녀용 겉옷 및 셔츠 도매업
KSIC,11,5,46414,유아용 의류 도매업,46414,유아용 의류 도매업
KSIC,11,5,46415,속옷 및 잠옷 도매업,46415,속옷 및 잠옷 도매업
KSIC,11,5,46416,가죽 및 모피제품 도매업,46416,가죽 및 모피제품 도매업
KSIC,11,5,46417,의복 액세서리 및 모조 장신구 도매업,46417,의복 액세서리 및 모조 장신구 도매업
KSIC,11,5,46419,기타 생활용 섬유 및 직물제품 도매업,46419,기타 생활용 섬유 및 직물제품 도매업
KSIC,11,5,46420,신발 도매업,46420,신발 도매업
KSIC,11,5,46431,생활용 가구 도매업,46431,생활용 가구 도매업
KSIC,11,5,46432,"전구, 램프 및 조명장치 도매업",46432,"전구, 램프 및 조명장치 도매업"
KSIC,11,5,46433,생활용 유리ㆍ요업ㆍ목재ㆍ금속 제품 및 날붙이 도매업,46433,생활용 유리ㆍ요업ㆍ목재ㆍ금속 제품 및 날붙이 도매업
KSIC,11,5,46439,기타 비전기식 생활용 기기 및 기구 도매업,46439,기타 비전기식 생활용 기기 및 기구 도매업
KSIC,11,5,46441,의약품 도매업,46441,의약품 도매업
KSIC,11,5,46442,의료용품 도매업,46442,의료용품 도매업
KSIC,11,5,46443,화장품 및 화장용품 도매업,46443,화장품 및 화장용품 도매업
KSIC,11,5,46444,비누 및 세정제 도매업,46444,비누 및 세정제 도매업
KSIC,11,5,46451,"생활용 포장 및 위생용품, 봉투 및 유사 제품 도매업",46451,"생활용 포장 및 위생용품, 봉투 및 유사 제품 도매업"
KSIC,11,5,46452,"문구용품, 회화용품, 사무용품 도매업",46452,"문구용품, 회화용품, 사무용품 도매업"
KSIC,11,5,46453,"서적, 잡지 및 기타 인쇄물 도매업",46453,"서적, 잡지 및 기타 인쇄물 도매업"
KSIC,11,5,46461,음반 및 비디오물 도매업,46461,음반 및 비디오물 도매업
KSIC,11,5,46462,악기 도매업,46462,악기 도매업
KSIC,11,5,46463,"장난감 및 취미, 오락용품 도매업",46463,"장난감 및 취미, 오락용품 도매업"
KSIC,11,5,46464,운동 및 경기용품 도매업,46464,운동 및 경기용품 도매업
KSIC,11,5,46465,자전거 및 기타 운송장비 도매업,46465,자전거 및 기타 운송장비 도매업
KSIC,11,5,46491,가방 및 보호용 케이스 도매업,46491,가방 및 보호용 케이스 도매업
KSIC,11,5,46492,시계 및 귀금속제품 도매업,46492,시계 및 귀금속제품 도매업
KSIC,11,5,46493,"안경, 사진장비 및 광학용품 도매업",46493,"안경, 사진장비 및 광학용품 도매업"
KSIC,11,5,46499,그 외 기타 생활용품 도매업,46499,그 외 기타 생활용품 도매업
KSIC,11,5,46510,"컴퓨터 및 주변장치, 소프트웨어 도매업",46510,"컴퓨터 및 주변장치, 소프트웨어 도매업"
KSIC,11,5,46521,가전제품 및 부품 도매업,46521,가전제품 및 부품 도매업
KSIC,11,5,46522,통신·방송장비 및 부품 도매업,46522,통신·방송장비 및 부품 도매업
KSIC,11,5,46531,농림업용 기계 및 장비 도매업,46531,농림업용 기계 및 장비 도매업
KSIC,11,5,46532,건설ㆍ광업용 기계 및 장비 도매업,46532,건설ㆍ광업용 기계 및 장비 도매업
KSIC,11,5,46533,공작용 기계 및 장비 도매업,46533,공작용 기계 및 장비 도매업
KSIC,11,5,46539,기타 산업용 기계 및 장비 도매업,46539,기타 산업용 기계 및 장비 도매업
KSIC,11,5,46591,사무용 가구 및 기기 도매업,46591,사무용 가구 및 기기 도매업
KSIC,11,5,46592,의료기기 도매업,46592,의료기기 도매업
KSIC,11,5,46593,정밀기기 및 과학기기 도매업,46593,정밀기기 및 과학기기 도매업
KSIC,11,5,46594,수송용 운송장비 도매업,46594,수송용 운송장비 도매업
KSIC,11,5,46595,전기용 기계·장비 및 관련 기자재 도매업,46595,전기용 기계·장비 및 관련 기자재 도매업
KSIC,11,5,46596,전지 및 케이블 도매업,46596,전지 및 케이블 도매업
KSIC,11,5,46599,그 외 기타 기계 및 장비 도매업,46599,그 외 기타 기계 및 장비 도매업
KSIC,11,5,46611,원목 및 건축관련 목제품 도매업,46611,원목 및 건축관련 목제품 도매업
KSIC,11,5,46612,"골재, 벽돌 및 시멘트 도매업",46612,"골재, 벽돌 및 시멘트 도매업"
KSIC,11,5,46613,유리 및 창호 도매업,46613,유리 및 창호 도매업
KSIC,11,5,46621,배관 및 냉ㆍ난방장치 도매업,46621,배관 및 냉ㆍ난방장치 도매업
KSIC,11,5,46622,"철물, 금속 파스너 및 수공구 도매업",46622,"철물, 금속 파스너 및 수공구 도매업"
KSIC,11,5,46691,도료 도매업,46691,도료 도매업
KSIC,11,5,46692,벽지 및 장판류 도매업,46692,벽지 및 장판류 도매업
KSIC,11,5,46699,그 외 기타 건축자재 도매업,46699,그 외 기타 건축자재 도매업
KSIC,11,5,46711,고체연료 및 관련제품 도매업,46711,고체연료 및 관련제품 도매업
KSIC,11,5,46712,액체연료 및 관련제품 도매업,46712,액체연료 및 관련제품 도매업
KSIC,11,5,46713,기체연료 및 관련제품 도매업,46713,기체연료 및 관련제품 도매업
KSIC,11,5,46721,1차 금속제품 도매업,46721,1차 금속제품 도매업
KSIC,11,5,46722,금속광물 도매업,46722,금속광물 도매업
KSIC,11,5,46731,"염료, 안료 및 관련제품 도매업",46731,"염료, 안료 및 관련제품 도매업"
KSIC,11,5,46732,비료 및 농약 도매업,46732,비료 및 농약 도매업
KSIC,11,5,46733,플라스틱물질 및 합성고무 도매업,46733,플라스틱물질 및 합성고무 도매업
KSIC,11,5,46739,기타 화학물질 및 화학제품 도매업,46739,기타 화학물질 및 화학제품 도매업
KSIC,11,5,46741,방직용 섬유 및 실 도매업,46741,방직용 섬유 및 실 도매업
KSIC,11,5,46742,직물 도매업,46742,직물 도매업
KSIC,11,5,46750,"종이 원지, 판지, 종이상자 도매업",46750,"종이 원지, 판지, 종이상자 도매업"
KSIC,11,5,46791,재생용 재료 수집 및 판매업,46791,재생용 재료 수집 및 판매업
KSIC,11,5,46799,그 외 기타 상품 전문 도매업,46799,그 외 기타 상품 전문 도매업
KSIC,11,5,46800,상품 종합 도매업,46800,상품 종합 도매업
KSIC,11,5,47111,백화점,47111,백화점
KSIC,11,5,47112,대형 마트,47112,대형 마트
KSIC,11,5,47119,기타 대형 종합 소매업,47119,기타 대형 종합 소매업
KSIC,11,5,47121,슈퍼마켓,47121,슈퍼마켓
KSIC,11,5,47122,체인화 편의점,47122,체인화 편의점
KSIC,11,5,47129,기타 음ㆍ식료품 위주 종합 소매업,47129,기타 음ㆍ식료품 위주 종합 소매업
KSIC,11,5,47130,면세점,47130,면세점
KSIC,11,5,47190,그 외 기타 종합 소매업,47190,그 외 기타 종합 소매업
KSIC,11,5,47211,"곡물, 곡분 및 가축 사료 소매업",47211,"곡물, 곡분 및 가축 사료 소매업"
KSIC,11,5,47212,육류 소매업,47212,육류 소매업
KSIC,11,5,47213,건어물 및 젓갈류 소매업,47213,건어물 및 젓갈류 소매업
KSIC,11,5,47214,"신선, 냉동 및 기타 수산물 소매업",47214,"신선, 냉동 및 기타 수산물 소매업"
KSIC,11,5,47215,"채소, 과실 및 뿌리작물 소매업",47215,"채소, 과실 및 뿌리작물 소매업"
KSIC,11,5,47219,기타 신선식품 및 단순 가공식품 매업,47219,기타 식료품 소매업
KSIC,11,5,47221,"빵류, 과자류 및 당류 소매업",47216,"빵류, 과자류 및 당류 소매업"
KSIC,11,5,47222,건강보조식품 소매업,47217,건강보조식품 소매업
KSIC,11,5,47223,조리 반찬류 소매업,47218,조리 반찬류 소매업
KSIC,11,5,47229,기타 가공식품 소매업,47219,기타 식료품 소매업
KSIC,11,5,47231,음료 소매업,47221,음료 소매업
KSIC,11,5,47232,담배 소매업,47222,담배 소매업
KSIC,11,5,47311,"컴퓨터 및 주변장치, 소프트웨어 소매업",47311,"컴퓨터 및 주변장치, 소프트웨어 소매업"
KSIC,11,5,47312,통신기기 소매업,47312,통신기기 소매업
KSIC,11,5,47320,가전제품 소매업,47320,가전제품 소매업
KSIC,11,5,47411,남자용 겉옷 소매업,47411,남자용 겉옷 소매업
KSIC,11,5,47412,여자용 겉옷 소매업,47412,여자용 겉옷 소매업
KSIC,11,5,47413,속옷 및 잠옷 소매업,47413,속옷 및 잠옷 소매업
KSIC,11,5,47414,셔츠 및 블라우스 소매업,47414,셔츠 및 블라우스 소매업
KSIC,11,5,47415,한복 소매업,47415,한복 소매업
KSIC,11,5,47416,가죽 및 모피의복 소매업,47416,가죽 및 모피의복 소매업
KSIC,11,5,47417,유아용 의류 소매업,47417,유아용 의류 소매업
KSIC,11,5,47419,기타 의복 소매업,47419,기타 의복 소매업
KSIC,11,5,47421,가정용 직물제품 소매업,47421,가정용 직물제품 소매업
KSIC,11,5,47422,의복 액세서리 및 모조 장신구 소매업,47422,의복 액세서리 및 모조 장신구 소매업
KSIC,11,5,47429,"섬유 원단, 실 및 기타 섬유제품 소매업",47429,"섬유 원단, 실 및 기타 섬유제품 소매업"
KSIC,11,5,47430,신발 소매업,47430,신발 소매업
KSIC,11,5,47440,가방 및 기타 가죽제품 소매업,47440,가방 및 기타 가죽제품 소매업
KSIC,11,5,47511,철물 및 난방용구 소매업,47511,철물 및 난방용구 소매업
KSIC,11,5,47512,공구 소매업,47512,공구 소매업
KSIC,11,5,47513,"벽지, 마루덮개 및 장판류 소매업",47513,"벽지, 마루덮개 및 장판류 소매업"
KSIC,11,5,47519,"페인트, 창호 및 기타 건설자재 소매업",47519,"페인트, 창호 및 기타 건설자재 소매업"
KSIC,11,5,47520,가구 소매업,47520,가구 소매업
KSIC,11,5,47591,전기용품 및 조명장치 소매업,47591,전기용품 및 조명장치 소매업
KSIC,11,5,47592,"주방용품 및 가정용 유리, 요업 제품 소매업",47592,"주방용품 및 가정용 유리, 요업 제품 소매업"
KSIC,11,5,47593,악기 소매업,47593,악기 소매업
KSIC,11,5,47599,그 외 기타 분류 안된 가정용품 소매업,47599,그 외 기타 분류 안된 가정용품 소매업
KSIC,11,5,47611,"서적, 신문 및 잡지류 소매업",47611,"서적, 신문 및 잡지류 소매업"
KSIC,11,5,47612,문구용품 및 회화용품 소매업,47612,문구용품 및 회화용품 소매업
KSIC,11,5,47620,음반 및 비디오물 소매업,47620,음반 및 비디오물 소매업
KSIC,11,5,47631,운동 및 경기용품 소매업,47631,운동 및 경기용품 소매업
KSIC,11,5,47632,자전거 및 기타 운송장비 소매업,47632,자전거 및 기타 운송장비 소매업
KSIC,11,5,47640,"게임용구, 인형 및 장난감 소매업",47640,"게임용구, 인형 및 장난감 소매업"
KSIC,11,5,47711,운송장비용 주유소 운영업,47711,운송장비용 주유소 운영업
KSIC,11,5,47712,운송장비용 수소 충전업,47712,운송장비용 가스 충전업
KSIC,11,5,47713,운송장비용 기타 가스 충전업,47712,운송장비용 가스 충전업
KSIC,11,5,47721,가정용 고체연료 소매업,47721,가정용 고체연료 소매업
KSIC,11,5,47722,가정용 액체연료 소매업,47722,가정용 액체연료 소매업
KSIC,11,5,47723,가정용 가스연료 소매업,47723,가정용 가스연료 소매업
KSIC,11,5,47811,의약품 및 의료용품 소매업,47811,의약품 및 의료용품 소매업
KSIC,11,5,47812,의료용 기구 소매업,47812,의료용 기구 소매업
KSIC,11,5,47813,"화장품, 비누 및 방향제 소매업",47813,"화장품, 비누 및 방향제 소매업"
KSIC,11,5,47821,사무용 기기 소매업,47821,사무용 기기 소매업
KSIC,11,5,47822,안경 및 렌즈 소매업,47822,안경 및 렌즈 소매업
KSIC,11,5,47823,사진기 및 사진용품 소매업,47823,사진기 및 사진용품 소매업
KSIC,11,5,47829,기타 광학 및 정밀 기기 소매업,47829,기타 광학 및 정밀 기기 소매업
KSIC,11,5,47830,시계 및 귀금속 소매업,47830,시계 및 귀금속 소매업
KSIC,11,5,47841,예술품 및 골동품 소매업,47841,예술품 및 골동품 소매업
KSIC,11,5,47842,"기념품, 관광 민예품 및 장식용품 소매업",47842,"기념품, 관광 민예품 및 장식용품 소매업"
KSIC,11,5,47851,화초 및 식물 소매업,47851,화초 및 식물 소매업
KSIC,11,5,47852,반려용 동물 및 관련용품 소매업,47852,애완용 동물 및 관련용품 소매업
KSIC,11,5,47859,그 외 기타 분류 안된 상품 전문 소매업,47859,그 외 기타 분류 안된 상품 전문 소매업
KSIC,11,5,47861,중고 가구 소매업,47861,중고 가구 소매업
KSIC,11,5,47862,중고 가전제품 및 통신장비 소매업,47862,중고 가전제품 및 통신장비 소매업
KSIC,11,5,47869,기타 중고 상품 소매업,47869,기타 중고 상품 소매업
KSIC,11,5,47911,전자상거래 소매 중개업,47911,전자상거래 소매 중개업
KSIC,11,5,47912,전자상거래 소매업,47912,전자상거래 소매업
KSIC,11,5,47919,기타 통신 판매업,47919,기타 통신 판매업
KSIC,11,5,47920,노점 및 유사이동 소매업,47920,노점 및 유사이동 소매업
KSIC,11,5,47991,자동판매기 운영업,47991,자동판매기 운영업
KSIC,11,5,47992,계약배달 판매업,47992,계약배달 판매업
KSIC,11,5,47993,방문 판매업,47993,방문 판매업
KSIC,11,5,47999,그 외 기타 무점포 소매업,47999,그 외 기타 무점포 소매업
KSIC,11,5,49101,철도 여객 운송업,49101,철도 여객 운송업
KSIC,11,5,49102,철도 화물 운송업,49102,철도 화물 운송업
KSIC,11,5,49211,도시철도 운송업,49211,도시철도 운송업
KSIC,11,5,49212,시내버스 운송업,49212,시내버스 운송업
KSIC,11,5,49219,기타 도시 정기 육상 여객 운송업,49219,기타 도시 정기 육상 여객 운송업
KSIC,11,5,49220,시외버스 운송업,49220,시외버스 운송업
KSIC,11,5,49231,택시 운송업,49231,택시 운송업
KSIC,11,5,49232,전세버스 운송업,49232,전세버스 운송업
KSIC,11,5,49233,특수여객자동차 운송업,49233,특수여객자동차 운송업
KSIC,11,5,49239,기타 부정기 여객 육상 운송업,49239,기타 부정기 여객 육상 운송업
KSIC,11,5,49301,일반 화물자동차 운송업,49301,일반 화물자동차 운송업
KSIC,11,5,49301,일반 화물자동차 운송업,49302,용달 화물자동차 운송업
KSIC,11,5,49301,일반 화물자동차 운송업,49303,개별 화물자동차 운송업
KSIC,11,5,49302,개인 화물자동차 운송업,49301,일반 화물자동차 운송업
KSIC,11,5,49302,개인 화물자동차 운송업,49302,용달 화물자동차 운송업
KSIC,11,5,49302,개인 화물자동차 운송업,49303,개별 화물자동차 운송업
KSIC,11,5,49309,기타 도로화물 운송업,49309,기타 도로화물 운송업
KSIC,11,5,49401,택배업,49401,택배업
KSIC,11,5,49402,늘찬 배달업,49402,늘찬 배달업
KSIC,11,5,49500,파이프라인 운송업,49500,파이프라인 운송업
KSIC,11,5,50111,외항 여객 운송업,50111,외항 여객 운송업
KSIC,11,5,50112,외항 화물 운송업,50112,외항 화물 운송업
KSIC,11,5,50121,내항 여객 운송업,50121,내항 여객 운송업
KSIC,11,5,50122,내항 화물 운송업,50122,내항 화물 운송업
KSIC,11,5,50130,기타 해상 운송업,50130,기타 해상 운송업
KSIC,11,5,50201,항만 내 여객 운송업,50202,항만 내 여객 운송업
KSIC,11,5,50209,기타 내륙 수상 여객 및 화물 운송업,50201,내륙 수상 여객 및 화물 운송업
KSIC,11,5,50209,기타 내륙 수상 여객 및 화물 운송업,50209,기타 내륙 수상 운송업
KSIC,11,5,51100,항공 여객 운송업,51100,항공 여객 운송업
KSIC,11,5,51200,항공 화물 운송업,51200,항공 화물 운송업
KSIC,11,5,52101,일반 창고업,52101,일반 창고업
KSIC,11,5,52102,냉장 및 냉동 창고업,52102,냉장 및 냉동 창고업
KSIC,11,5,52103,농산물 창고업,52103,농산물 창고업
KSIC,11,5,52104,위험물품 보관업,52104,위험물품 보관업
KSIC,11,5,52109,기타 보관 및 창고업,52109,기타 보관 및 창고업
KSIC,11,5,52911,철도 운송지원 서비스업,52911,철도 운송지원 서비스업
KSIC,11,5,52912,여객 자동차 터미널 운영업,52912,여객 자동차 터미널 운영업
KSIC,11,5,52913,물류 터미널 운영업,52913,물류 터미널 운영업
KSIC,11,5,52914,도로 및 관련시설 운영업,52914,도로 및 관련시설 운영업
KSIC,11,5,52915,주차장 운영업,52915,주차장 운영업
KSIC,11,5,52919,기타 육상 운송지원 서비스업,52919,기타 육상 운송지원 서비스업
KSIC,11,5,52921,항구 및 기타 해상 터미널 운영업,52921,항구 및 기타 해상 터미널 운영업
KSIC,11,5,52922,선박관리업,52929,기타 수상 운송지원 서비스업
KSIC,11,5,52929,기타 수상 운송지원 서비스업,52929,기타 수상 운송지원 서비스업
KSIC,11,5,52931,공항 운영업,52931,공항 운영업
KSIC,11,5,52939,기타 항공 운송지원 서비스업,52939,기타 항공 운송지원 서비스업
KSIC,11,5,52941,항공 및 육상 화물 취급업,52941,항공 및 육상 화물 취급업
KSIC,11,5,52942,수상 화물 취급업,52942,수상 화물 취급업
KSIC,11,5,52991,통관 대리 및 관련서비스업,52991,통관 대리 및 관련서비스업
KSIC,11,5,52992,"화물운송 중개, 대리 및 관련 서비스업",52992,"화물운송 중개, 대리 및 관련 서비스업"
KSIC,11,5,52993,"화물 포장, 검수 및 계량 서비스업",52993,"화물 포장, 검수 및 계량 서비스업"
KSIC,11,5,52999,그 외 기타 분류 안된 운송 관련 서비스업,52999,그 외 기타 분류 안된 운송 관련 서비스업
KSIC,11,5,55101,호텔업,55101,호텔업
KSIC,11,5,55102,여관업,55102,여관업
KSIC,11,5,55103,휴양콘도 운영업,55103,휴양콘도 운영업
KSIC,11,5,55104,민박업,55104,민박업
KSIC,11,5,55105,야영장업,55109,기타 일반 및 생활 숙박시설 운영업
KSIC,11,5,55109,기타 일반 및 생활 숙박시설 운영업,55109,기타 일반 및 생활 숙박시설 운영업
KSIC,11,5,55901,기숙사 및 고시원 운영업,55901,기숙사 및 고시원 운영업
KSIC,11,5,55909,그 외 기타 숙박업,55909,그 외 기타 숙박업
KSIC,11,5,56111,한식 일반 음식점업,56111,한식 일반 음식점업
KSIC,11,5,56112,한식 면요리 전문점,56112,한식 면요리 전문점
KSIC,11,5,56113,한식 육류요리 전문점,56113,한식 육류요리 전문점
KSIC,11,5,56114,한식 해산물요리 전문점,56114,한식 해산물요리 전문점
KSIC,11,5,56121,중식 음식점업,56121,중식 음식점업
KSIC,11,5,56122,일식 음식점업,56122,일식 음식점업
KSIC,11,5,56123,서양식 음식점업,56123,서양식 음식점업
KSIC,11,5,56129,기타 외국식 음식점업,56129,기타 외국식 음식점업
KSIC,11,5,56130,기관 구내식당업,56130,기관 구내식당업
KSIC,11,5,56141,출장 음식 서비스업,56141,출장 음식 서비스업
KSIC,11,5,56142,이동 음식점업,56142,이동 음식점업
KSIC,11,5,56150,제과점업,56191,제과점업
KSIC,11,5,56161,"피자, 햄버거, 샌드위치 및 유사 음식점업",56192,"피자, 햄버거, 샌드위치 및 유사 음식점업"
KSIC,11,5,56162,치킨 전문점,56193,치킨 전문점
KSIC,11,5,56191,김밥 및 기타 간이 음식점업,56194,김밥 및 기타 간이 음식점업
KSIC,11,5,56199,간이음식 포장 판매 전문점,56199,간이음식 포장 판매 전문점
KSIC,11,5,56211,일반 유흥주점업,56211,일반 유흥주점업
KSIC,11,5,56212,무도 유흥주점업,56212,무도 유흥주점업
KSIC,11,5,56213,생맥주 전문점,56213,생맥주 전문점
KSIC,11,5,56219,기타 주점업,56219,기타 주점업
KSIC,11,5,56221,커피 전문점,56221,커피 전문점
KSIC,11,5,56229,기타 비알코올 음료점업,56229,기타 비알코올 음료점업
KSIC,11,5,58111,교과서 및 학습서적 출판업,58111,교과서 및 학습서적 출판업
KSIC,11,5,58112,만화 출판업,58112,만화 출판업
KSIC,11,5,58113,일반 서적 출판업,58113,일반 서적 출판업
KSIC,11,5,58121,신문 발행업,58121,신문 발행업
KSIC,11,5,58122,잡지 및 정기간행물 발행업,58122,잡지 및 정기간행물 발행업
KSIC,11,5,58123,정기 광고간행물 발행업,58123,정기 광고간행물 발행업
KSIC,11,5,58190,기타 인쇄물 출판업,58190,기타 인쇄물 출판업
KSIC,11,5,58211,유선 온라인 게임 소프트웨어 개발 및 공급업,58211,유선 온라인 게임 소프트웨어 개발 및 공급업
KSIC,11,5,58212,모바일 게임 소프트웨어 개발 및 공급업,58212,모바일 게임 소프트웨어 개발 및 공급업
KSIC,11,5,58219,기타 게임 소프트웨어 개발 및 공급업,58219,기타 게임 소프트웨어 개발 및 공급업
KSIC,11,5,58221,시스템 소프트웨어 개발 및 공급업,58221,시스템 소프트웨어 개발 및 공급업
KSIC,11,5,58222,응용 소프트웨어 개발 및 공급업,58222,응용 소프트웨어 개발 및 공급업
KSIC,11,5,59111,일반 영화 및 비디오물 제작업,59111,일반 영화 및 비디오물 제작업
KSIC,11,5,59112,애니메이션 영화 및 비디오물 제작업,59112,애니메이션 영화 및 비디오물 제작업
KSIC,11,5,59113,광고 영화 및 비디오물 제작업,59113,광고 영화 및 비디오물 제작업
KSIC,11,5,59114,방송 프로그램 제작업,59114,방송 프로그램 제작업
KSIC,11,5,59120,"영화, 비디오물 및 방송프로그램 제작 관련 서비스업",59120,"영화, 비디오물 및 방송프로그램 제작 관련 서비스업"
KSIC,11,5,59130,"영화, 비디오물 및 방송프로그램 배급업",59130,"영화, 비디오물 및 방송프로그램 배급업"
KSIC,11,5,59141,영화관 운영업,59141,영화관 운영업
KSIC,11,5,59142,비디오물 감상실 운영업,59142,비디오물 감상실 운영업
KSIC,11,5,59201,음악 및 기타 오디오물 출판업,59201,음악 및 기타 오디오물 출판업
KSIC,11,5,59202,녹음시설 운영업,59202,녹음시설 운영업
KSIC,11,5,60100,라디오 방송업,60100,라디오 방송업
KSIC,11,5,60210,지상파 방송업,60210,지상파 방송업
KSIC,11,5,60221,프로그램 공급업,60221,프로그램 공급업
KSIC,11,5,60222,유선 방송업,60222,유선 방송업
KSIC,11,5,60229,위성 및 기타 방송업,60229,위성 및 기타 방송업
KSIC,11,5,60310,영상물 제공 서비스업,63112,호스팅 및 관련 서비스업
KSIC,11,5,60310,영상물 제공 서비스업,63991,데이터베이스 및 온라인정보 제공업
KSIC,11,5,60320,오디오물 제공 서비스업,63991,데이터베이스 및 온라인정보 제공업
KSIC,11,5,60320,오디오물 제공 서비스업,63112,호스팅 및 관련 서비스업
KSIC,11,5,61100,공영 우편업,61100,공영 우편업
KSIC,11,5,61210,유선 통신업,61210,유선 통신업
KSIC,11,5,61220,무선 및 위성 통신업,61220,무선 및 위성 통신업
KSIC,11,5,61291,통신 재판매업,61291,통신 재판매업
KSIC,11,5,61299,그 외 기타 전기 통신업,61299,그 외 기타 전기 통신업
KSIC,11,5,62010,컴퓨터 프로그래밍 서비스업,62010,컴퓨터 프로그래밍 서비스업
KSIC,11,5,62021,컴퓨터시스템 통합 자문 및 구축 서비스업,62021,컴퓨터시스템 통합 자문 및 구축 서비스업
KSIC,11,5,62022,컴퓨터시설 관리업,62022,컴퓨터시설 관리업
KSIC,11,5,62090,기타 정보기술 및 컴퓨터운영 관련 서비스업,62090,기타 정보기술 및 컴퓨터운영 관련 서비스업
KSIC,11,5,63111,자료 처리업,63111,자료 처리업
KSIC,11,5,63112,호스팅 및 관련 서비스업,63112,호스팅 및 관련 서비스업
KSIC,11,5,63120,포털 및 기타 인터넷 정보매개 서비스업,63120,포털 및 기타 인터넷 정보매개 서비스업
KSIC,11,5,63910,뉴스 제공업,63910,뉴스 제공업
KSIC,11,5,63991,데이터베이스 및 온라인정보 제공업,63991,데이터베이스 및 온라인정보 제공업
KSIC,11,5,63992,가상자산 매매 및 중개업,63999,그 외 기타 정보 서비스업
KSIC,11,5,63999,그 외 기타 정보 서비스업,63999,그 외 기타 정보 서비스업
KSIC,11,5,64110,중앙은행,64110,중앙은행
KSIC,11,5,64121,국내은행,64121,국내은행
KSIC,11,5,64122,외국은행,64122,외국은행
KSIC,11,5,64131,신용조합,64131,신용조합
KSIC,11,5,64132,상호저축은행 및 기타 저축기관,64132,상호저축은행 및 기타 저축기관
KSIC,11,5,64201,신탁업 및 집합투자업,64201,신탁업 및 집합투자업
KSIC,11,5,64209,기타 금융 투자업,64209,기타 금융 투자업
KSIC,11,5,64911,금융리스업,64911,금융리스업
KSIC,11,5,64912,개발금융기관,64912,개발금융기관
KSIC,11,5,64913,신용카드 및 할부금융업,64913,신용카드 및 할부금융업
KSIC,11,5,64919,그 외 기타 여신금융업,64919,그 외 기타 여신금융업
KSIC,11,5,64991,기금 운영업,64991,기금 운영업
KSIC,11,5,64992,지주회사,64992,지주회사
KSIC,11,5,64999,그 외 기타 분류 안된 금융업,64999,그 외 기타 분류 안된 금융업
KSIC,11,5,65110,생명 보험업,65110,생명 보험업
KSIC,11,5,65121,손해 보험업,65121,손해 보험업
KSIC,11,5,65122,보증 보험업,65122,보증 보험업
KSIC,11,5,65200,재 보험업,65200,재 보험업
KSIC,11,5,65301,개인 공제업,65301,개인 공제업
KSIC,11,5,65302,사업 공제업,65302,사업 공제업
KSIC,11,5,66110,금융시장 관리업,66110,금융시장 관리업
KSIC,11,5,66121,증권 중개업,66121,증권 중개업
KSIC,11,5,66122,선물 중개업,66122,선물 중개업
KSIC,11,5,66191,"증권 발행, 관리, 보관 및 거래 지원 서비스업",66191,"증권 발행, 관리, 보관 및 거래 지원 서비스업"
KSIC,11,5,66192,투자 자문업 및 투자 일임업,66192,투자 자문업 및 투자 일임업
KSIC,11,5,66199,그 외 기타 금융 지원 서비스업,66199,그 외 기타 금융 지원 서비스업
KSIC,11,5,66201,손해 사정업,66201,손해 사정업
KSIC,11,5,66202,보험 대리 및 중개업,66202,보험 대리 및 중개업
KSIC,11,5,66209,기타 보험 및 연금관련 서비스업,66209,기타 보험 및 연금관련 서비스업
KSIC,11,5,68111,주거용 건물 임대업,68111,주거용 건물 임대업
KSIC,11,5,68112,비주거용 건물 임대업,68112,비주거용 건물 임대업
KSIC,11,5,68119,기타 부동산 임대업,68119,기타 부동산 임대업
KSIC,11,5,68121,주거용 건물 개발 및 공급업,68121,주거용 건물 개발 및 공급업
KSIC,11,5,68122,비주거용 건물 개발 및 공급업,68122,비주거용 건물 개발 및 공급업
KSIC,11,5,68129,기타 부동산 개발 및 공급업,68129,기타 부동산 개발 및 공급업
KSIC,11,5,68211,주거용 부동산 관리업,68211,주거용 부동산 관리업
KSIC,11,5,68212,비주거용 부동산 관리업,68212,비주거용 부동산 관리업
KSIC,11,5,68221,부동산 중개 및 대리업,68221,부동산 중개 및 대리업
KSIC,11,5,68222,부동산 투자자문업,68222,부동산 투자자문업
KSIC,11,5,68223,부동산 감정평가업,68223,부동산 감정평가업
KSIC,11,5,68224,부동산 분양 대행업,68221,부동산 중개 및 대리업
KSIC,11,5,70111,"물리, 화학 및 생물학 연구개발업",70111,"물리, 화학 및 생물학 연구개발업"
KSIC,11,5,70112,농림수산학 및 수의학 연구개발업,70112,농림수산학 및 수의학 연구개발업
KSIC,11,5,70113,의학 및 약학 연구개발업,70113,의학 및 약학 연구개발업
KSIC,11,5,70119,기타 자연과학 연구개발업,70119,기타 자연과학 연구개발업
KSIC,11,5,70121,전기ㆍ전자공학 연구개발업,70121,전기ㆍ전자공학 연구개발업
KSIC,11,5,70129,기타 공학 연구개발업,70129,기타 공학 연구개발업
KSIC,11,5,70130,자연과학 및 공학 융합 연구개발업,70130,자연과학 및 공학 융합 연구개발업
KSIC,11,5,70201,경제 및 경영학 연구개발업,70201,경제 및 경영학 연구개발업
KSIC,11,5,70209,기타 인문 및 사회과학 연구개발업,70209,기타 인문 및 사회과학 연구개발업
KSIC,11,5,71101,변호사업,71101,변호사업
KSIC,11,5,71102,변리사업,71102,변리사업
KSIC,11,5,71103,법무사업,71103,법무사업
KSIC,11,5,71109,기타 법무관련 서비스업,71109,기타 법무관련 서비스업
KSIC,11,5,71201,공인회계사업,71201,공인회계사업
KSIC,11,5,71202,세무사업,71202,세무사업
KSIC,11,5,71209,기타 회계 관련 서비스업,71209,기타 회계 관련 서비스업
KSIC,11,5,71310,광고 대행업,71310,광고 대행업
KSIC,11,5,71391,옥외 광고업,71391,옥외 및 전시 광고업
KSIC,11,5,71392,"광고물 문안, 도안, 설계 등 작성업",71393,"광고물 문안, 도안, 설계 등 작성업"
KSIC,11,5,71399,그 외 기타 광고 관련 서비스업,71392,광고매체 판매업
KSIC,11,5,71399,그 외 기타 광고 관련 서비스업,71399,그 외 기타 광고 관련 서비스업
KSIC,11,5,71400,시장조사 및 여론조사업,71400,시장조사 및 여론조사업
KSIC,11,5,71511,제조업 회사 본부,71511,제조업 회사 본부
KSIC,11,5,71519,기타 산업 회사 본부,71519,기타 산업 회사 본부
KSIC,11,5,71531,경영 컨설팅업,71531,경영 컨설팅업
KSIC,11,5,71532,공공관계 서비스업,71532,공공관계 서비스업
KSIC,11,5,71600,기타 전문 서비스업,71600,기타 전문 서비스업
KSIC,11,5,72111,건축설계 및 관련 서비스업,72111,건축설계 및 관련 서비스업
KSIC,11,5,72112,도시계획 및 조경설계 서비스업,72112,도시계획 및 조경설계 서비스업
KSIC,11,5,72121,건물 및 토목 엔지니어링 서비스업,72121,건물 및 토목 엔지니어링 서비스업
KSIC,11,5,72122,환경 관련 엔지니어링 서비스업,72122,환경 관련 엔지니어링 서비스업
KSIC,11,5,72129,기타 엔지니어링 서비스업,72129,기타 엔지니어링 서비스업
KSIC,11,5,72911,물질성분 검사 및 분석업,72911,물질성분 검사 및 분석업
KSIC,11,5,72919,"기타 기술 시험, 검사 및 분석업",72919,"기타 기술 시험, 검사 및 분석업"
KSIC,11,5,72921,측량업,72921,측량업
KSIC,11,5,72922,제도업,72922,제도업
KSIC,11,5,72923,지질 조사·탐사 및 지도 제작업,72923,지질 조사 및 탐사업
KSIC,11,5,72923,지질 조사·탐사 및 지도 제작업,72924,지도 제작업
KSIC,11,5,73100,수의업,73100,수의업
KSIC,11,5,73201,인테리어 디자인업,73201,인테리어 디자인업
KSIC,11,5,73202,제품 디자인업,73202,제품 디자인업
KSIC,11,5,73203,시각 디자인업,73203,시각 디자인업
KSIC,11,5,73209,"패션, 섬유류 및 기타 전문 디자인업",73209,"패션, 섬유류 및 기타 전문 디자인업"
KSIC,11,5,73301,인물사진 및 행사용 영상 촬영업,73301,인물사진 및 행사용 영상 촬영업
KSIC,11,5,73302,상업용 사진 촬영업,73302,상업용 사진 촬영업
KSIC,11,5,73303,사진 처리업,73303,사진 처리업
KSIC,11,5,73901,매니저업,73901,매니저업
KSIC,11,5,73902,번역 및 통역 서비스업,73902,번역 및 통역 서비스업
KSIC,11,5,73903,사업 및 무형 재산권 중개업,73903,사업 및 무형 재산권 중개업
KSIC,11,5,73904,"물품 감정, 계량 및 견본 추출업",73904,"물품 감정, 계량 및 견본 추출업"
KSIC,11,5,73905,고고유산 조사연구 서비스업,73909,"그 외 기타 분류 안된 전문, 과학 및 기술 서비스업"
KSIC,11,5,73909,"그 외 기타 분류 안된 전문, 과학 및 기술 서비스업",73909,"그 외 기타 분류 안된 전문, 과학 및 기술 서비스업"
KSIC,11,5,74100,사업시설 유지·관리 서비스업,74100,사업시설 유지·관리 서비스업
KSIC,11,5,74211,건축물 일반 청소업,74211,건축물 일반 청소업
KSIC,11,5,74212,"산업설비, 운송장비 및 공공장소 청소업",74212,"산업설비, 운송장비 및 공공장소 청소업"
KSIC,11,5,74220,"소독, 구충 및 방제 서비스업",74220,"소독, 구충 및 방제 서비스업"
KSIC,11,5,74300,조경 관리 및 유지 서비스업,74300,조경 관리 및 유지 서비스업
KSIC,11,5,75110,고용 알선업,75110,고용 알선업
KSIC,11,5,75121,임시 및 일용 인력 공급업,75121,임시 및 일용 인력 공급업
KSIC,11,5,75122,상용 인력 공급 및 인사관리 서비스업,75122,상용 인력 공급 및 인사관리 서비스업
KSIC,11,5,75210,여행사업,75210,여행사업
KSIC,11,5,75290,기타 여행 보조 및 예약 서비스업,75290,기타 여행 보조 및 예약 서비스업
KSIC,11,5,75310,경비 및 경호 서비스업,75310,경비 및 경호 서비스업
KSIC,11,5,75320,보안시스템 서비스업,75320,보안시스템 서비스업
KSIC,11,5,75330,탐정 및 조사 서비스업,75330,탐정 및 조사 서비스업
KSIC,11,5,75911,문서 작성 및 복사업,75911,문서 작성업
KSIC,11,5,75911,문서 작성 및 복사업,75912,복사업
KSIC,11,5,75919,기타 사무지원 서비스업,75919,기타 사무지원 서비스업
KSIC,11,5,75991,콜센터 및 텔레마케팅 서비스업,75991,콜센터 및 텔레마케팅 서비스업
KSIC,11,5,75992,"전시, 컨벤션 및 행사 대행업",75992,"전시, 컨벤션 및 행사 대행업"
KSIC,11,5,75993,신용 조사 및 추심 대행업,75993,신용 조사 및 추심 대행업
KSIC,11,5,75994,포장 및 충전업,75994,포장 및 충전업
KSIC,11,5,75995,온라인 활용 마케팅 및 관련 사업지원 서비스업,75999,그 외 기타 분류 안된 사업지원 서비스업
KSIC,11,5,75999,그 외 기타 분류 안된 사업지원 서비스업,75999,그 외 기타 분류 안된 사업지원 서비스업
KSIC,11,5,76110,자동차 임대업,76110,자동차 임대업
KSIC,11,5,76190,기타 운송장비 임대업,76190,기타 운송장비 임대업
KSIC,11,5,76210,스포츠 및 레크리에이션 용품 임대업,76210,스포츠 및 레크리에이션 용품 임대업
KSIC,11,5,76220,음반 및 비디오물 임대업,76220,음반 및 비디오물 임대업
KSIC,11,5,76291,서적 임대업,76291,서적 임대업
KSIC,11,5,76292,의류 임대업,76292,의류 임대업
KSIC,11,5,76299,그 외 기타 개인 및 가정용품 임대업,76299,그 외 기타 개인 및 가정용품 임대업
KSIC,11,5,76310,건설 및 토목공사용 기계·장비 임대업,76310,건설 및 토목공사용 기계·장비 임대업
KSIC,11,5,76320,컴퓨터 및 사무용 기계·장비 임대업,76320,컴퓨터 및 사무용 기계·장비 임대업
KSIC,11,5,76390,기타 산업용 기계 및 장비 임대업,76390,기타 산업용 기계 및 장비 임대업
KSIC,11,5,76400,무형재산권 임대업,76400,무형재산권 임대업
KSIC,11,5,84111,입법기관,84111,입법기관
KSIC,11,5,84112,중앙 최고 집행기관,84112,중앙 최고 집행기관
KSIC,11,5,84113,지방행정 집행기관,84113,지방행정 집행기관
KSIC,11,5,84114,재정 및 경제정책 행정,84114,재정 및 경제정책 행정
KSIC,11,5,84119,기타 일반 공공 행정,84119,기타 일반 공공 행정
KSIC,11,5,84120,정부기관 일반 보조 행정,84120,정부기관 일반 보조 행정
KSIC,11,5,84211,교육 행정,84211,교육 행정
KSIC,11,5,84212,문화 및 관광 행정,84212,문화 및 관광 행정
KSIC,11,5,84213,환경 행정,84213,환경 행정
KSIC,11,5,84214,보건 및 복지 행정,84214,보건 및 복지 행정
KSIC,11,5,84219,기타 사회서비스 관리 행정,84219,기타 사회서비스 관리 행정
KSIC,11,5,84221,노동 행정,84221,노동 행정
KSIC,11,5,84222,농림수산 행정,84222,농림수산 행정
KSIC,11,5,84223,건설 및 운송 행정,84223,건설 및 운송 행정
KSIC,11,5,84224,우편 및 통신행정,84224,우편 및 통신행정
KSIC,11,5,84229,기타 산업진흥 행정,84229,기타 산업진흥 행정
KSIC,11,5,84310,외무 행정,84310,외무 행정
KSIC,11,5,84320,국방 행정,84320,국방 행정
KSIC,11,5,84401,법원,84401,법원
KSIC,11,5,84402,검찰,84402,검찰
KSIC,11,5,84403,교도기관,84403,교도기관
KSIC,11,5,84404,경찰,84404,경찰
KSIC,11,5,84405,소방서,84405,소방서
KSIC,11,5,84409,기타 사법 및 공공질서 행정,84409,기타 사법 및 공공질서 행정
KSIC,11,5,84500,사회보장 행정,84500,사회보장 행정
KSIC,11,5,84611,건강 보험업,65131,건강 보험업
KSIC,11,5,84619,산업재해 및 기타 사회보장 보험업,65139,산업재해 및 기타 사회보장 보험업
KSIC,11,5,84620,연금업,65303,연금업
KSIC,11,5,85110,유아 교육기관,85110,유아 교육기관
KSIC,11,5,85120,초등학교,85120,초등학교
KSIC,11,5,85211,중학교,85211,중학교
KSIC,11,5,85212,일반 고등학교,85212,일반 고등학교
KSIC,11,5,85221,상업 및 정보산업 특성화 고등학교,85221,상업 및 정보산업 특성화 고등학교
KSIC,11,5,85222,공업 특성화 고등학교,85222,공업 특성화 고등학교
KSIC,11,5,85229,기타 특성화 고등학교,85229,기타 특성화 고등학교
KSIC,11,5,85301,전문대학,85301,전문대학
KSIC,11,5,85302,대학교,85302,대학교
KSIC,11,5,85303,대학원,85303,대학원
KSIC,11,5,85410,특수학교,85410,특수학교
KSIC,11,5,85420,외국인 학교,85420,외국인 학교
KSIC,11,5,85430,대안학교,85430,대안학교
KSIC,11,5,85501,일반 교과 학원,85501,일반 교과 학원
KSIC,11,5,85502,방문 교육 학원,85502,방문 교육 학원
KSIC,11,5,85503,온라인 교육 학원,85503,온라인 교육 학원
KSIC,11,5,85611,태권도 및 무술 교육기관,85611,태권도 및 무술 교육기관
KSIC,11,5,85612,기타 스포츠 교육기관,85612,기타 스포츠 교육기관
KSIC,11,5,85613,레크리에이션 교육기관,85613,레크리에이션 교육기관
KSIC,11,5,85614,청소년 수련시설 운영업,85614,청소년 수련시설 운영업
KSIC,11,5,85621,음악학원,85621,음악학원
KSIC,11,5,85622,미술학원,85622,미술학원
KSIC,11,5,85629,기타 예술학원,85629,기타 예술학원
KSIC,11,5,85631,외국어학원,85631,외국어학원
KSIC,11,5,85632,기타 교습학원,85632,기타 교습학원
KSIC,11,5,85640,사회교육시설,85640,사회교육시설
KSIC,11,5,85650,직원훈련기관,85650,직원훈련기관
KSIC,11,5,85661,운전학원,85661,운전학원
KSIC,11,5,85669,기타 기술 및 직업훈련학원,85669,기타 기술 및 직업훈련학원
KSIC,11,5,85691,컴퓨터 학원,85691,컴퓨터 학원
KSIC,11,5,85699,그 외 기타 분류 안된 교육기관,85699,그 외 기타 분류 안된 교육기관
KSIC,11,5,85701,교육관련 자문 및 평가업,85701,교육관련 자문 및 평가업
KSIC,11,5,85709,기타 교육지원 서비스업,85709,기타 교육지원 서비스업
KSIC,11,5,86101,종합 병원,86101,종합 병원
KSIC,11,5,86102,일반 병원,86102,일반 병원
KSIC,11,5,86103,치과 병원,86103,치과 병원
KSIC,11,5,86104,한방 병원,86104,한방 병원
KSIC,11,5,86105,요양 병원,86105,요양 병원
KSIC,11,5,86201,일반 의원,86201,일반 의원
KSIC,11,5,86202,치과 의원,86202,치과 의원
KSIC,11,5,86203,한의원,86203,한의원
KSIC,11,5,86204,방사선 진단 및 병리 검사 의원,86204,방사선 진단 및 병리 검사 의원
KSIC,11,5,86300,공중 보건 의료업,86300,공중 보건 의료업
KSIC,11,5,86901,앰뷸런스 서비스업,86901,앰뷸런스 서비스업
KSIC,11,5,86902,유사 의료업,86902,유사 의료업
KSIC,11,5,86909,그 외 기타 보건업,86909,그 외 기타 보건업
KSIC,11,5,87111,노인 요양 복지시설 운영업,87111,노인 요양 복지시설 운영업
KSIC,11,5,87112,노인 양로 복지시설 운영업,87112,노인 양로 복지시설 운영업
KSIC,11,5,87121,신체 부자유자 거주 복지시설 운영업,87121,신체 부자유자 거주 복지시설 운영업
KSIC,11,5,87122,"정신질환, 정신지체 및 약물 중독자 거주 복지시설 운영업",87122,"정신질환, 정신지체 및 약물 중독자 거주 복지시설 운영업"
KSIC,11,5,87131,아동 및 부녀자 거주 복지시설 운영업,87131,아동 및 부녀자 거주 복지시설 운영업
KSIC,11,5,87139,그 외 기타 거주 복지시설 운영업,87139,그 외 기타 거주 복지시설 운영업
KSIC,11,5,87210,보육시설 운영업,87210,보육시설 운영업
KSIC,11,5,87291,직업재활원 운영업,87291,직업재활원 운영업
KSIC,11,5,87292,종합복지관 운영업,87292,종합복지관 운영업
KSIC,11,5,87293,방문 복지서비스 제공업,87293,방문 복지서비스 제공업
KSIC,11,5,87294,사회복지 상담서비스 제공업,87294,사회복지 상담서비스 제공업
KSIC,11,5,87299,그 외 기타 비거주 복지 서비스업,87299,그 외 기타 비거주 복지 서비스업
KSIC,11,5,90110,공연시설 운영업,90110,공연시설 운영업
KSIC,11,5,90121,연극단체,90121,연극단체
KSIC,11,5,90122,무용 및 음악단체,90122,무용 및 음악단체
KSIC,11,5,90123,기타 공연단체,90123,기타 공연단체
KSIC,11,5,90131,공연 예술가,90131,공연 예술가
KSIC,11,5,90132,비공연 예술가,90132,비공연 예술가
KSIC,11,5,90191,공연 기획업,90191,공연 기획업
KSIC,11,5,90199,그 외 기타 창작 및 예술관련 서비스업,90192,공연 및 제작관련 대리업
KSIC,11,5,90199,그 외 기타 창작 및 예술관련 서비스업,90199,그 외 기타 창작 및 예술관련 서비스업
KSIC,11,5,90211,도서관 및 기록보존소 운영업,90211,도서관 및 기록보존소 운영업
KSIC,11,5,90212,독서실 운영업,90212,독서실 운영업
KSIC,11,5,90221,박물관 운영업,90221,박물관 운영업
KSIC,11,5,90222,사적지 관리 운영업,90222,사적지 관리 운영업
KSIC,11,5,90231,식물원 및 동물원 운영업,90231,식물원 및 동물원 운영업
KSIC,11,5,90232,자연공원 운영업,90232,자연공원 운영업
KSIC,11,5,90290,기타 유사 여가관련 서비스업,90290,기타 유사 여가관련 서비스업
KSIC,11,5,91111,실내 경기장 운영업,91111,실내 경기장 운영업
KSIC,11,5,91112,실외 경기장 운영업,91112,실외 경기장 운영업
KSIC,11,5,91113,경주장 및 동물 경기장 운영업,91113,경주장 및 동물 경기장 운영업
KSIC,11,5,91121,골프장 운영업,91121,골프장 운영업
KSIC,11,5,91122,스키장 운영업,91122,스키장 운영업
KSIC,11,5,91131,종합 스포츠시설 운영업,91131,종합 스포츠시설 운영업
KSIC,11,5,91132,체력단련시설 운영업,91132,체력단련시설 운영업
KSIC,11,5,91133,수영장 운영업,91133,수영장 운영업
KSIC,11,5,91134,볼링장 운영업,91134,볼링장 운영업
KSIC,11,5,91135,당구장 운영업,91135,당구장 운영업
KSIC,11,5,91136,골프연습장 운영업,91136,골프연습장 운영업
KSIC,11,5,91139,그 외 기타 스포츠시설 운영업,91139,그 외 기타 스포츠시설 운영업
KSIC,11,5,91191,스포츠 클럽 운영업,91191,스포츠 클럽 운영업
KSIC,11,5,91199,그 외 기타 스포츠 서비스업,91199,그 외 기타 스포츠 서비스업
KSIC,11,5,91210,유원지 및 테마파크 운영업,91210,유원지 및 테마파크 운영업
KSIC,11,5,91221,전자 게임장 운영업,91221,전자 게임장 운영업
KSIC,11,5,91222,컴퓨터 게임방 운영업,91222,컴퓨터 게임방 운영업
KSIC,11,5,91223,노래연습장 운영업,91223,노래연습장 운영업
KSIC,11,5,91229,기타 오락장 운영업,91229,기타 오락장 운영업
KSIC,11,5,91231,낚시장 운영업,91231,낚시장 운영업
KSIC,11,5,91239,기타 수상오락 서비스업,91239,기타 수상오락 서비스업
KSIC,11,5,91241,복권발행 및 판매업,91241,복권발행 및 판매업
KSIC,11,5,91242,카지노 운영업,91249,기타 사행시설 관리 및 운영업
KSIC,11,5,91249,기타 사행시설 관리 및 운영업,91249,기타 사행시설 관리 및 운영업
KSIC,11,5,91291,무도장 운영업,91291,무도장 운영업
KSIC,11,5,91292,체육공원 및 유사 공원 운영업,91292,체육공원 및 유사 공원 운영업
KSIC,11,5,91293,기원 운영업,91293,기원 운영업
KSIC,11,5,91299,그 외 기타 분류 안된 오락관련 서비스업,91299,그 외 기타 분류 안된 오락관련 서비스업
KSIC,11,5,94110,산업 단체,94110,산업 단체
KSIC,11,5,94120,전문가 단체,94120,전문가 단체
KSIC,11,5,94200,노동조합,94200,노동조합
KSIC,11,5,94911,불교 단체,94911,불교 단체
KSIC,11,5,94912,기독교 단체,94912,기독교 단체
KSIC,11,5,94913,천주교 단체,94913,천주교 단체
KSIC,11,5,94914,민족종교 단체,94914,민족종교 단체
KSIC,11,5,94919,기타 종교 단체,94919,기타 종교 단체
KSIC,11,5,94920,정치 단체,94920,정치 단체
KSIC,11,5,94931,환경운동 단체,94931,환경운동 단체
KSIC,11,5,94939,기타 시민운동 단체,94939,기타 시민운동 단체
KSIC,11,5,94990,그 외 기타 협회 및 단체,94990,그 외 기타 협회 및 단체
KSIC,11,5,95110,컴퓨터 및 주변 기기 수리업,95110,컴퓨터 및 주변 기기 수리업
KSIC,11,5,95120,통신장비 수리업,95120,통신장비 수리업
KSIC,11,5,95211,자동차 종합 수리업,95211,자동차 종합 수리업
KSIC,11,5,95212,자동차 전문 수리업,95212,자동차 전문 수리업
KSIC,11,5,95213,자동차 세차업,95213,자동차 세차업
KSIC,11,5,95220,모터사이클 수리업,95220,모터사이클 수리업
KSIC,11,5,95310,가전제품 수리업,95310,가전제품 수리업
KSIC,11,5,95391,의복 및 기타 가정용 직물제품 수리업,95391,의복 및 기타 가정용 직물제품 수리업
KSIC,11,5,95392,"가죽, 가방 및 신발 수리업",95392,"가죽, 가방 및 신발 수리업"
KSIC,11,5,95393,"시계, 귀금속 및 악기 수리업",95393,"시계, 귀금속 및 악기 수리업"
KSIC,11,5,95399,그 외 기타 개인 및 가정용품 수리업,95399,그 외 기타 개인 및 가정용품 수리업
KSIC,11,5,96111,이용업,96111,이용업
KSIC,11,5,96112,두발 미용업,96112,두발 미용업
KSIC,11,5,96113,피부 미용업,96113,피부 미용업
KSIC,11,5,96119,기타 미용업,96119,기타 미용업
KSIC,11,5,96121,욕탕업,96121,욕탕업
KSIC,11,5,96122,마사지업,96122,마사지업
KSIC,11,5,96129,체형 등 기타 신체관리 서비스업,96129,체형 등 기타 신체관리 서비스업
KSIC,11,5,96911,산업용 세탁업,96911,산업용 세탁업
KSIC,11,5,96912,가정용 세탁업,96912,가정용 세탁업
KSIC,11,5,96913,세탁물 공급업,96913,세탁물 공급업
KSIC,11,5,96921,장례식장 및 장의관련 서비스업,96921,장례식장 및 장의관련 서비스업
KSIC,11,5,96922,"화장터 운영, 묘지 분양 및 관리업",96922,"화장터 운영, 묘지 분양 및 관리업"
KSIC,11,5,96991,예식장업,96991,예식장업
KSIC,11,5,96992,점술 및 유사 서비스업,96992,점술 및 유사 서비스업
KSIC,11,5,96993,개인 간병 및 유사 서비스업,96993,개인 간병 및 유사 서비스업
KSIC,11,5,96994,결혼 상담 및 준비 서비스업,96994,결혼 상담 및 준비 서비스업
KSIC,11,5,96995,반려동물 장묘 및 보호 서비스업,96995,애완동물 장묘 및 보호 서비스업
KSIC,11,5,96999,그 외 기타 달리 분류되지 않은 개인 서비스업,96999,그 외 기타 달리 분류되지 않은 개인 서비스업
KSIC,11,5,97000,가구 내 고용활동,97000,가구 내 고용활동
KSIC,11,5,98100,자가 소비를 위한 가사 생산 활동,98100,자가 소비를 위한 가사 생산 활동
KSIC,11,5,98200,자가 소비를 위한 가사 서비스 활동,98200,자가 소비를 위한 가사 서비스 활동
KSIC,11,5,99001,주한 외국공관,99001,주한 외국공관
KSIC,11,5,99009,기타 국제 및 외국기관,99009,기타 국제 및 외국기관
KSIC,10,1,A,"농업, 임업 및 어업(01~03)",A,"농업, 임업 및 어업(01~03)"
KSIC,10,1,A,"농업, 임업 및 어업(01~03)",M,"전문, 과학 및 기술 서비스업(70~73)"
KSIC,10,1,B,광업(05~08),B,광업(05~08)
KSIC,10,1,C,제조업(10~34),C,제조업(10~33)
KSIC,10,1,C,제조업(10~34),B,광업(05~08)
KSIC,10,1,C,제조업(10~34),S,"협회 및 단체, 수리  및 기타 개인 서비스업(94~96)"
KSIC,10,1,C,제조업(10~34),M,"전문, 과학 및 기술 서비스업(70~73)"
KSIC,10,1,D,"전기, 가스, 증기 및 공기 조절 공급업(35)",D,"전기, 가스, 증기 및 수도사업(35~36)"
KSIC,10,1,E,"수도, 하수 및 폐기물 처리, 원료 재생업(36~39)",E,"하수 · 폐기물 처리, 원료재생 및 환경복원업(37~39)"
KSIC,10,1,E,"수도, 하수 및 폐기물 처리, 원료 재생업(36~39)",D,"전기, 가스, 증기 및 수도사업(35~36)"
KSIC,10,1,E,"수도, 하수 및 폐기물 처리, 원료 재생업(36~39)",N,사업시설관리 및 사업지원 서비스업(74~75)
KSIC,10,1,F,건설업(41~42),F,건설업(41~42)
KSIC,10,1,G,도매 및 소매업(45~47),G,도매 및 소매업(45~47)
KSIC,10,1,G,도매 및 소매업(45~47),H,운수업(49~52)
KSIC,10,1,H,운수 및 창고업(49~52),H,운수업(49~52)
KSIC,10,1,I,숙박 및 음식점업(55~56),R,"예술, 스포츠 및 여가관련 서비스업(90~91)"
KSIC,10,1,I,숙박 및 음식점업(55~56),I,숙박 및 음식점업(55~56)
KSIC,10,1,J,정보통신업(58~63),J,"출판, 영상, 방송통신 및 정보서비스업(58~63)"
KSIC,10,1,K,금융 및 보험업(64~66),K,금융 및 보험업(64~66)
KSIC,10,1,K,금융 및 보험업(64~66),M,"전문, 과학 및 기술 서비스업(70~73)"
KSIC,10,1,L,부동산업(68),L,부동산업 및 임대업(68~69)
KSIC,10,1,M,"전문, 과학 및 기술 서비스업(70~73)",M,"전문, 과학 및 기술 서비스업(70~73)"
KSIC,10,1,M,"전문, 과학 및 기술 서비스업(70~73)",N,사업시설관리 및 사업지원 서비스업(74~75)
KSIC,10,1,N,"사업시설 관리, 사업 지원 및 임대 서비스업(74~76)",L,부동산업 및 임대업(68~69)
KSIC,10,1,N,"사업시설 관리, 사업 지원 및 임대 서비스업(74~76)",N,사업시설관리 및 사업지원 서비스업(74~75)
KSIC,10,1,N,"사업시설 관리, 사업 지원 및 임대 서비스업(74~76)",R,"예술, 스포츠 및 여가관련 서비스업(90~91)"
KSIC,10,1,O,"공공 행정, 국방 및 사회보장 행정(84)",O,"공공행정, 국방 및 사회보장 행정(84)"
KSIC,10,1,P,교육 서비스업(85),P,교육 서비스업(85)
KSIC,10,1,P,교육 서비스업(85),I,숙박 및 음식점업(55~56)
KSIC,10,1,P,교육 서비스업(85),R,"예술, 스포츠 및 여가관련 서비스업(90~91)"
KSIC,10,1,Q,보건업 및 사회복지 서비스업(86~87),Q,보건업 및 사회복지 서비스업(86~87)
KSIC,10,1,R,"예술, 스포츠 및 여가관련 서비스업(90~91)",R,"예술, 스포츠 및 여가관련 서비스업(90~91)"
KSIC,10,1,S,"협회 및 단체, 수리 및 기타 개인 서비스업(94~96)",S,"협회 및 단체, 수리  및 기타 개인 서비스업(94~96)"
KSIC,10,1,T,가구 내 고용활동 및 달리 분류되지 않은 자가 소비 생산활동(97~98),T,가구내 고용활동 및 달리 분류되지 않은 자가소비 생산활동(97~98)
KSIC,10,1,U,국제 및 외국기관(99),U,국제 및 외국기관(99)
KSIC,10,2,1,농업,73,"기타 전문, 과학 및 기술 서비스업"
KSIC,10,2,1,농업,1,농업
KSIC,10,2,2,임업,2,임업
KSIC,10,2,3,어업,3,어업
KSIC,10,2,5,"석탄, 원유 및 천연가스 광업",5,"석탄, 원유 및 천연가스 광업"
KSIC,10,2,6,금속 광업,6,금속 광업
KSIC,10,2,7,비금속광물 광업; 연료용 제외,7,비금속광물 광업;연료용 제외
KSIC,10,2,8,광업 지원 서비스업,8,광업 지원 서비스업
KSIC,10,2,10,식료품 제조업,10,식료품 제조업
KSIC,10,2,11,음료 제조업,11,음료 제조업
KSIC,10,2,12,담배 제조업,12,담배 제조업
KSIC,10,2,13,섬유제품 제조업; 의복 제외,13,섬유제품 제조업; 의복제외
KSIC,10,2,14,"의복, 의복 액세서리 및 모피제품 제조업",14,"의복, 의복액세서리 및 모피제품 제조업"
KSIC,10,2,15,"가죽, 가방 및 신발 제조업",14,"의복, 의복액세서리 및 모피제품 제조업"
KSIC,10,2,15,"가죽, 가방 및 신발 제조업",15,"가죽, 가방 및 신발 제조업"
KSIC,10,2,16,목재 및 나무제품 제조업; 가구 제외,16,목재 및 나무제품 제조업;가구제외
KSIC,10,2,17,"펄프, 종이 및 종이제품 제조업",17,"펄프, 종이 및 종이제품 제조업"
KSIC,10,2,18,인쇄 및 기록매체 복제업,33,기타 제품 제조업
KSIC,10,2,18,인쇄 및 기록매체 복제업,18,인쇄 및 기록매체 복제업
KSIC,10,2,19,"코크스, 연탄 및 석유정제품 제조업",19,"코크스, 연탄 및 석유정제품 제조업"
KSIC,10,2,19,"코크스, 연탄 및 석유정제품 제조업",23,비금속 광물제품 제조업
KSIC,10,2,20,화학 물질 및 화학제품 제조업; 의약품 제외,19,"코크스, 연탄 및 석유정제품 제조업"
KSIC,10,2,20,화학 물질 및 화학제품 제조업; 의약품 제외,20,화학물질 및 화학제품 제조업;의약품 제외
KSIC,10,2,21,의료용 물질 및 의약품 제조업,21,의료용 물질 및 의약품 제조업
KSIC,10,2,22,고무 및 플라스틱제품 제조업,22,고무제품 및 플라스틱제품 제조업
KSIC,10,2,23,비금속 광물제품 제조업,23,비금속 광물제품 제조업
KSIC,10,2,23,비금속 광물제품 제조업,7,비금속광물 광업;연료용 제외
KSIC,10,2,24,1차 금속 제조업,24,1차 금속 제조업
KSIC,10,2,25,금속 가공제품 제조업; 기계 및 가구 제외,25,금속가공제품 제조업;기계 및 가구 제외
KSIC,10,2,26,"전자 부품, 컴퓨터, 영상, 음향 및 통신장비 제조업",73,"기타 전문, 과학 및 기술 서비스업"
KSIC,10,2,26,"전자 부품, 컴퓨터, 영상, 음향 및 통신장비 제조업",26,"전자부품, 컴퓨터, 영상, 음향 및 통신장비 제조업"
KSIC,10,2,27,"의료, 정밀, 광학 기기 및 시계 제조업",27,"의료, 정밀, 광학기기 및 시계 제조업"
KSIC,10,2,28,전기장비 제조업,28,전기장비 제조업
KSIC,10,2,29,기타 기계 및 장비 제조업,29,기타 기계 및 장비 제조업
KSIC,10,2,30,자동차 및 트레일러 제조업,30,자동차 및 트레일러 제조업
KSIC,10,2,30,자동차 및 트레일러 제조업,32,가구 제조업
KSIC,10,2,31,기타 운송장비 제조업,31,기타 운송장비 제조업
KSIC,10,2,31,기타 운송장비 제조업,32,가구 제조업
KSIC,10,2,31,기타 운송장비 제조업,33,기타 제품 제조업
KSIC,10,2,32,가구 제조업,32,가구 제조업
KSIC,10,2,33,기타 제품 제조업,33,기타 제품 제조업
KSIC,10,2,34,산업용 기계 및 장비 수리업,95,수리업
KSIC,10,2,35,"전기, 가스, 증기 및 공기 조절 공급업",35,"전기, 가스, 증기 및 공기조절 공급업"
KSIC,10,2,36,수도업,36,수도사업
KSIC,10,2,37,"하수, 폐수 및 분뇨 처리업",37,"하수, 폐수 및 분뇨 처리업"
KSIC,10,2,37,"하수, 폐수 및 분뇨 처리업",74,사업시설 관리 및 조경 서비스업
KSIC,10,2,38,"폐기물 수집, 운반, 처리 및 원료 재생업",38,"폐기물 수집운반, 처리 및 원료재생업"
KSIC,10,2,39,환경 정화 및 복원업,39,환경 정화 및 복원업
KSIC,10,2,41,종합 건설업,41,종합 건설업
KSIC,10,2,41,종합 건설업,42,전문직별 공사업
KSIC,10,2,42,전문직별 공사업,41,종합 건설업
KSIC,10,2,42,전문직별 공사업,42,전문직별 공사업
KSIC,10,2,45,자동차 및 부품 판매업,45,자동차 및 부품 판매업
KSIC,10,2,46,도매 및 상품 중개업,46,도매 및 상품중개업
KSIC,10,2,46,도매 및 상품 중개업,52,창고 및 운송관련 서비스업
KSIC,10,2,47,소매업; 자동차 제외,47,소매업; 자동차 제외
KSIC,10,2,49,육상 운송 및 파이프라인 운송업,49,육상운송 및 파이프라인 운송업
KSIC,10,2,50,수상 운송업,50,수상 운송업
KSIC,10,2,51,항공 운송업,51,항공 운송업
KSIC,10,2,52,창고 및 운송관련 서비스업,50,수상 운송업
KSIC,10,2,52,창고 및 운송관련 서비스업,52,창고 및 운송관련 서비스업
KSIC,10,2,55,숙박업,91,스포츠 및 오락관련 서비스업
KSIC,10,2,55,숙박업,55,숙박업
KSIC,10,2,56,음식점 및 주점업,56,음식점 및 주점업
KSIC,10,2,58,출판업,58,출판업
KSIC,10,2,59,영상ㆍ오디오 기록물 제작 및 배급업,59,영상·오디오 기록물 제작 및 배급업
KSIC,10,2,60,방송업,60,방송업
KSIC,10,2,61,우편 및 통신업,61,통신업
KSIC,10,2,62,"컴퓨터 프로그래밍, 시스템 통합 및 관리업",62,"컴퓨터 프로그래밍, 시스템 통합 및 관리업"
KSIC,10,2,63,정보서비스업,63,정보서비스업
KSIC,10,2,64,금융업,64,금융업
KSIC,10,2,64,금융업,71,전문서비스업
KSIC,10,2,65,보험 및 연금업,65,보험 및 연금업
KSIC,10,2,66,금융 및 보험관련 서비스업,66,금융 및 보험 관련 서비스업
KSIC,10,2,68,부동산업,68,부동산업
KSIC,10,2,70,연구개발업,70,연구개발업
KSIC,10,2,71,전문 서비스업,75,사업지원 서비스업
KSIC,10,2,71,전문 서비스업,71,전문서비스업
KSIC,10,2,72,"건축 기술, 엔지니어링 및 기타 과학기술 서비스업",72,"건축기술, 엔지니어링 및 기타 과학기술 서비스업"
KSIC,10,2,73,"기타 전문, 과학 및 기술 서비스업",73,"기타 전문, 과학 및 기술 서비스업"
KSIC,10,2,73,"기타 전문, 과학 및 기술 서비스업",75,사업지원 서비스업
KSIC,10,2,74,사업시설 관리 및 조경 서비스업,74,사업시설 관리 및 조경 서비스업
KSIC,10,2,75,사업 지원 서비스업,90,"창작, 예술 및 여가관련 서비스업"
KSIC,10,2,75,사업 지원 서비스업,75,사업지원 서비스업
KSIC,10,2,76,임대업; 부동산 제외,68,부동산업
KSIC,10,2,76,임대업; 부동산 제외,69,임대업;부동산 제외
KSIC,10,2,84,"공공 행정, 국방 및 사회보장 행정",84,"공공행정, 국방 및 사회보장 행정"
KSIC,10,2,85,교육 서비스업,91,스포츠 및 오락관련 서비스업
KSIC,10,2,85,교육 서비스업,55,숙박업
KSIC,10,2,85,교육 서비스업,85,교육 서비스업
KSIC,10,2,86,보건업,86,보건업
KSIC,10,2,87,사회복지 서비스업,87,사회복지 서비스업
KSIC,10,2,90,"창작, 예술 및 여가관련 서비스업",90,"창작, 예술 및 여가관련 서비스업"
KSIC,10,2,91,스포츠 및 오락관련 서비스업,91,스포츠 및 오락관련 서비스업
KSIC,10,2,94,협회 및 단체,94,협회 및 단체
KSIC,10,2,95,개인 및 소비용품 수리업,95,수리업
KSIC,10,2,96,기타 개인 서비스업,96,기타 개인 서비스업
KSIC,10,2,97,가구 내 고용활동,97,가구내 고용활동
KSIC,10,2,98,달리 분류되지 않은 자가 소비를 위한 가구의 재화 및 서비스 생산활동,98,달리 분류되지 않은 자가소비를 위한 가구의 재화 및 서비스 생산활동
KSIC,10,2,99,국제 및 외국기관,99,국제 및 외국기관
KSIC,10,3,11,작물 재배업,11,작물 재배업
KSIC,10,3,12,축산업,12,축산업
KSIC,10,3,13,작물재배 및 축산 복합농업,13,작물재배 및 축산 복합농업
KSIC,10,3,14,작물재배 및 축산 관련 서비스업,731,수의업
KSIC,10,3,14,작물재배 및 축산 관련 서비스업,14,작물재배 및 축산 관련 서비스업
KSIC,10,3,15,수렵 및 관련 서비스업,15,수렵 및 관련 서비스업
KSIC,10,3,20,임업,20,임업
KSIC,10,3,31,어로 어업,31,어로 어업
KSIC,10,3,32,양식어업 및 어업관련 서비스업,32,양식어업 및 어업관련 서비스업
KSIC,10,3,51,석탄 광업,51,석탄 광업
KSIC,10,3,52,원유 및 천연가스 채굴업,52,원유 및 천연가스 채굴업
KSIC,10,3,61,철 광업,61,철 광업
KSIC,10,3,62,비철금속 광업,62,비철금속 광업
KSIC,10,3,71,토사석 광업,71,토사석 광업
KSIC,10,3,72,기타 비금속광물 광업,72,기타 비금속광물 광업
KSIC,10,3,80,광업 지원 서비스업,80,광업 지원 서비스업
KSIC,10,3,101,"도축, 육류 가공 및 저장 처리업",101,"도축, 육류 가공 및 저장 처리업"
KSIC,10,3,102,수산물 가공 및 저장 처리업,102,수산물 가공 및 저장 처리업
KSIC,10,3,103,"과실, 채소 가공 및 저장 처리업",103,"과실, 채소 가공 및 저장 처리업"
KSIC,10,3,104,동물성 및 식물성 유지 제조업,104,동물성 및 식물성 유지 제조업
KSIC,10,3,105,낙농제품 및 식용 빙과류 제조업,105,낙농제품 및 식용빙과류 제조업
KSIC,10,3,106,"곡물 가공품, 전분 및 전분제품 제조업",106,"곡물가공품, 전분 및 전분제품 제조업"
KSIC,10,3,106,"곡물 가공품, 전분 및 전분제품 제조업",107,기타 식품 제조업
KSIC,10,3,107,기타 식품 제조업,107,기타 식품 제조업
KSIC,10,3,108,동물용 사료 및 조제식품 제조업,108,동물용 사료 및 조제식품 제조업
KSIC,10,3,111,알코올 음료 제조업,111,알콜음료 제조업
KSIC,10,3,112,비알코올 음료 및 얼음 제조업,112,비알콜음료 및 얼음 제조업
KSIC,10,3,120,담배 제조업,120,담배 제조업
KSIC,10,3,131,방적 및 가공사 제조업,131,방적 및 가공사 제조업
KSIC,10,3,132,직물 직조 및 직물제품 제조업,132,직물직조 및 직물제품 제조업
KSIC,10,3,132,직물 직조 및 직물제품 제조업,139,기타 섬유제품 제조업
KSIC,10,3,133,편조 원단 제조업,133,편조원단 및 편조제품 제조업
KSIC,10,3,134,"섬유제품 염색, 정리 및 마무리 가공업",132,직물직조 및 직물제품 제조업
KSIC,10,3,134,"섬유제품 염색, 정리 및 마무리 가공업",134,"섬유제품 염색, 정리 및 마무리 가공업"
KSIC,10,3,139,기타 섬유제품 제조업,133,편조원단 및 편조제품 제조업
KSIC,10,3,139,기타 섬유제품 제조업,139,기타 섬유제품 제조업
KSIC,10,3,141,봉제의복 제조업,141,봉제의복 제조업
KSIC,10,3,142,모피제품 제조업,142,모피가공 및 모피제품 제조업
KSIC,10,3,143,편조의복 제조업,143,편조의복 제조업
KSIC,10,3,144,의복 액세서리 제조업,142,모피가공 및 모피제품 제조업
KSIC,10,3,144,의복 액세서리 제조업,144,의복 액세서리 제조업
KSIC,10,3,151,"가죽, 가방 및 유사 제품 제조업",142,모피가공 및 모피제품 제조업
KSIC,10,3,151,"가죽, 가방 및 유사 제품 제조업",151,"가죽, 가방 및 유사제품 제조업"
KSIC,10,3,152,신발 및 신발 부분품 제조업,152,신발 및 신발부분품 제조업
KSIC,10,3,161,제재 및 목재 가공업,161,제재 및 목재 가공업
KSIC,10,3,162,나무제품 제조업,162,나무제품 제조업
KSIC,10,3,163,코르크 및 조물 제품 제조업,163,코르크 및 조물 제품 제조업
KSIC,10,3,171,"펄프, 종이 및 판지 제조업",171,"펄프, 종이 및 판지 제조업"
KSIC,10,3,172,"골판지, 종이 상자 및 종이 용기 제조업",172,"골판지, 종이 상자 및 종이 용기 제조업"
KSIC,10,3,179,기타 종이 및 판지 제품 제조업,179,기타 종이 및 판지 제품 제조업
KSIC,10,3,181,인쇄 및 인쇄관련 산업,339,그외 기타 제품 제조업
KSIC,10,3,181,인쇄 및 인쇄관련 산업,181,인쇄 및 인쇄관련 산업
KSIC,10,3,182,기록매체 복제업,182,기록매체 복제업
KSIC,10,3,191,코크스 및 연탄 제조업,191,코크스 및 연탄 제조업
KSIC,10,3,192,석유 정제품 제조업,192,석유 정제품 제조업
KSIC,10,3,192,석유 정제품 제조업,239,기타 비금속 광물제품 제조업
KSIC,10,3,201,기초 화학물질 제조업,191,코크스 및 연탄 제조업
KSIC,10,3,201,기초 화학물질 제조업,201,기초화학물질 제조업
KSIC,10,3,202,합성고무 및 플라스틱 물질 제조업,203,합성고무 및 플라스틱 물질 제조업
KSIC,10,3,203,"비료, 농약 및 살균ㆍ살충제 제조업",202,비료 및 질소화합물 제조업
KSIC,10,3,203,"비료, 농약 및 살균ㆍ살충제 제조업",204,기타 화학제품 제조업
KSIC,10,3,204,기타 화학제품 제조업,201,기초화학물질 제조업
KSIC,10,3,204,기타 화학제품 제조업,204,기타 화학제품 제조업
KSIC,10,3,205,화학섬유 제조업,205,화학섬유 제조업
KSIC,10,3,211,기초 의약 물질 및 생물학적 제제 제조업,211,기초 의약물질 및 생물학적 제제 제조업
KSIC,10,3,212,의약품 제조업,212,의약품 제조업
KSIC,10,3,213,의료용품 및 기타 의약 관련제품 제조업,213,의료용품 및 기타 의약관련제품 제조업
KSIC,10,3,221,고무제품 제조업,221,고무제품 제조업
KSIC,10,3,222,플라스틱 제품 제조업,222,플라스틱제품 제조업
KSIC,10,3,231,유리 및 유리제품 제조업,231,유리 및 유리제품 제조업
KSIC,10,3,232,"내화, 비내화 요업제품 제조업",232,도자기 및 기타 요업제품 제조업
KSIC,10,3,232,"내화, 비내화 요업제품 제조업",71,토사석 광업
KSIC,10,3,233,"시멘트, 석회, 플라스터 및 그 제품 제조업",233,"시멘트, 석회, 플라스터 및 그 제품 제조업"
KSIC,10,3,239,기타 비금속 광물제품 제조업,239,기타 비금속 광물제품 제조업
KSIC,10,3,241,1차 철강 제조업,241,1차 철강 제조업
KSIC,10,3,242,1차 비철금속 제조업,242,1차 비철금속 제조업
KSIC,10,3,243,금속 주조업,243,금속 주조업
KSIC,10,3,251,"구조용 금속제품, 탱크 및 증기발생기 제조업",251,"구조용 금속제품, 탱크 및 증기발생기 제조업"
KSIC,10,3,252,무기 및 총포탄 제조업,252,무기 및 총포탄 제조업
KSIC,10,3,259,기타 금속 가공제품 제조업,259,기타 금속가공제품 제조업
KSIC,10,3,261,반도체 제조업,261,반도체 제조업
KSIC,10,3,262,전자 부품 제조업,262,전자부품 제조업
KSIC,10,3,262,전자 부품 제조업,733,사진 촬영 및 처리업
KSIC,10,3,263,컴퓨터 및 주변 장치 제조업,263,컴퓨터 및 주변장치 제조업
KSIC,10,3,264,통신 및 방송장비 제조업,264,통신 및 방송 장비 제조업
KSIC,10,3,265,영상 및 음향 기기 제조업,265,영상 및 음향기기 제조업
KSIC,10,3,266,마그네틱 및 광학 매체 제조업,266,마그네틱 및 광학 매체 제조업
KSIC,10,3,271,의료용 기기 제조업,273,"안경, 사진장비 및 기타 광학기기 제조업"
KSIC,10,3,271,의료용 기기 제조업,271,의료용 기기 제조업
KSIC,10,3,272,"측정, 시험, 항해, 제어 및 기타 정밀 기기 제조업; 광학 기기 제외",272,"측정, 시험, 항해, 제어 및 기타 정밀기기 제조업; 광학기기 제외"
KSIC,10,3,273,사진장비 및 광학 기기 제조업,273,"안경, 사진장비 및 기타 광학기기 제조업"
KSIC,10,3,274,시계 및 시계 부품 제조업,274,시계 및 시계부품 제조업
KSIC,10,3,281,"전동기, 발전기 및 전기 변환ㆍ공급ㆍ제어 장치 제조업",281,"전동기, 발전기 및 전기 변환 · 공급 · 제어 장치 제조업"
KSIC,10,3,282,일차전지 및 축전지 제조업,282,일차전지 및 축전지 제조업
KSIC,10,3,283,절연선 및 케이블 제조업,283,절연선 및 케이블 제조업
KSIC,10,3,284,전구 및 조명장치 제조업,284,전구 및 조명장치 제조업
KSIC,10,3,285,가정용 기기 제조업,285,가정용 기기 제조업
KSIC,10,3,289,기타 전기장비 제조업,289,기타 전기장비 제조업
KSIC,10,3,291,일반 목적용 기계 제조업,291,일반 목적용 기계 제조업
KSIC,10,3,292,특수 목적용 기계 제조업,292,특수 목적용 기계 제조업
KSIC,10,3,301,자동차용 엔진 및 자동차 제조업,301,자동차용 엔진 및 자동차 제조업
KSIC,10,3,302,자동차 차체 및 트레일러 제조업,302,자동차 차체 및 트레일러 제조업
KSIC,10,3,303,자동차 신품 부품 제조업,320,가구 제조업
KSIC,10,3,303,자동차 신품 부품 제조업,303,자동차 부품 제조업
KSIC,10,3,304,자동차 재제조 부품 제조업,303,자동차 부품 제조업
KSIC,10,3,311,선박 및 보트 건조업,311,선박 및 보트 건조업
KSIC,10,3,312,철도장비 제조업,320,가구 제조업
KSIC,10,3,312,철도장비 제조업,312,철도장비 제조업
KSIC,10,3,313,"항공기, 우주선 및 부품 제조업",313,"항공기,우주선 및 부품 제조업"
KSIC,10,3,313,"항공기, 우주선 및 부품 제조업",320,가구 제조업
KSIC,10,3,319,그 외 기타 운송장비 제조업,320,가구 제조업
KSIC,10,3,319,그 외 기타 운송장비 제조업,339,그외 기타 제품 제조업
KSIC,10,3,319,그 외 기타 운송장비 제조업,319,그외 기타 운송장비 제조업
KSIC,10,3,320,가구 제조업,320,가구 제조업
KSIC,10,3,331,귀금속 및 장신용품 제조업,331,귀금속 및 장신용품 제조업
KSIC,10,3,332,악기 제조업,332,악기 제조업
KSIC,10,3,333,운동 및 경기용구 제조업,334,"인형,장난감 및 오락용품 제조업"
KSIC,10,3,333,운동 및 경기용구 제조업,333,운동 및 경기용구 제조업
KSIC,10,3,334,"인형, 장난감 및 오락용품 제조업",334,"인형,장난감 및 오락용품 제조업"
KSIC,10,3,339,그 외 기타 제품 제조업,339,그외 기타 제품 제조업
KSIC,10,3,340,산업용 기계 및 장비 수리업,951,기계 및 장비 수리업
KSIC,10,3,351,전기업,351,전기업
KSIC,10,3,352,연료용 가스 제조 및 배관공급업,352,가스 제조 및 배관공급업
KSIC,10,3,353,"증기, 냉ㆍ온수 및 공기 조절 공급업",353,"증기, 냉온수 및 공기조절 공급업"
KSIC,10,3,360,수도업,360,수도사업
KSIC,10,3,370,"하수, 폐수 및 분뇨 처리업",742,건물·산업설비 청소 및 방제 서비스업
KSIC,10,3,370,"하수, 폐수 및 분뇨 처리업",370,"하수, 폐수 및 분뇨 처리업"
KSIC,10,3,381,"폐기물 수집, 운반업",381,폐기물 수집운반업
KSIC,10,3,382,폐기물 처리업,382,폐기물 처리업
KSIC,10,3,383,"해체, 선별 및 원료 재생업",383,금속 및 비금속 원료 재생업
KSIC,10,3,390,환경 정화 및 복원업,390,환경 정화 및 복원업
KSIC,10,3,411,건물 건설업,411,건물 건설업
KSIC,10,3,412,토목 건설업,412,토목 건설업
KSIC,10,3,412,토목 건설업,421,기반조성 및 시설물 축조관련 전문공사업
KSIC,10,3,421,기반조성 및 시설물 축조관련 전문공사업,421,기반조성 및 시설물 축조관련 전문공사업
KSIC,10,3,421,기반조성 및 시설물 축조관련 전문공사업,422,건물설비 설치 공사업
KSIC,10,3,421,기반조성 및 시설물 축조관련 전문공사업,424,실내건축 및 건축마무리 공사업
KSIC,10,3,421,기반조성 및 시설물 축조관련 전문공사업,412,토목 건설업
KSIC,10,3,422,건물설비 설치 공사업,422,건물설비 설치 공사업
KSIC,10,3,422,건물설비 설치 공사업,424,실내건축 및 건축마무리 공사업
KSIC,10,3,423,전기 및 통신 공사업,423,전기 및 통신 공사업
KSIC,10,3,424,실내건축 및 건축마무리 공사업,424,실내건축 및 건축마무리 공사업
KSIC,10,3,425,시설물 유지관리 공사업,421,기반조성 및 시설물 축조관련 전문공사업
KSIC,10,3,425,시설물 유지관리 공사업,423,전기 및 통신 공사업
KSIC,10,3,425,시설물 유지관리 공사업,424,실내건축 및 건축마무리 공사업
KSIC,10,3,425,시설물 유지관리 공사업,422,건물설비 설치 공사업
KSIC,10,3,426,건설장비 운영업,425,건설장비 운영업
KSIC,10,3,451,자동차 판매업,453,모터사이클 및 부품 판매업
KSIC,10,3,451,자동차 판매업,451,자동차 판매업
KSIC,10,3,452,자동차 부품 및 내장품 판매업,452,자동차 부품 및 내장품 판매업
KSIC,10,3,453,모터사이클 및 부품 판매업,453,모터사이클 및 부품 판매업
KSIC,10,3,461,상품 중개업,461,상품 중개업
KSIC,10,3,461,상품 중개업,529,기타 운송관련 서비스업
KSIC,10,3,462,산업용 농ㆍ축산물 및 동ㆍ식물 도매업,462,산업용 농축산물 및 산동물 도매업
KSIC,10,3,462,산업용 농ㆍ축산물 및 동ㆍ식물 도매업,463,음·식료품 및 담배 도매업
KSIC,10,3,463,음ㆍ식료품 및 담배 도매업,463,음·식료품 및 담배 도매업
KSIC,10,3,464,생활용품 도매업,464,가정용품 도매업
KSIC,10,3,465,기계장비 및 관련 물품 도매업,464,가정용품 도매업
KSIC,10,3,465,기계장비 및 관련 물품 도매업,465,기계장비 및 관련 물품 도매업
KSIC,10,3,466,"건축 자재, 철물 및 난방장치 도매업",466,"건축자재, 철물 및 난방장치 도매업"
KSIC,10,3,467,기타 전문 도매업,467,기타 전문 도매업
KSIC,10,3,467,기타 전문 도매업,463,음·식료품 및 담배 도매업
KSIC,10,3,467,기타 전문 도매업,464,가정용품 도매업
KSIC,10,3,468,상품 종합 도매업,468,상품 종합 도매업
KSIC,10,3,471,종합 소매업,471,종합 소매업
KSIC,10,3,472,음ㆍ식료품 및 담배 소매업,472,음·식료품 및 담배 소매업
KSIC,10,3,473,가전제품 및 정보 통신장비 소매업,475,기타 가정용품 소매업
KSIC,10,3,473,가전제품 및 정보 통신장비 소매업,473,정보통신장비 소매업
KSIC,10,3,474,"섬유, 의복, 신발 및 가죽제품 소매업",474,"섬유, 의복, 신발 및 가죽제품 소매업"
KSIC,10,3,475,기타 생활용품 소매업,474,"섬유, 의복, 신발 및 가죽제품 소매업"
KSIC,10,3,475,기타 생활용품 소매업,475,기타 가정용품 소매업
KSIC,10,3,476,"문화, 오락 및 여가 용품 소매업",476,"문화, 오락 및 여가 용품 소매업"
KSIC,10,3,476,"문화, 오락 및 여가 용품 소매업",475,기타 가정용품 소매업
KSIC,10,3,477,연료 소매업,477,연료 소매업
KSIC,10,3,478,기타 상품 전문 소매업,472,음·식료품 및 담배 소매업
KSIC,10,3,478,기타 상품 전문 소매업,475,기타 가정용품 소매업
KSIC,10,3,478,기타 상품 전문 소매업,478,기타 상품 전문 소매업
KSIC,10,3,479,무점포 소매업,479,무점포 소매업
KSIC,10,3,491,철도 운송업,491,철도운송업
KSIC,10,3,492,육상 여객 운송업,492,육상 여객 운송업
KSIC,10,3,493,도로 화물 운송업,493,도로 화물 운송업
KSIC,10,3,494,소화물 전문 운송업,494,소화물 전문 운송업
KSIC,10,3,495,파이프라인 운송업,495,파이프라인 운송업
KSIC,10,3,501,해상 운송업,501,해상 운송업
KSIC,10,3,502,내륙 수상 및 항만 내 운송업,502,내륙 수상 및 항만내 운송업
KSIC,10,3,511,항공 여객 운송업,511,정기 항공 운송업
KSIC,10,3,511,항공 여객 운송업,512,부정기 항공 운송업
KSIC,10,3,512,항공 화물 운송업,511,정기 항공 운송업
KSIC,10,3,512,항공 화물 운송업,512,부정기 항공 운송업
KSIC,10,3,521,보관 및 창고업,521,보관 및 창고업
KSIC,10,3,529,기타 운송관련 서비스업,529,기타 운송관련 서비스업
KSIC,10,3,529,기타 운송관련 서비스업,502,내륙 수상 및 항만내 운송업
KSIC,10,3,551,일반 및 생활 숙박시설 운영업,551,숙박시설 운영업
KSIC,10,3,551,일반 및 생활 숙박시설 운영업,912,유원지 및 기타 오락관련 서비스업
KSIC,10,3,559,기타 숙박업,559,기타 숙박업
KSIC,10,3,561,음식점업,561,음식점업
KSIC,10,3,562,주점 및 비알코올 음료점업,561,음식점업
KSIC,10,3,562,주점 및 비알코올 음료점업,562,주점 및 비알콜음료점업
KSIC,10,3,581,"서적, 잡지 및 기타 인쇄물 출판업",581,"서적, 잡지 및 기타 인쇄물 출판업"
KSIC,10,3,582,소프트웨어 개발 및 공급업,582,소프트웨어 개발 및 공급업
KSIC,10,3,591,"영화, 비디오물, 방송 프로그램 제작 및 배급업",591,"영화, 비디오물, 방송프로그램 제작 및 배급업"
KSIC,10,3,592,오디오물 출판 및 원판 녹음업,592,오디오물 출판 및 원판 녹음업
KSIC,10,3,601,라디오 방송업,601,라디오 방송업
KSIC,10,3,602,텔레비전 방송업,602,텔레비전 방송업
KSIC,10,3,611,공영 우편업,611,우편업
KSIC,10,3,612,전기 통신업,612,전기통신업
KSIC,10,3,620,"컴퓨터 프로그래밍, 시스템 통합 및 관리업",620,"컴퓨터 프로그래밍, 시스템 통합 및 관리업"
KSIC,10,3,631,"자료 처리, 호스팅, 포털 및 기타 인터넷 정보 매개 서비스업",631,"자료처리, 호스팅, 포털 및 기타 인터넷 정보매개서비스업"
KSIC,10,3,639,기타 정보 서비스업,639,기타 정보 서비스업
KSIC,10,3,641,은행 및 저축기관,641,은행 및 저축기관
KSIC,10,3,642,신탁업 및 집합 투자업,642,투자기관
KSIC,10,3,649,기타 금융업,715,"회사본부, 지주회사 및 경영컨설팅 서비스업"
KSIC,10,3,649,기타 금융업,649,기타 금융업
KSIC,10,3,651,보험업,651,보험업
KSIC,10,3,652,재보험업,652,재 보험업
KSIC,10,3,653,연금 및 공제업,653,연금 및 공제업
KSIC,10,3,661,금융 지원 서비스업,661,금융지원 서비스업
KSIC,10,3,662,보험 및 연금관련 서비스업,662,보험 및 연금관련 서비스업
KSIC,10,3,681,부동산 임대 및 공급업,681,부동산 임대 및 공급업
KSIC,10,3,682,부동산관련 서비스업,682,부동산 관련 서비스업
KSIC,10,3,701,자연과학 및 공학 연구개발업,701,자연과학 및 공학 연구개발업
KSIC,10,3,702,인문 및 사회과학 연구개발업,702,인문 및 사회과학 연구개발업
KSIC,10,3,711,법무관련 서비스업,711,법무관련 서비스업
KSIC,10,3,712,회계 및 세무관련 서비스업,712,회계 및 세무관련 서비스업
KSIC,10,3,713,광고업,713,광고업
KSIC,10,3,714,시장 조사 및 여론 조사업,714,시장조사 및 여론조사업
KSIC,10,3,715,회사 본부 및 경영 컨설팅 서비스업,715,"회사본부, 지주회사 및 경영컨설팅 서비스업"
KSIC,10,3,716,기타 전문 서비스업,759,기타 사업지원 서비스업
KSIC,10,3,721,"건축 기술, 엔지니어링 및 관련 기술 서비스업",721,"건축기술, 엔지니어링 및 관련기술 서비스업"
KSIC,10,3,729,기타 과학기술 서비스업,729,기타 과학기술 서비스업
KSIC,10,3,731,수의업,731,수의업
KSIC,10,3,732,전문 디자인업,732,전문디자인업
KSIC,10,3,733,사진 촬영 및 처리업,733,사진 촬영 및 처리업
KSIC,10,3,733,사진 촬영 및 처리업,759,기타 사업지원 서비스업
KSIC,10,3,739,"그 외 기타 전문, 과학 및 기술 서비스업",739,"그외 기타 전문, 과학 및 기술 서비스업"
KSIC,10,3,741,사업시설 유지ㆍ관리 서비스업,741,사업시설 유지관리 서비스업
KSIC,10,3,742,건물ㆍ산업설비 청소 및 방제 서비스업,742,건물·산업설비 청소 및 방제 서비스업
KSIC,10,3,743,조경관리 및 유지 서비스업,743,조경 관리 및 유지 서비스업
KSIC,10,3,751,고용 알선 및 인력 공급업,751,인력공급 및 고용알선업
KSIC,10,3,751,고용 알선 및 인력 공급업,759,기타 사업지원 서비스업
KSIC,10,3,751,고용 알선 및 인력 공급업,901,창작 및 예술관련 서비스업
KSIC,10,3,752,여행사 및 기타 여행 보조 서비스업,752,여행사 및 기타 여행보조 서비스업
KSIC,10,3,753,"경비, 경호 및 탐정업",753,"경비, 경호 및 탐정업"
KSIC,10,3,759,기타 사업 지원 서비스업,759,기타 사업지원 서비스업
KSIC,10,3,761,운송장비 임대업,691,운송장비 임대업
KSIC,10,3,762,개인 및 가정용품 임대업,692,개인 및 가정용품 임대업
KSIC,10,3,763,산업용 기계 및 장비 임대업,693,산업용 기계 및 장비 임대업
KSIC,10,3,764,무형 재산권 임대업,681,부동산 임대 및 공급업
KSIC,10,3,764,무형 재산권 임대업,694,무형재산권 임대업
KSIC,10,3,841,입법 및 일반 정부 행정,841,입법 및 일반 정부 행정
KSIC,10,3,842,사회 및 산업정책 행정,842,사회 및 산업정책 행정
KSIC,10,3,843,외무 및 국방 행정,843,외무 및 국방 행정
KSIC,10,3,844,사법 및 공공 질서 행정,844,사법 및 공공질서 행정
KSIC,10,3,845,사회보장 행정,845,사회보장 행정
KSIC,10,3,851,초등 교육기관,851,초등 교육기관
KSIC,10,3,852,중등 교육기관,852,중등 교육기관
KSIC,10,3,853,고등 교육기관,853,고등 교육기관
KSIC,10,3,854,"특수학교, 외국인학교 및 대안학교",854,"특수학교, 외국인학교 및 대안학교"
KSIC,10,3,855,일반 교습학원,856,기타 교육기관
KSIC,10,3,855,일반 교습학원,855,일반 교습 학원
KSIC,10,3,856,기타 교육기관,855,일반 교습 학원
KSIC,10,3,856,기타 교육기관,912,유원지 및 기타 오락관련 서비스업
KSIC,10,3,856,기타 교육기관,551,숙박시설 운영업
KSIC,10,3,856,기타 교육기관,856,기타 교육기관
KSIC,10,3,857,교육 지원 서비스업,857,교육지원 서비스업
KSIC,10,3,861,병원,861,병원
KSIC,10,3,862,의원,862,의원
KSIC,10,3,863,공중 보건 의료업,863,공중 보건 의료업
KSIC,10,3,869,기타 보건업,869,기타 보건업
KSIC,10,3,871,거주 복지시설 운영업,871,거주 복지시설 운영업
KSIC,10,3,872,비거주 복지시설 운영업,872,비거주 복지시설 운영업
KSIC,10,3,901,창작 및 예술관련 서비스업,901,창작 및 예술관련 서비스업
KSIC,10,3,902,"도서관, 사적지 및 유사 여가관련 서비스업",902,"도서관, 사적지 및 유사 여가관련 서비스업"
KSIC,10,3,911,스포츠 서비스업,911,스포츠 서비스업
KSIC,10,3,912,유원지 및 기타 오락관련 서비스업,912,유원지 및 기타 오락관련 서비스업
KSIC,10,3,941,산업 및 전문가 단체,941,산업 및 전문가 단체
KSIC,10,3,942,노동조합,942,노동조합
KSIC,10,3,949,기타 협회 및 단체,949,기타 협회 및 단체
KSIC,10,3,951,컴퓨터 및 통신장비 수리업,953,개인 및 가정용품 수리업
KSIC,10,3,951,컴퓨터 및 통신장비 수리업,951,기계 및 장비 수리업
KSIC,10,3,952,자동차 및 모터사이클 수리업,952,자동차 및 모터사이클 수리업
KSIC,10,3,953,개인 및 가정용품 수리업,953,개인 및 가정용품 수리업
KSIC,10,3,961,"미용, 욕탕 및 유사 서비스업",961,"미용, 욕탕 및 유사 서비스업"
KSIC,10,3,969,그 외 기타 개인 서비스업,969,그외 기타 개인 서비스업
KSIC,10,3,970,가구 내 고용활동,970,가구내 고용활동
KSIC,10,3,981,자가 소비를 위한 가사 생산 활동,981,자가 소비를 위한 가사 생산 활동
KSIC,10,3,982,자가 소비를 위한 가사 서비스 활동,982,자가 소비를 위한 가사 서비스 활동
KSIC,10,3,990,국제 및 외국기관,990,국제 및 외국기관
KSIC,10,4,111,곡물 및 기타 식량작물 재배업,114,기타 작물 재배업
KSIC,10,4,111,곡물 및 기타 식량작물 재배업,111,곡물 및 기타 식량작물 재배업
KSIC,10,4,112,"채소, 화훼작물 및 종묘 재배업",113,"과실, 음료용 및 향신용 작물 재배업"
KSIC,10,4,112,"채소, 화훼작물 및 종묘 재배업",112,"채소, 화훼작물 및 종묘 재배업"
KSIC,10,4,113,"과실, 음료용 및 향신용 작물 재배업",113,"과실, 음료용 및 향신용 작물 재배업"
KSIC,10,4,114,기타 작물 재배업,114,기타 작물 재배업
KSIC,10,4,115,시설작물 재배업,115,시설작물 재배업
KSIC,10,4,121,소 사육업,121,소 사육업
KSIC,10,4,122,양돈업,122,양돈업
KSIC,10,4,123,가금류 및 조류 사육업,123,가금류 및 조류 사육업
KSIC,10,4,129,기타 축산업,129,기타 축산업
KSIC,10,4,130,작물재배 및 축산 복합농업,130,작물재배 및 축산 복합농업
KSIC,10,4,141,작물재배 관련 서비스업,141,작물재배 관련 서비스업
KSIC,10,4,142,축산 관련 서비스업,142,축산 관련 서비스업
KSIC,10,4,142,축산 관련 서비스업,7310,수의업
KSIC,10,4,150,수렵 및 관련 서비스업,150,수렵 및 관련 서비스업
KSIC,10,4,201,영림업,201,영림업
KSIC,10,4,202,벌목업,202,벌목업
KSIC,10,4,203,임산물 채취업,203,임산물 채취업
KSIC,10,4,204,임업 관련 서비스업,204,임업 관련 서비스업
KSIC,10,4,311,해수면 어업,311,해면 어업
KSIC,10,4,312,내수면 어업,312,내수면 어업
KSIC,10,4,321,양식 어업,321,양식 어업
KSIC,10,4,322,어업 관련 서비스업,322,어업 관련 서비스업
KSIC,10,4,510,석탄 광업,510,석탄 광업
KSIC,10,4,520,원유 및 천연가스 채굴업,520,원유 및 천연가스 채굴업
KSIC,10,4,610,철 광업,610,철 광업
KSIC,10,4,620,비철금속 광업,621,우라늄 및 토륨 광업
KSIC,10,4,620,비철금속 광업,629,기타 비철금속 광업
KSIC,10,4,711,석회석 및 점토 광업,711,석회석 및 점토 광업
KSIC,10,4,712,"석재, 쇄석 및 모래, 자갈 채취업",712,"석재, 쇄석 및 모래자갈 채취업"
KSIC,10,4,721,화학용 및 비료 원료용 광물 광업,721,화학용 및 비료원료용 광물 광업
KSIC,10,4,722,천일염 생산 및 암염 채취업,722,소금 채취업
KSIC,10,4,729,그 외 기타 비금속광물 광업,729,그외 기타 비금속광물 광업
KSIC,10,4,800,광업 지원 서비스업,809,기타 광업 지원 서비스업
KSIC,10,4,800,광업 지원 서비스업,801,원유 및 천연가스 채굴관련 서비스업
KSIC,10,4,1011,도축업,1011,도축업
KSIC,10,4,1012,육류 가공 및 저장 처리업,1012,육류 가공 및 저장 처리업
KSIC,10,4,1021,수산동물 가공 및 저장 처리업,1021,수산동물 가공 및 저장 처리업
KSIC,10,4,1022,수산식물 가공 및 저장 처리업,1022,수산식물 가공 및 저장 처리업
KSIC,10,4,1030,"과실, 채소 가공 및 저장 처리업",1030,"과실, 채소 가공 및 저장 처리업"
KSIC,10,4,1040,동물성 및 식물성 유지 제조업,1040,동물성 및 식물성 유지 제조업
KSIC,10,4,1050,낙농제품 및 식용 빙과류 제조업,1050,낙농제품 및 식용빙과류 제조업
KSIC,10,4,1061,곡물 가공품 제조업,1061,곡물 가공품 제조업
KSIC,10,4,1061,곡물 가공품 제조업,1073,"면류, 마카로니 및 유사식품 제조업"
KSIC,10,4,1062,전분제품 및 당류 제조업,1062,전분제품 및 당류 제조업
KSIC,10,4,1071,"떡, 빵 및 과자류 제조업",1071,"떡, 빵 및 과자류 제조업"
KSIC,10,4,1072,설탕 제조업,1072,설탕 제조업
KSIC,10,4,1073,"면류, 마카로니 및 유사 식품 제조업",1073,"면류, 마카로니 및 유사식품 제조업"
KSIC,10,4,1074,조미료 및 식품 첨가물 제조업,1074,조미료 및 식품 첨가물 제조업
KSIC,10,4,1075,도시락 및 식사용 조리식품 제조업,1079,기타 식료품 제조업
KSIC,10,4,1079,기타 식료품 제조업,1079,기타 식료품 제조업
KSIC,10,4,1080,동물용 사료 및 조제식품 제조업,1080,동물용 사료 및 조제식품 제조업
KSIC,10,4,1111,발효주 제조업,1111,발효주 제조업
KSIC,10,4,1112,증류주 및 합성주 제조업,1112,증류주 및 합성주 제조업
KSIC,10,4,1120,비알코올 음료 및 얼음 제조업,1120,비알콜음료 및 얼음 제조업
KSIC,10,4,1200,담배 제조업,1200,담배 제조업
KSIC,10,4,1310,방적 및 가공사 제조업,1310,방적 및 가공사 제조업
KSIC,10,4,1321,직물 직조업,1321,직물 직조업
KSIC,10,4,1321,직물 직조업,1399,그외 기타 섬유제품 제조업
KSIC,10,4,1322,직물제품 제조업,1322,직물제품 제조업
KSIC,10,4,1330,편조 원단 제조업,1331,편조원단 제조업
KSIC,10,4,1340,"섬유제품 염색, 정리 및 마무리 가공업",1340,"섬유제품 염색, 정리 및 마무리 가공업"
KSIC,10,4,1340,"섬유제품 염색, 정리 및 마무리 가공업",1322,직물제품 제조업
KSIC,10,4,1391,"카펫, 마루덮개 및 유사 제품 제조업",1391,"카펫, 마루덮개 및 유사제품 제조업"
KSIC,10,4,1392,"끈, 로프, 망 및 끈 가공품 제조업",1392,"끈, 로프, 망 및 끈가공품 제조업"
KSIC,10,4,1399,그 외 기타 섬유제품 제조업,1332,편조제품 제조업
KSIC,10,4,1399,그 외 기타 섬유제품 제조업,1399,그외 기타 섬유제품 제조업
KSIC,10,4,1411,겉옷 제조업,1419,기타 봉제의복 제조업
KSIC,10,4,1411,겉옷 제조업,1411,정장 제조업
KSIC,10,4,1412,속옷 및 잠옷 제조업,1412,내의 및 잠옷 제조업
KSIC,10,4,1413,한복 제조업,1413,한복 제조업
KSIC,10,4,1419,기타 봉제의복 제조업,1419,기타 봉제의복 제조업
KSIC,10,4,1420,모피제품 제조업,1420,모피가공 및 모피제품 제조업
KSIC,10,4,1430,편조의복 제조업,1430,편조의복 제조업
KSIC,10,4,1441,편조 의복 액세서리 제조업,1441,편조의복 액세서리 제조업
KSIC,10,4,1449,기타 의복 액세서리 제조업,1449,기타 의복액세서리 제조업
KSIC,10,4,1449,기타 의복 액세서리 제조업,1420,모피가공 및 모피제품 제조업
KSIC,10,4,1511,모피 및 가죽 제조업,1420,모피가공 및 모피제품 제조업
KSIC,10,4,1511,모피 및 가죽 제조업,1511,원피가공 및 가죽 제조업
KSIC,10,4,1512,"핸드백, 가방 및 기타 보호용 케이스 제조업",1512,"핸드백, 가방 및 기타 보호용 케이스 제조업"
KSIC,10,4,1519,기타 가죽제품 제조업,1519,기타 가죽제품 제조업
KSIC,10,4,1521,신발 제조업,1521,신발제조업
KSIC,10,4,1522,신발 부분품 제조업,1522,신발부분품 제조업
KSIC,10,4,1610,제재 및 목재 가공업,1610,제재 및 목재 가공업
KSIC,10,4,1621,"박판, 합판 및 강화 목제품 제조업",1621,"박판, 합판 및 강화목제품 제조업"
KSIC,10,4,1622,건축용 나무제품 제조업,1622,건축용 나무제품 제조업
KSIC,10,4,1623,"목재 상자, 드럼 및 적재판 제조업",1623,"목재 상자, 드럼 및 적재판 제조업"
KSIC,10,4,1629,기타 나무제품 제조업,1629,기타 나무제품 제조업
KSIC,10,4,1630,코르크 및 조물 제품 제조업,1630,코르크 및 조물 제품 제조업
KSIC,10,4,1711,펄프 제조업,1711,펄프 제조업
KSIC,10,4,1712,종이 및 판지 제조업,1712,종이 및 판지 제조업
KSIC,10,4,1721,골판지 및 골판지 가공제품 제조업,1721,골판지 및 골판지상자 제조업
KSIC,10,4,1722,"종이 포대, 판지 상자 및 종이 용기 제조업",1722,"종이포대, 판지상자 및 종이용기 제조업"
KSIC,10,4,1790,기타 종이 및 판지 제품 제조업,1790,기타 종이 및 판지 제품 제조업
KSIC,10,4,1811,인쇄업,1811,인쇄업
KSIC,10,4,1811,인쇄업,3393,"가발, 장식용품 및 교시용 모형 제조업"
KSIC,10,4,1812,인쇄관련 산업,1812,인쇄관련 산업
KSIC,10,4,1820,기록매체 복제업,1820,기록매체 복제업
KSIC,10,4,1910,코크스 및 연탄 제조업,1910,코크스 및 연탄 제조업
KSIC,10,4,1921,원유 정제처리업,1921,원유 정제처리업
KSIC,10,4,1922,석유 정제물 재처리업,1922,석유정제물 재처리업
KSIC,10,4,1922,석유 정제물 재처리업,2399,그외 기타 비금속 광물제품 제조업
KSIC,10,4,2011,기초 유기화학 물질 제조업,1910,코크스 및 연탄 제조업
KSIC,10,4,2011,기초 유기화학 물질 제조업,2011,기초유기화학물질 제조업
KSIC,10,4,2012,기초 무기화학 물질 제조업,2012,기초 무기화학물질 제조업
KSIC,10,4,2013,"무기 안료, 염료, 유연제 및 기타 착색제 제조업",2013,"무기안료, 염료, 유연제 및 기타착색제 제조업"
KSIC,10,4,2020,합성고무 및 플라스틱 물질 제조업,2030,합성고무 및 플라스틱 물질 제조업
KSIC,10,4,2031,비료 및 질소 화합물 제조업,2020,비료 및 질소화합물 제조업
KSIC,10,4,2032,살균ㆍ살충제 및 농약 제조업,2041,살충제 및 기타농약 제조업
KSIC,10,4,2041,"잉크, 페인트, 코팅제 및 유사제품 제조업",2042,"잉크, 페인트, 코팅제 및 유사제품 제조업"
KSIC,10,4,2042,"세제, 화장품 및 광택제 제조업",2043,"세제, 화장품 및 광택제 제조업"
KSIC,10,4,2049,그 외 기타 화학제품 제조업,2011,기초유기화학물질 제조업
KSIC,10,4,2049,그 외 기타 화학제품 제조업,2049,그외 기타 화학제품 제조업
KSIC,10,4,2050,화학섬유 제조업,2050,화학섬유 제조업
KSIC,10,4,2110,기초 의약 물질 및 생물학적 제제 제조업,2110,기초 의약물질 및 생물학적 제제 제조업
KSIC,10,4,2121,완제 의약품 제조업,2121,완제 의약품 제조업
KSIC,10,4,2122,한의약품 제조업,2122,한의약품 제조업
KSIC,10,4,2123,동물용 의약품 제조업,2123,동물용 의약품 제조업
KSIC,10,4,2130,의료용품 및 기타 의약 관련제품 제조업,2130,의료용품 및 기타 의약관련제품 제조업
KSIC,10,4,2211,고무 타이어 및 튜브 생산업,2211,고무 타이어 및 튜브 생산업
KSIC,10,4,2219,기타 고무제품 제조업,2219,기타 고무제품 제조업
KSIC,10,4,2221,1차 플라스틱제품 제조업,2221,1차 플라스틱제품 제조업
KSIC,10,4,2222,건축용 플라스틱제품 제조업,2222,건축용 플라스틱제품 제조업
KSIC,10,4,2223,포장용 플라스틱제품 제조업,2223,포장용 플라스틱제품 제조업
KSIC,10,4,2224,기계장비 조립용 플라스틱제품 제조업,2224,기계장비 조립용 플라스틱제품 제조업
KSIC,10,4,2225,플라스틱 발포 성형제품 제조업,2225,플라스틱 발포 성형제품 제조업
KSIC,10,4,2229,기타 플라스틱 제품 제조업,2229,기타 플라스틱제품 제조업
KSIC,10,4,2311,판유리 및 판유리 가공품 제조업,2311,판유리 제조업
KSIC,10,4,2311,판유리 및 판유리 가공품 제조업,2312,산업용 유리 및 판유리 가공품 제조업
KSIC,10,4,2312,산업용 유리 제조업,2312,산업용 유리 및 판유리 가공품 제조업
KSIC,10,4,2312,산업용 유리 제조업,2319,기타 유리제품 제조업
KSIC,10,4,2319,기타 유리제품 제조업,2319,기타 유리제품 제조업
KSIC,10,4,2321,내화 요업제품 제조업,2322,내화 요업제품 제조업
KSIC,10,4,2321,내화 요업제품 제조업,711,석회석 및 점토 광업
KSIC,10,4,2322,비내화 일반 도자기 제조업,2321,일반도자기 제조업
KSIC,10,4,2323,건축용 비내화 요업제품 제조업,2323,구조용 비내화 요업제품 제조업
KSIC,10,4,2331,"시멘트, 석회 및 플라스터 제조업",2331,"시멘트, 석회 및 플라스터 제조업"
KSIC,10,4,2332,"콘크리트, 레미콘 및 기타 시멘트, 플라스터 제품 제조업",2332,"콘크리트, 시멘트 및 플라스터 제품 제조업"
KSIC,10,4,2391,석제품 제조업,2391,석제품 제조업
KSIC,10,4,2399,그 외 기타 비금속 광물제품 제조업,2399,그외 기타 비금속 광물제품 제조업
KSIC,10,4,2411,"제철, 제강 및 합금철 제조업",2411,"제철, 제강 및 합금철 제조업"
KSIC,10,4,2412,"철강 압연, 압출 및 연신제품 제조업",2412,"철강 압연, 압출 및 연신제품 제조업"
KSIC,10,4,2413,철강관 제조업,2413,철강관 제조업
KSIC,10,4,2419,기타 1차 철강 제조업,2419,기타 1차 철강 제조업
KSIC,10,4,2421,"비철금속 제련, 정련 및 합금 제조업",2421,"비철금속 제련, 정련 및 합금 제조업"
KSIC,10,4,2422,"비철금속 압연, 압출 및 연신제품 제조업",2422,"비철금속 압연, 압출 및 연신제품 제조업"
KSIC,10,4,2429,기타 1차 비철금속 제조업,2429,기타 1차 비철금속 제조업
KSIC,10,4,2431,철강 주조업,2431,철강 주조업
KSIC,10,4,2432,비철금속 주조업,2432,비철금속 주조업
KSIC,10,4,2511,구조용 금속제품 제조업,2511,구조용 금속제품 제조업
KSIC,10,4,2512,"산업용 난방 보일러, 금속탱크 및 유사 용기 제조업",2512,"금속탱크, 저장조 및 유사 용기 제조업"
KSIC,10,4,2513,핵반응기 및 증기보일러 제조업,2513,핵반응기 및 증기발생기 제조업
KSIC,10,4,2520,무기 및 총포탄 제조업,2520,무기 및 총포탄 제조업
KSIC,10,4,2591,"금속 단조, 압형 및 분말 야금제품 제조업",2591,"금속 단조, 압형 및 분말야금 제품 제조업"
KSIC,10,4,2592,"금속 열처리, 도금 및 기타 금속 가공업",2592,"금속 열처리, 도금 및 기타 금속가공업"
KSIC,10,4,2593,"날붙이, 수공구 및 일반 철물 제조업",2593,"날붙이, 수공구 및 일반철물 제조업"
KSIC,10,4,2594,"금속 파스너, 스프링 및 금속선 가공제품 제조업",2594,"금속파스너, 스프링 및 금속선 가공제품 제조업"
KSIC,10,4,2599,그 외 기타 금속 가공제품 제조업,2594,"금속파스너, 스프링 및 금속선 가공제품 제조업"
KSIC,10,4,2599,그 외 기타 금속 가공제품 제조업,2599,그외 기타 금속가공제품 제조업
KSIC,10,4,2611,전자집적회로 제조업,2611,전자집적회로 제조업
KSIC,10,4,2612,"다이오드, 트랜지스터 및 유사 반도체 소자 제조업",2612,"다이오드, 트랜지스터 및 유사 반도체소자 제조업"
KSIC,10,4,2621,표시장치 제조업,2621,평판 디스플레이 제조업
KSIC,10,4,2622,인쇄회로기판 및 전자부품 실장기판 제조업,2622,인쇄회로기판 및 전자부품 실장기판 제조업
KSIC,10,4,2629,기타 전자 부품 제조업,7330,사진 촬영 및 처리업
KSIC,10,4,2629,기타 전자 부품 제조업,2629,기타 전자부품 제조업
KSIC,10,4,2631,컴퓨터 제조업,2631,컴퓨터 제조업
KSIC,10,4,2632,기억 장치 및 주변 기기 제조업,2632,기억장치 및 주변기기 제조업
KSIC,10,4,2641,유선 통신장비 제조업,2641,유선 통신장비 제조업
KSIC,10,4,2642,방송 및 무선 통신장비 제조업,2642,방송 및 무선 통신장비 제조업
KSIC,10,4,2651,"텔레비전, 비디오 및 기타 영상 기기 제조업",2651,"텔레비전, 비디오 및 기타 영상기기 제조업"
KSIC,10,4,2652,"오디오, 스피커 및 기타 음향 기기 제조업",2652,"오디오, 스피커 및 기타 음향기기 제조업"
KSIC,10,4,2660,마그네틱 및 광학 매체 제조업,2660,마그네틱 및 광학 매체 제조업
KSIC,10,4,2711,방사선 장치 및 전기식 진단 기기 제조업,2711,방사선장치 및 전기식 진단기기 제조업
KSIC,10,4,2719,기타 의료용 기기 제조업,2719,기타 의료용 기기 제조업
KSIC,10,4,2719,기타 의료용 기기 제조업,2731,안경 제조업
KSIC,10,4,2719,기타 의료용 기기 제조업,2732,광학기기 및 사진장비 제조업
KSIC,10,4,2721,"측정, 시험, 항해, 제어 및 기타 정밀 기기 제조업",2721,"측정, 시험, 항해, 제어 및 기타 정밀기기 제조업"
KSIC,10,4,2730,사진장비 및 광학기기 제조업,2732,광학기기 및 사진장비 제조업
KSIC,10,4,2740,시계 및 시계 부품 제조업,2740,시계 및 시계부품 제조업
KSIC,10,4,2811,"전동기, 발전기 및 전기 변환장치 제조업",2811,"전동기, 발전기 및 전기변환장치 제조업"
KSIC,10,4,2812,전기 공급 및 제어장치 제조업,2812,전기공급 및 전기제어 장치 제조업
KSIC,10,4,2820,일차전지 및 축전지 제조업,2820,일차전지 및 축전지 제조업
KSIC,10,4,2830,절연선 및 케이블 제조업,2830,절연선 및 케이블 제조업
KSIC,10,4,2841,전구 및 램프 제조업,2841,전구 및 램프 제조업
KSIC,10,4,2842,조명장치 제조업,2842,조명장치 제조업
KSIC,10,4,2851,가정용 전기 기기 제조업,2851,가정용 전기기기 제조업
KSIC,10,4,2852,가정용 비전기식 조리 및 난방 기구 제조업,2852,가정용 비전기식 조리 및 난방 기구 제조업
KSIC,10,4,2890,기타 전기장비 제조업,2890,기타 전기장비 제조업
KSIC,10,4,2911,내연기관 및 터빈 제조업; 항공기용 및 차량용 제외,2911,내연기관 및 터빈 제조업; 항공기용 및 차량용 제외
KSIC,10,4,2912,유압 기기 제조업,2912,유압기기 제조업
KSIC,10,4,2913,"펌프 및 압축기 제조업; 탭, 밸브 및 유사 장치 제조 포함",2913,"펌프 및 압축기 제조업; 탭, 밸브 및 유사장치 제조 포함"
KSIC,10,4,2914,"베어링, 기어 및 동력 전달장치 제조업",2914,"베어링, 기어 및 동력전달장치 제조업"
KSIC,10,4,2915,"산업용 오븐, 노 및 노용 버너 제조업",2915,"산업용 오븐, 노 및 노용 버너 제조업"
KSIC,10,4,2916,"산업용 트럭, 승강기 및 물품 취급장비 제조업",2916,"산업용 트럭, 승강기 및 물품취급장비 제조업"
KSIC,10,4,2917,"냉각, 공기 조화, 여과, 증류 및 가스 발생기 제조업",2919,기타 일반 목적용 기계 제조업
KSIC,10,4,2917,"냉각, 공기 조화, 여과, 증류 및 가스 발생기 제조업",2917,"냉각, 공기조화, 여과, 증류 및 가스발생기 제조업"
KSIC,10,4,2917,"냉각, 공기 조화, 여과, 증류 및 가스 발생기 제조업",2915,"산업용 오븐, 노 및 노용 버너 제조업"
KSIC,10,4,2918,사무용 기계 및 장비 제조업,2918,사무용 기계 및 장비 제조업
KSIC,10,4,2919,기타 일반 목적용 기계 제조업,2919,기타 일반 목적용 기계 제조업
KSIC,10,4,2921,농업 및 임업용 기계 제조업,2921,농업 및 임업용 기계 제조업
KSIC,10,4,2922,가공 공작기계 제조업,2922,가공공작기계 제조업
KSIC,10,4,2922,가공 공작기계 제조업,2929,기타 특수목적용 기계 제조업
KSIC,10,4,2923,금속 주조 및 기타 야금용 기계 제조업,2923,금속주조 및 기타 야금용 기계 제조업
KSIC,10,4,2924,건설 및 광업용 기계장비 제조업,2924,건설 및 광산용 기계장비 제조업
KSIC,10,4,2925,음ㆍ식료품 및 담배 가공기계 제조업,2925,음·식료품 및 담배 가공기계 제조업
KSIC,10,4,2926,"섬유, 의복 및 가죽 가공기계 제조업",2929,기타 특수목적용 기계 제조업
KSIC,10,4,2926,"섬유, 의복 및 가죽 가공기계 제조업",2926,"섬유, 의복 및 가죽 가공기계 제조업"
KSIC,10,4,2927,반도체 및 디스플레이 제조용 기계 제조업,2927,반도체 및 평판디스플레이 제조용 기계 제조업
KSIC,10,4,2928,산업용 로봇 제조업,2928,산업용 로봇 제조업
KSIC,10,4,2929,기타 특수 목적용 기계 제조업,2929,기타 특수목적용 기계 제조업
KSIC,10,4,3011,자동차용 엔진 제조업,3011,자동차용 엔진 제조업
KSIC,10,4,3012,자동차 제조업,3012,자동차 제조업
KSIC,10,4,3020,자동차 차체 및 트레일러 제조업,3020,자동차 차체 및 트레일러 제조업
KSIC,10,4,3031,자동차 엔진용 신품 부품 제조업,3031,자동차 엔진용 부품 제조업
KSIC,10,4,3032,자동차 차체용 신품 부품 제조업,3032,자동차 차체용 부품 제조업
KSIC,10,4,3033,자동차용 신품 동력 전달장치 및 전기장치 제조업,3039,기타 자동차 부품 제조업
KSIC,10,4,3039,자동차용 기타 신품 부품 제조업,3032,자동차 차체용 부품 제조업
KSIC,10,4,3039,자동차용 기타 신품 부품 제조업,3201,침대 및 내장가구 제조업
KSIC,10,4,3039,자동차용 기타 신품 부품 제조업,3039,기타 자동차 부품 제조업
KSIC,10,4,3040,자동차 재제조 부품 제조업,3031,자동차 엔진용 부품 제조업
KSIC,10,4,3040,자동차 재제조 부품 제조업,3039,기타 자동차 부품 제조업
KSIC,10,4,3040,자동차 재제조 부품 제조업,3032,자동차 차체용 부품 제조업
KSIC,10,4,3111,선박 및 수상 부유 구조물 건조업,3111,선박 건조업
KSIC,10,4,3112,오락 및 스포츠용 보트 건조업,3112,오락 및 스포츠용 보트 건조업
KSIC,10,4,3120,철도장비 제조업,3120,철도장비 제조업
KSIC,10,4,3120,철도장비 제조업,3201,침대 및 내장가구 제조업
KSIC,10,4,3131,"항공기, 우주선 및 보조장치 제조업",3131,"항공기,우주선 및 보조장치 제조업"
KSIC,10,4,3132,항공기용 엔진 및 부품 제조업,3132,항공기용 엔진 및 부품 제조업
KSIC,10,4,3132,항공기용 엔진 및 부품 제조업,3201,침대 및 내장가구 제조업
KSIC,10,4,3191,전투용 차량 제조업,3191,전투용 차량 제조업
KSIC,10,4,3192,모터사이클 제조업,3201,침대 및 내장가구 제조업
KSIC,10,4,3192,모터사이클 제조업,3192,모터사이클 제조업
KSIC,10,4,3199,그 외 기타 분류 안된 운송장비 제조업,3399,그외 기타 분류안된 제품 제조업
KSIC,10,4,3199,그 외 기타 분류 안된 운송장비 제조업,3199,그외 기타 분류안된 운송장비 제조업
KSIC,10,4,3201,침대 및 내장 가구 제조업,3201,침대 및 내장가구 제조업
KSIC,10,4,3202,목재 가구 제조업,3202,목재가구 제조업
KSIC,10,4,3209,기타 가구 제조업,3209,기타 가구 제조업
KSIC,10,4,3311,귀금속 및 관련제품 제조업,3311,귀금속 및 관련제품 제조업
KSIC,10,4,3312,모조 귀금속 및 모조 장신용품 제조업,3312,모조 귀금속 및 모조 장신용품 제조업
KSIC,10,4,3320,악기 제조업,3320,악기제조업
KSIC,10,4,3330,운동 및 경기용구 제조업,3330,운동 및 경기용구 제조업
KSIC,10,4,3330,운동 및 경기용구 제조업,3340,"인형,장난감 및 오락용품 제조업"
KSIC,10,4,3340,"인형, 장난감 및 오락용품 제조업",3340,"인형,장난감 및 오락용품 제조업"
KSIC,10,4,3391,간판 및 광고물 제조업,3391,간판 및 광고물 제조업
KSIC,10,4,3392,사무 및 회화용품 제조업,3392,사무 및 회화용품 제조업
KSIC,10,4,3393,"가발, 장식용품 및 전시용 모형 제조업",3393,"가발, 장식용품 및 교시용 모형 제조업"
KSIC,10,4,3399,그 외 기타 분류 안된 제품 제조업,3399,그외 기타 분류안된 제품 제조업
KSIC,10,4,3401,일반 기계류 수리업,9511,일반 기계 수리업
KSIC,10,4,3401,일반 기계류 수리업,9512,"전기, 전자, 통신 및 정밀기기 수리업"
KSIC,10,4,3402,전기ㆍ전자 및 정밀 기기 수리업,9512,"전기, 전자, 통신 및 정밀기기 수리업"
KSIC,10,4,3511,발전업,3511,발전업
KSIC,10,4,3512,송전 및 배전업,3512,송전 및 배전업
KSIC,10,4,3513,전기 판매업,3512,송전 및 배전업
KSIC,10,4,3520,연료용 가스 제조 및 배관공급업,3520,가스 제조 및 배관공급업
KSIC,10,4,3530,"증기, 냉ㆍ온수 및 공기 조절 공급업",3530,"증기, 냉온수 및 공기조절 공급업"
KSIC,10,4,3601,생활용수 공급업,3601,생활용수 공급업
KSIC,10,4,3602,산업용수 공급업,3602,산업용수 공급업
KSIC,10,4,3701,하수 및 폐수 처리업,3701,하수 및 폐수 처리업
KSIC,10,4,3701,하수 및 폐수 처리업,7421,건물 및 산업설비 청소업
KSIC,10,4,3702,분뇨 처리업,3702,분뇨 및 축산분뇨 처리업
KSIC,10,4,3811,"지정 외 폐기물 수집, 운반업",3811,지정외 폐기물 수집운반업
KSIC,10,4,3812,"지정 폐기물 수집, 운반업",3812,지정 폐기물 수집운반업
KSIC,10,4,3813,"건설 폐기물 수집, 운반업",3813,건설 폐기물 수집운반업
KSIC,10,4,3821,지정 외 폐기물 처리업,3821,지정외 폐기물 처리업
KSIC,10,4,3822,지정 폐기물 처리업,3822,지정 폐기물 처리업
KSIC,10,4,3823,건설 폐기물 처리업,3823,건설 폐기물 처리업
KSIC,10,4,3824,"방사성 폐기물 수집, 운반 및 처리업",3824,방사성 폐기물 수집운반 및 처리업
KSIC,10,4,3831,"금속류 해체, 선별 및 원료 재생업",3830,금속 및 비금속 원료 재생업
KSIC,10,4,3832,"비금속류 해체, 선별 및 원료 재생업",3830,금속 및 비금속 원료 재생업
KSIC,10,4,3900,환경 정화 및 복원업,3900,환경 정화 및 복원업
KSIC,10,4,4111,주거용 건물 건설업,4111,주거용 건물 건설업
KSIC,10,4,4112,비주거용 건물 건설업,4112,비주거용 건물 건설업
KSIC,10,4,4121,지반조성 건설업,4122,토목시설물 건설업
KSIC,10,4,4121,지반조성 건설업,4121,지반조성 건설업
KSIC,10,4,4122,토목 시설물 건설업,4122,토목시설물 건설업
KSIC,10,4,4122,토목 시설물 건설업,4212,기반조성 관련 전문공사업
KSIC,10,4,4211,건물 및 구축물 해체 공사업,4211,건물 및 구축물 해체 공사업
KSIC,10,4,4212,기반조성 관련 전문공사업,4212,기반조성 관련 전문공사업
KSIC,10,4,4213,시설물 축조 관련 전문공사업,4213,시설물 축조 관련 전문공사업
KSIC,10,4,4213,시설물 축조 관련 전문공사업,4249,기타 건축마무리 공사업
KSIC,10,4,4213,시설물 축조 관련 전문공사업,4122,토목시설물 건설업
KSIC,10,4,4213,시설물 축조 관련 전문공사업,4220,건물설비 설치 공사업
KSIC,10,4,4220,건물설비 설치 공사업,4220,건물설비 설치 공사업
KSIC,10,4,4220,건물설비 설치 공사업,4249,기타 건축마무리 공사업
KSIC,10,4,4231,전기 공사업,4231,전기 공사업
KSIC,10,4,4231,전기 공사업,4232,통신 공사업
KSIC,10,4,4232,통신 공사업,4232,통신 공사업
KSIC,10,4,4241,"도장, 도배 및 내장 공사업",4241,"도장, 도배 및 내장 공사업"
KSIC,10,4,4242,유리 및 창호 공사업,4242,유리 및 창호 공사업
KSIC,10,4,4249,기타 건축 마무리 공사업,4249,기타 건축마무리 공사업
KSIC,10,4,4250,시설물 유지관리 공사업,4242,유리 및 창호 공사업
KSIC,10,4,4250,시설물 유지관리 공사업,4241,"도장, 도배 및 내장 공사업"
KSIC,10,4,4250,시설물 유지관리 공사업,4232,통신 공사업
KSIC,10,4,4250,시설물 유지관리 공사업,4211,건물 및 구축물 해체 공사업
KSIC,10,4,4250,시설물 유지관리 공사업,4231,전기 공사업
KSIC,10,4,4250,시설물 유지관리 공사업,4220,건물설비 설치 공사업
KSIC,10,4,4250,시설물 유지관리 공사업,4213,시설물 축조 관련 전문공사업
KSIC,10,4,4250,시설물 유지관리 공사업,4212,기반조성 관련 전문공사업
KSIC,10,4,4250,시설물 유지관리 공사업,4249,기타 건축마무리 공사업
KSIC,10,4,4260,건설장비 운영업,4250,건설장비 운영업
KSIC,10,4,4511,자동차 신품 판매업,4511,자동차 신품 판매업
KSIC,10,4,4511,자동차 신품 판매업,4530,모터사이클 및 부품 판매업
KSIC,10,4,4512,중고 자동차 판매업,4512,중고 자동차 판매업
KSIC,10,4,4521,자동차 신품 부품 및 내장품 판매업,4521,자동차신품 부품 및 내장품 판매업
KSIC,10,4,4522,자동차 중고 부품 및 내장품 판매업,4522,자동차중고 부품 및 내장품 판매업
KSIC,10,4,4530,모터사이클 및 부품 판매업,4530,모터사이클 및 부품 판매업
KSIC,10,4,4610,상품 중개업,4610,상품 중개업
KSIC,10,4,4610,상품 중개업,5299,그외 기타 운송관련 서비스업
KSIC,10,4,4620,산업용 농ㆍ축산물 및 동ㆍ식물 도매업,4620,산업용 농축산물 및 산동물 도매업
KSIC,10,4,4620,산업용 농ㆍ축산물 및 동ㆍ식물 도매업,4631,비가공 식품 도매업
KSIC,10,4,4631,신선 식품 및 단순 가공 식품 도매업,4631,비가공 식품 도매업
KSIC,10,4,4632,가공식품 도매업,4632,가공식품 도매업
KSIC,10,4,4633,음료 및 담배 도매업,4633,음료 및 담배 도매업
KSIC,10,4,4641,"생활용 섬유제품, 의복, 의복 액세서리 및 모피제품 도매업",4641,"가정용 섬유, 의복 및 의복액세서리 도매업"
KSIC,10,4,4642,신발 도매업,4642,신발 도매업
KSIC,10,4,4643,"생활용 가구, 조명기구 및 비전기식 생활용기기 도매업",4643,"조명기구, 가정용 가구 및 비전기식 가정용기기 도매업"
KSIC,10,4,4644,"의약품, 의료용품 및 화장품 도매업",4644,"의약품, 의료용품 및 화장품 도매업"
KSIC,10,4,4645,"생활용 포장ㆍ위생용품, 문구용품 및 출판 인쇄물 도매업",4645,"종이, 인쇄물 및 문구용품 도매업"
KSIC,10,4,4646,"음반 및 비디오물, 악기, 오락 및 경기용품 도매업",4643,"조명기구, 가정용 가구 및 비전기식 가정용기기 도매업"
KSIC,10,4,4646,"음반 및 비디오물, 악기, 오락 및 경기용품 도매업",4646,"오락, 취미 및 경기용품 도매업"
KSIC,10,4,4649,"가방, 시계, 안경 및 기타 생활용품 도매업",4649,기타 가정용품 도매업
KSIC,10,4,4651,"컴퓨터 및 주변장치, 소프트웨어 도매업",4651,"컴퓨터 및 주변장치, 소프트웨어 도매업"
KSIC,10,4,4652,"가전제품, 통신장비 및 부품 도매업",4643,"조명기구, 가정용 가구 및 비전기식 가정용기기 도매업"
KSIC,10,4,4652,"가전제품, 통신장비 및 부품 도매업",4652,"가전제품, 통신장비 및 부품 도매업"
KSIC,10,4,4653,산업용 기계 및 장비 도매업,4653,산업용 기계 및 장비 도매업
KSIC,10,4,4659,기타 기계 및 장비 도매업,4659,기타 기계 및 장비 도매업
KSIC,10,4,4659,기타 기계 및 장비 도매업,4653,산업용 기계 및 장비 도매업
KSIC,10,4,4659,기타 기계 및 장비 도매업,4643,"조명기구, 가정용 가구 및 비전기식 가정용기기 도매업"
KSIC,10,4,4661,일반 건축자재 도매업,4669,기타 건축자재 도매업
KSIC,10,4,4661,일반 건축자재 도매업,4661,일반 건축자재 도매업
KSIC,10,4,4662,"냉ㆍ난방장치 및 철물, 수공구 도매업",4662,철물 및 냉·난방장치 도매업
KSIC,10,4,4669,기타 건축자재 도매업,4669,기타 건축자재 도매업
KSIC,10,4,4671,"연료, 연료용 광물 및 관련제품 도매업",4671,연료 및 관련제품 도매업
KSIC,10,4,4672,1차 금속제품 및 금속광물 도매업,4672,1차 금속제품 및 금속광물 도매업
KSIC,10,4,4673,화학 물질 및 화학제품 도매업,4673,화학물질 및 화학제품 도매업
KSIC,10,4,4673,화학 물질 및 화학제품 도매업,4631,비가공 식품 도매업
KSIC,10,4,4674,"방직용 섬유, 실 및 직물 도매업",4674,"방직용 섬유, 사 및 직물 도매업"
KSIC,10,4,4675,"종이 원지, 판지, 종이상자 도매업",4679,재생용 재료 및 기타 상품 전문 도매업
KSIC,10,4,4679,재생용 재료 및 기타 상품 전문 도매업,4679,재생용 재료 및 기타 상품 전문 도매업
KSIC,10,4,4679,재생용 재료 및 기타 상품 전문 도매업,4643,"조명기구, 가정용 가구 및 비전기식 가정용기기 도매업"
KSIC,10,4,4680,상품 종합 도매업,4680,상품 종합 도매업
KSIC,10,4,4711,대형 종합 소매업,4711,대형 종합 소매업
KSIC,10,4,4712,음ㆍ식료품 위주 종합 소매업,4712,음·식료품 위주 종합 소매업
KSIC,10,4,4713,면세점,4711,대형 종합 소매업
KSIC,10,4,4713,면세점,4719,그외 기타 종합 소매업
KSIC,10,4,4719,그 외 기타 종합 소매업,4719,그외 기타 종합 소매업
KSIC,10,4,4721,식료품 소매업,4721,식료품 소매업
KSIC,10,4,4722,음료 및 담배 소매업,4722,음료 및 담배 소매업
KSIC,10,4,4731,"컴퓨터 및 주변장치, 소프트웨어 및 통신기기 소매업",4731,"컴퓨터 및 주변장치, 소프트웨어 및 통신기기 소매업"
KSIC,10,4,4732,가전제품 소매업,4759,그외 기타 가정용품 소매업
KSIC,10,4,4732,가전제품 소매업,4732,가전제품 소매업
KSIC,10,4,4741,의복 소매업,4741,"섬유, 직물, 의복 및 의복액세서리 소매업"
KSIC,10,4,4742,"섬유, 직물 및 의복 액세서리 소매업",4741,"섬유, 직물, 의복 및 의복액세서리 소매업"
KSIC,10,4,4743,신발 소매업,4742,신발 소매업
KSIC,10,4,4744,가방 및 기타 가죽제품 소매업,4743,가방 및 기타 가죽제품 소매업
KSIC,10,4,4751,"철물, 공구, 창호 및 건설자재 소매업",4759,그외 기타 가정용품 소매업
KSIC,10,4,4751,"철물, 공구, 창호 및 건설자재 소매업",4751,"철물, 페인트, 유리 및 건설자재 소매업"
KSIC,10,4,4752,가구 소매업,4752,가구 소매업
KSIC,10,4,4759,그 외 기타 가정용품 소매업,4759,그외 기타 가정용품 소매업
KSIC,10,4,4759,그 외 기타 가정용품 소매업,4751,"철물, 페인트, 유리 및 건설자재 소매업"
KSIC,10,4,4759,그 외 기타 가정용품 소매업,4743,가방 및 기타 가죽제품 소매업
KSIC,10,4,4761,서적 및 문구용품 소매업,4761,서적 및 문구용품 소매업
KSIC,10,4,4762,음반 및 비디오물 소매업,4762,음반 및 비디오물 소매업
KSIC,10,4,4763,운동용품 및 자전거 소매업,4763,스포츠용품 소매업
KSIC,10,4,4763,운동용품 및 자전거 소매업,4759,그외 기타 가정용품 소매업
KSIC,10,4,4764,"게임용구, 인형 및 장난감 소매업",4764,"게임용구, 인형 및 장난감 소매업"
KSIC,10,4,4771,운송장비용 연료 소매업,4771,차량용 연료 소매업
KSIC,10,4,4772,가정용 연료 소매업,4772,가정용 연료 소매업
KSIC,10,4,4781,"의약품, 의료용 기구, 화장품 및 방향제 소매업",4781,"의약품, 의료용 기구, 화장품 및 방향제 소매업"
KSIC,10,4,4782,"사무용 기기, 안경, 사진장비 및 정밀기기 소매업",4782,"사무용 기기, 사진장비 및 정밀기기 소매업"
KSIC,10,4,4783,시계 및 귀금속 소매업,4783,시계 및 귀금속 소매업
KSIC,10,4,4784,"예술품, 기념품 및 장식용품 소매업",4784,예술품 및 선물용품 소매업
KSIC,10,4,4785,그 외 기타 상품 전문 소매업,4721,식료품 소매업
KSIC,10,4,4785,그 외 기타 상품 전문 소매업,4759,그외 기타 가정용품 소매업
KSIC,10,4,4785,그 외 기타 상품 전문 소매업,4785,그외 기타 상품 전문 소매업
KSIC,10,4,4786,중고 상품 소매업,4786,중고상품 소매업
KSIC,10,4,4791,통신 판매업,4791,통신 판매업
KSIC,10,4,4792,노점 및 유사 이동 소매업,4792,노점 및 유사이동 소매업
KSIC,10,4,4799,기타 무점포 소매업,4799,기타 무점포 소매업
KSIC,10,4,4910,철도 운송업,4910,철도운송업
KSIC,10,4,4921,도시 정기 육상 여객 운송업,4921,도시 정기 육상 여객 운송업
KSIC,10,4,4922,시외버스 운송업,4922,시외버스 운송업
KSIC,10,4,4923,부정기 육상 여객 운송업,4923,부정기 여객 육상 운송업
KSIC,10,4,4930,도로 화물 운송업,4931,화물자동차 운송업
KSIC,10,4,4930,도로 화물 운송업,4939,기타 도로화물 운송업
KSIC,10,4,4940,소화물 전문 운송업,4940,소화물 전문 운송업
KSIC,10,4,4950,파이프라인 운송업,4950,파이프라인 운송업
KSIC,10,4,5011,외항 운송업,5011,외항 운송업
KSIC,10,4,5012,내항 운송업,5012,내항 운송업
KSIC,10,4,5013,기타 해상 운송업,5013,기타 해상 운송업
KSIC,10,4,5020,내륙 수상 및 항만 내 운송업,5020,내륙 수상 및 항만내 운송업
KSIC,10,4,5110,항공 여객 운송업,5110,정기 항공 운송업
KSIC,10,4,5110,항공 여객 운송업,5120,부정기 항공 운송업
KSIC,10,4,5120,항공 화물 운송업,5110,정기 항공 운송업
KSIC,10,4,5120,항공 화물 운송업,5120,부정기 항공 운송업
KSIC,10,4,5210,보관 및 창고업,5210,보관 및 창고업
KSIC,10,4,5291,육상 운송 지원 서비스업,5291,육상 운송지원 서비스업
KSIC,10,4,5292,수상 운송 지원 서비스업,5292,수상 운송지원 서비스업
KSIC,10,4,5293,항공 운송 지원 서비스업,5293,항공 운송지원 서비스업
KSIC,10,4,5294,화물 취급업,5294,화물 취급업
KSIC,10,4,5294,화물 취급업,5020,내륙 수상 및 항만내 운송업
KSIC,10,4,5299,그 외 기타 운송관련 서비스업,5299,그외 기타 운송관련 서비스업
KSIC,10,4,5510,일반 및 생활 숙박시설 운영업,9129,그외 기타 오락관련 서비스업
KSIC,10,4,5510,일반 및 생활 숙박시설 운영업,5511,관광숙박시설 운영업
KSIC,10,4,5590,기타 숙박업,5590,기타 숙박업
KSIC,10,4,5611,한식 음식점업,5619,기타 음식점업
KSIC,10,4,5611,한식 음식점업,5611,일반 음식점업
KSIC,10,4,5612,외국식 음식점업,5611,일반 음식점업
KSIC,10,4,5613,기관 구내식당업,5612,기관구내식당업
KSIC,10,4,5614,출장 및 이동 음식점업,5613,출장 및 이동 음식업
KSIC,10,4,5619,기타 간이 음식점업,5619,기타 음식점업
KSIC,10,4,5621,주점업,5621,주점업
KSIC,10,4,5622,비알코올 음료점업,5613,출장 및 이동 음식업
KSIC,10,4,5622,비알코올 음료점업,5622,비알콜 음료점업
KSIC,10,4,5811,서적 출판업,5811,서적 출판업
KSIC,10,4,5812,"신문, 잡지 및 정기 간행물 출판업",5812,"신문, 잡지 및 정기간행물 출판업"
KSIC,10,4,5819,기타 인쇄물 출판업,5819,기타 인쇄물 출판업
KSIC,10,4,5821,게임 소프트웨어 개발 및 공급업,5821,게임 소프트웨어 개발 및 공급업
KSIC,10,4,5822,시스템ㆍ응용 소프트웨어 개발 및 공급업,5822,시스템·응용 소프트웨어 개발 및 공급업
KSIC,10,4,5911,"영화, 비디오물 및 방송 프로그램 제작업",5911,"영화, 비디오물 및 방송프로그램 제작업"
KSIC,10,4,5912,"영화, 비디오물 및 방송 프로그램 제작 관련 서비스업",5912,"영화, 비디오물 및 방송프로그램 제작 관련 서비스업"
KSIC,10,4,5913,"영화, 비디오물 및 방송 프로그램 배급업",5913,"영화, 비디오물 및 방송프로그램 배급업"
KSIC,10,4,5914,영화 및 비디오물 상영업,5914,영화 및 비디오물 상영업
KSIC,10,4,5920,오디오물 출판 및 원판 녹음업,5920,오디오물 출판 및 원판 녹음업
KSIC,10,4,6010,라디오 방송업,6010,라디오 방송업
KSIC,10,4,6021,지상파 방송업,6021,지상파 방송업
KSIC,10,4,6022,"유선, 위성 및 기타 방송업",6022,"유선, 위성 및 기타 방송업"
KSIC,10,4,6110,공영 우편업,6110,우편업
KSIC,10,4,6121,유선 통신업,6121,유선통신업
KSIC,10,4,6122,무선 및 위성 통신업,6122,무선통신업
KSIC,10,4,6122,무선 및 위성 통신업,6123,위성통신업
KSIC,10,4,6129,기타 전기 통신업,6129,기타 전기통신업
KSIC,10,4,6201,컴퓨터 프로그래밍 서비스업,6201,컴퓨터 프로그래밍 서비스업
KSIC,10,4,6202,"컴퓨터 시스템 통합 자문, 구축 및 관리업",6202,"컴퓨터시스템 통합 자문, 구축 및 관리업"
KSIC,10,4,6209,기타 정보 기술 및 컴퓨터 운영 관련 서비스업,6209,기타 정보기술 및 컴퓨터운영 관련 서비스업
KSIC,10,4,6311,"자료 처리, 호스팅 및 관련 서비스업",6311,"자료처리, 호스팅 및 관련 서비스업"
KSIC,10,4,6312,포털 및 기타 인터넷 정보 매개 서비스업,6312,포털 및 기타 인터넷 정보매개 서비스업
KSIC,10,4,6391,뉴스 제공업,6391,뉴스 제공업
KSIC,10,4,6399,그 외 기타 정보 서비스업,6399,그외 기타 정보 서비스업
KSIC,10,4,6411,중앙은행,6411,중앙은행
KSIC,10,4,6412,일반은행,6412,일반은행
KSIC,10,4,6413,신용조합 및 저축기관,6413,신용조합 및 저축기관
KSIC,10,4,6420,신탁업 및 집합 투자업,6420,투자기관
KSIC,10,4,6491,여신 금융업,6491,여신금융업
KSIC,10,4,6499,그 외 기타 금융업,6499,그외 기타 금융업
KSIC,10,4,6499,그 외 기타 금융업,7152,비금융 지주회사
KSIC,10,4,6511,생명보험업,6511,생명 보험업
KSIC,10,4,6512,손해 및 보증보험업,6512,손해 및 보증 보험업
KSIC,10,4,6513,사회보장보험업,6513,사회보장 보험업
KSIC,10,4,6520,재보험업,6520,재 보험업
KSIC,10,4,6530,연금 및 공제업,6530,연금 및 공제업
KSIC,10,4,6611,금융시장 관리업,6611,금융시장 관리업
KSIC,10,4,6612,증권 및 선물 중개업,6612,증권 및 선물 중개업
KSIC,10,4,6619,기타 금융 지원 서비스업,6619,기타 금융지원 서비스업
KSIC,10,4,6620,보험 및 연금관련 서비스업,6620,보험 및 연금관련 서비스업
KSIC,10,4,6811,부동산 임대업,6811,부동산 임대업
KSIC,10,4,6812,부동산 개발 및 공급업,6812,부동산 개발 및 공급업
KSIC,10,4,6821,부동산 관리업,6821,부동산 관리업
KSIC,10,4,6822,"부동산 중개, 자문 및 감정 평가업",6822,부동산 중개 및 감정평가업
KSIC,10,4,7011,자연과학 연구개발업,7011,자연과학 연구개발업
KSIC,10,4,7012,공학 연구개발업,7012,공학 연구개발업
KSIC,10,4,7013,자연과학 및 공학 융합 연구개발업,7011,자연과학 연구개발업
KSIC,10,4,7013,자연과학 및 공학 융합 연구개발업,7012,공학 연구개발업
KSIC,10,4,7020,인문 및 사회과학 연구개발업,7020,인문 및 사회과학 연구개발업
KSIC,10,4,7110,법무관련 서비스업,7110,법무관련 서비스업
KSIC,10,4,7120,회계 및 세무관련 서비스업,7120,회계 및 세무관련 서비스업
KSIC,10,4,7131,광고 대행업,7131,광고 대행업
KSIC,10,4,7139,기타 광고업,7139,기타 광고업
KSIC,10,4,7140,시장 조사 및 여론 조사업,7140,시장조사 및 여론조사업
KSIC,10,4,7151,회사 본부,7151,회사본부
KSIC,10,4,7153,경영 컨설팅 및 공공 관계 서비스업,7153,경영컨설팅 및 공공관계 서비스업
KSIC,10,4,7160,기타 전문 서비스업,7591,사무지원 서비스업
KSIC,10,4,7211,건축 및 조경 설계 서비스업,7211,건축 및 조경 설계 서비스업
KSIC,10,4,7212,엔지니어링 서비스업,7212,엔지니어링 서비스업
KSIC,10,4,7291,"기술 시험, 검사 및 분석업",7291,"기술 시험, 검사 및 분석업"
KSIC,10,4,7292,"측량, 지질 조사 및 지도 제작업",7292,"측량, 지질조사 및 지도제작업"
KSIC,10,4,7310,수의업,7310,수의업
KSIC,10,4,7320,전문 디자인업,7320,전문디자인업
KSIC,10,4,7330,사진 촬영 및 처리업,7330,사진 촬영 및 처리업
KSIC,10,4,7330,사진 촬영 및 처리업,7591,사무지원 서비스업
KSIC,10,4,7390,"그 외 기타 전문, 과학 및 기술 서비스업",7390,"그외 기타 전문, 과학 및 기술 서비스업"
KSIC,10,4,7410,사업시설 유지ㆍ관리 서비스업,7410,사업시설 유지관리 서비스업
KSIC,10,4,7421,건물 및 산업설비 청소업,7421,건물 및 산업설비 청소업
KSIC,10,4,7422,"소독, 구충 및 방제 서비스업",7422,"소독, 구충 및 방제 서비스업"
KSIC,10,4,7430,조경관리 및 유지 서비스업,7430,조경 관리 및 유지 서비스업
KSIC,10,4,7511,고용 알선업,7511,고용알선업
KSIC,10,4,7512,인력 공급업,7512,인력공급업
KSIC,10,4,7512,인력 공급업,7591,사무지원 서비스업
KSIC,10,4,7512,인력 공급업,9019,기타 창작 및 예술관련 서비스업
KSIC,10,4,7521,여행사업,7521,여행사업
KSIC,10,4,7529,기타 여행 보조 및 예약 서비스업,7529,기타 여행보조 및 예약 서비스업
KSIC,10,4,7531,경비 및 경호 서비스업,7531,경비 및 경호 서비스업
KSIC,10,4,7532,보안 시스템 서비스업,7532,보안시스템 서비스업
KSIC,10,4,7533,탐정 및 조사 서비스업,7533,탐정 및 조사 서비스업
KSIC,10,4,7591,사무 지원 서비스업,7591,사무지원 서비스업
KSIC,10,4,7599,그 외 기타 사업 지원 서비스업,7599,그외 기타 사업지원 서비스업
KSIC,10,4,7611,자동차 임대업,6911,자동차 임대업
KSIC,10,4,7619,기타 운송장비 임대업,6919,기타 운송장비 임대업
KSIC,10,4,7621,스포츠 및 레크리에이션 용품 임대업,6921,스포츠 및 레크레이션 용품 임대업
KSIC,10,4,7622,음반 및 비디오물 임대업,6922,음반 및 비디오물 임대업
KSIC,10,4,7629,기타 개인 및 가정용품 임대업,6929,기타 개인 및 가정용품 임대업
KSIC,10,4,7631,건설 및 토목공사용 기계ㆍ장비 임대업,6931,건설 및 토목공사용 기계장비 임대업
KSIC,10,4,7632,컴퓨터 및 사무용 기계ㆍ장비 임대업,6932,컴퓨터 및 사무용 기계장비 임대업
KSIC,10,4,7639,기타 산업용 기계 및 장비 임대업,6939,기타 산업용 기계 및 장비 임대업
KSIC,10,4,7639,기타 산업용 기계 및 장비 임대업,6931,건설 및 토목공사용 기계장비 임대업
KSIC,10,4,7640,무형 재산권 임대업,6940,무형재산권 임대업
KSIC,10,4,7640,무형 재산권 임대업,6811,부동산 임대업
KSIC,10,4,8411,일반 공공 행정,8411,일반 공공 행정
KSIC,10,4,8412,정부기관 일반 보조 행정,8412,정부기관 일반 보조 행정
KSIC,10,4,8421,사회서비스 관리 행정,8421,사회서비스 관리 행정
KSIC,10,4,8422,노동 및 산업 진흥 행정,8422,노동 및 산업진흥 행정
KSIC,10,4,8431,외무 행정,8431,외무 행정
KSIC,10,4,8432,국방 행정,8432,국방 행정
KSIC,10,4,8440,사법 및 공공 질서 행정,8440,사법 및 공공질서 행정
KSIC,10,4,8450,사회보장 행정,8450,사회보장 행정
KSIC,10,4,8511,유아 교육기관,8511,유아 교육기관
KSIC,10,4,8512,초등학교,8512,초등학교
KSIC,10,4,8521,일반 중등 교육기관,8521,일반 중등 교육기관
KSIC,10,4,8522,특성화 고등학교,8522,기술 및 직업 중등 교육기관
KSIC,10,4,8530,고등 교육기관,8530,고등 교육기관
KSIC,10,4,8541,특수학교,8541,특수학교
KSIC,10,4,8542,외국인학교,8542,외국인 학교
KSIC,10,4,8543,대안학교,8543,대안학교
KSIC,10,4,8550,일반 교습학원,8562,예술 학원
KSIC,10,4,8550,일반 교습학원,8561,스포츠 및 레크레이션 교육기관
KSIC,10,4,8550,일반 교습학원,8550,일반 교습 학원
KSIC,10,4,8561,스포츠 및 레크리에이션 교육기관,8569,그외 기타 교육기관
KSIC,10,4,8561,스포츠 및 레크리에이션 교육기관,8561,스포츠 및 레크레이션 교육기관
KSIC,10,4,8561,스포츠 및 레크리에이션 교육기관,5511,관광숙박시설 운영업
KSIC,10,4,8561,스포츠 및 레크리에이션 교육기관,9129,그외 기타 오락관련 서비스업
KSIC,10,4,8562,예술학원,8562,예술 학원
KSIC,10,4,8563,외국어학원 및 기타 교습학원,8550,일반 교습 학원
KSIC,10,4,8564,사회교육시설,8563,사회교육시설
KSIC,10,4,8565,직원 훈련기관,8564,직원훈련기관
KSIC,10,4,8566,기술 및 직업 훈련학원,8565,기술 및 직업훈련학원
KSIC,10,4,8569,그 외 기타 교육기관,8569,그외 기타 교육기관
KSIC,10,4,8570,교육 지원 서비스업,8570,교육지원 서비스업
KSIC,10,4,8610,병원,8610,병원
KSIC,10,4,8620,의원,8620,의원
KSIC,10,4,8630,공중 보건 의료업,8630,공중 보건 의료업
KSIC,10,4,8690,기타 보건업,8690,기타 보건업
KSIC,10,4,8711,노인 거주 복지시설 운영업,8711,노인 거주 복지시설 운영업
KSIC,10,4,8712,심신 장애인 거주 복지시설 운영업,8712,심신장애인 거주 복지시설 운영업
KSIC,10,4,8713,기타 거주 복지시설 운영업,8713,기타 거주 복지시설 운영업
KSIC,10,4,8721,보육시설 운영업,8721,보육시설 운영업
KSIC,10,4,8729,기타 비거주 복지 서비스업,8729,기타 비거주 복지 서비스업
KSIC,10,4,9011,공연시설 운영업,9011,공연시설 운영업
KSIC,10,4,9012,공연단체,9012,공연단체
KSIC,10,4,9013,자영 예술가,9013,자영 예술가
KSIC,10,4,9019,기타 창작 및 예술관련 서비스업,9019,기타 창작 및 예술관련 서비스업
KSIC,10,4,9021,"도서관, 기록 보존소 및 독서실 운영업",9021,"도서관, 기록보존소 및 독서실 운영업"
KSIC,10,4,9022,박물관 및 사적지 관리 운영업,9022,박물관 및 사적지 관리 운영업
KSIC,10,4,9023,"식물원, 동물원 및 자연공원 운영업",9023,"식물원, 동물원 및 자연공원 운영업"
KSIC,10,4,9029,기타 유사 여가관련 서비스업,9029,"기타 도서관, 사적지 및 유사 여가관련 서비스업"
KSIC,10,4,9111,경기장 운영업,9111,경기장 운영업
KSIC,10,4,9112,골프장 및 스키장 운영업,9112,골프장 및 스키장 운영업
KSIC,10,4,9113,기타 스포츠시설 운영업,9113,기타 스포츠시설 운영업
KSIC,10,4,9119,기타 스포츠 서비스업,9119,기타 스포츠 서비스업
KSIC,10,4,9121,유원지 및 테마파크 운영업,9121,유원지 및 테마파크 운영업
KSIC,10,4,9122,오락장 운영업,9122,오락장 운영업
KSIC,10,4,9123,수상오락 서비스업,9123,수상오락 서비스업
KSIC,10,4,9124,사행시설 관리 및 운영업,9124,갬블링 및 베팅업
KSIC,10,4,9129,그 외 기타 오락관련 서비스업,9129,그외 기타 오락관련 서비스업
KSIC,10,4,9411,산업 단체,9411,산업 단체
KSIC,10,4,9412,전문가 단체,9412,전문가 단체
KSIC,10,4,9420,노동조합,9420,노동조합
KSIC,10,4,9491,종교 단체,9491,종교 단체
KSIC,10,4,9492,정치 단체,9492,정치 단체
KSIC,10,4,9493,시민운동 단체,9493,시민운동 단체
KSIC,10,4,9499,그 외 기타 협회 및 단체,9499,그외 기타 협회 및 단체
KSIC,10,4,9511,컴퓨터 및 주변 기기 수리업,9512,"전기, 전자, 통신 및 정밀기기 수리업"
KSIC,10,4,9512,통신장비 수리업,9531,가전제품 수리업
KSIC,10,4,9512,통신장비 수리업,9512,"전기, 전자, 통신 및 정밀기기 수리업"
KSIC,10,4,9521,자동차 수리 및 세차업,9522,모터사이클 수리업
KSIC,10,4,9521,자동차 수리 및 세차업,9521,자동차 수리 및 세차업
KSIC,10,4,9522,모터사이클 수리업,9522,모터사이클 수리업
KSIC,10,4,9531,가전제품 수리업,9531,가전제품 수리업
KSIC,10,4,9539,기타 개인 및 가정용품 수리업,9539,기타 개인 및 가정용품 수리업
KSIC,10,4,9611,이용 및 미용업,9611,이용 및 미용업
KSIC,10,4,9612,"욕탕, 마사지 및 기타 신체 관리 서비스업",9612,"욕탕, 마사지 및 기타 미용관련 서비스업"
KSIC,10,4,9691,세탁업,9691,세탁업
KSIC,10,4,9692,장례식장 및 관련 서비스업,9692,장례식장 및 관련 서비스업
KSIC,10,4,9699,그 외 기타 분류 안된 개인 서비스업,9699,그외 기타 분류안된 개인 서비스업
KSIC,10,4,9700,가구 내 고용활동,9700,가구내 고용활동
KSIC,10,4,9810,자가 소비를 위한 가사 생산 활동,9810,자가 소비를 위한 가사 생산 활동
KSIC,10,4,9820,자가 소비를 위한 가사 서비스 활동,9820,자가 소비를 위한 가사 서비스 활동
KSIC,10,4,9900,국제 및 외국기관,9900,국제 및 외국기관
KSIC,10,5,1110,곡물 및 기타 식량작물 재배업,1140,기타 작물 재배업
KSIC,10,5,1110,곡물 및 기타 식량작물 재배업,1110,곡물 및 기타 식량작물 재배업
KSIC,10,5,1121,채소작물 재배업,1121,채소작물 재배업
KSIC,10,5,1121,채소작물 재배업,1131,과실작물 재배업
KSIC,10,5,1121,채소작물 재배업,1132,음료용 및 향신용 작물 재배업
KSIC,10,5,1122,화훼작물 재배업,1122,화훼작물 재배업
KSIC,10,5,1123,종자 및 묘목 생산업,1123,종자 및 묘목 생산업
KSIC,10,5,1131,과실작물 재배업,1131,과실작물 재배업
KSIC,10,5,1132,음료용 및 향신용 작물 재배업,1132,음료용 및 향신용 작물 재배업
KSIC,10,5,1140,기타 작물 재배업,1140,기타 작물 재배업
KSIC,10,5,1151,콩나물 재배업,1151,콩나물 재배업
KSIC,10,5,1152,"채소, 화훼 및 과실작물 시설 재배업",1152,"채소, 화훼 및 과실작물 시설 재배업"
KSIC,10,5,1159,기타 시설작물 재배업,1159,기타 시설작물 재배업
KSIC,10,5,1211,젖소 사육업,1211,젖소 사육업
KSIC,10,5,1212,육우 사육업,1212,육우 사육업
KSIC,10,5,1220,양돈업,1220,양돈업
KSIC,10,5,1231,양계업,1231,양계업
KSIC,10,5,1239,기타 가금류 및 조류 사육업,1239,기타 가금류 및 조류 사육업
KSIC,10,5,1291,말 및 양 사육업,1291,말 및 양 사육업
KSIC,10,5,1299,그 외 기타 축산업,1299,그외 기타 축산업
KSIC,10,5,1300,작물재배 및 축산 복합농업,1300,작물재배 및 축산 복합농업
KSIC,10,5,1411,작물재배 지원 서비스업,1411,작물재배 지원 서비스업
KSIC,10,5,1412,"농산물 건조, 선별 및 기타 수확 후 서비스업",1412,"농산물 건조, 선별 및 기타 수확후 서비스업"
KSIC,10,5,1420,축산 관련 서비스업,73100,수의업
KSIC,10,5,1420,축산 관련 서비스업,1420,축산 관련 서비스업
KSIC,10,5,1500,수렵 및 관련 서비스업,1500,수렵 및 관련 서비스업
KSIC,10,5,2011,임업용 종묘 생산업,2011,임업용 종묘 생산업
KSIC,10,5,2012,육림업,2012,육림업
KSIC,10,5,2020,벌목업,2020,벌목업
KSIC,10,5,2030,임산물 채취업,2030,임산물 채취업
KSIC,10,5,2040,임업 관련 서비스업,2040,임업 관련 서비스업
KSIC,10,5,3111,원양 어업,3111,원양 어업
KSIC,10,5,3112,연근해 어업,3112,연근해 어업
KSIC,10,5,3120,내수면 어업,3120,내수면 어업
KSIC,10,5,3211,해수면 양식 어업,3211,해면 양식 어업
KSIC,10,5,3212,내수면 양식 어업,3212,내수면 양식 어업
KSIC,10,5,3213,수산물 부화 및 수산 종자 생산업,3213,수산물 부화 및 종묘 생산업
KSIC,10,5,3220,어업 관련 서비스업,3220,어업 관련 서비스업
KSIC,10,5,5100,석탄 광업,5100,석탄 광업
KSIC,10,5,5200,원유 및 천연가스 채굴업,5200,원유 및 천연가스 채굴업
KSIC,10,5,6100,철 광업,6100,철 광업
KSIC,10,5,6200,비철금속 광업,6210,우라늄 및 토륨 광업
KSIC,10,5,6200,비철금속 광업,6299,그외 기타 비철금속 광업
KSIC,10,5,6200,비철금속 광업,6292,연 및 아연 광업
KSIC,10,5,6200,비철금속 광업,6291,금·은 및 백금 광업
KSIC,10,5,7110,석회석 및 점토 광업,7111,석회석 광업
KSIC,10,5,7110,석회석 및 점토 광업,7112,고령토 및 기타 점토 광업
KSIC,10,5,7121,건설용 석재 채굴 및 쇄석 생산업,7121,건설용 석재 채굴업
KSIC,10,5,7121,건설용 석재 채굴 및 쇄석 생산업,7122,건설용 쇄석 생산업
KSIC,10,5,7122,모래 및 자갈 채취업,7123,모래 및 자갈 채취업
KSIC,10,5,7210,화학용 및 비료 원료용 광물 광업,7210,화학용 및 비료원료용 광물 광업
KSIC,10,5,7220,천일염 생산 및 암염 채취업,7220,소금 채취업
KSIC,10,5,7290,그 외 기타 비금속광물 광업,7290,그외 기타 비금속광물 광업
KSIC,10,5,8000,광업 지원 서비스업,8010,원유 및 천연가스 채굴관련 서비스업
KSIC,10,5,8000,광업 지원 서비스업,8090,기타 광업 지원 서비스업
KSIC,10,5,10111,육류 도축업(가금류 제외),10110,도축업
KSIC,10,5,10112,가금류 도축업,10110,도축업
KSIC,10,5,10121,가금류 가공 및 저장 처리업,10121,가금류 가공 및 저장 처리업
KSIC,10,5,10122,육류 포장육 및 냉동육 가공업(가금류 제외),10129,기타 육류 가공 및 저장처리업
KSIC,10,5,10129,육류 기타 가공 및 저장 처리업(가금류 제외),10129,기타 육류 가공 및 저장처리업
KSIC,10,5,10211,"수산동물 훈제, 조리 및 유사 조제식품 제조업",10211,"수산동물 훈제, 조리 및 유사 조제식품 제조업"
KSIC,10,5,10212,수산동물 건조 및 염장품 제조업,10212,수산동물 건조 및 염장품 제조업
KSIC,10,5,10213,수산동물 냉동품 제조업,10213,수산동물 냉동품 제조업
KSIC,10,5,10219,기타 수산동물 가공 및 저장 처리업,10219,기타 수산동물 가공 및 저장처리업
KSIC,10,5,10220,수산식물 가공 및 저장 처리업,10220,수산식물 가공 및 저장 처리업
KSIC,10,5,10301,김치류 제조업,10301,과실 및 채소 절임식품 제조업
KSIC,10,5,10302,과실 및 그 외 채소 절임식품 제조업,10301,과실 및 채소 절임식품 제조업
KSIC,10,5,10309,기타 과실ㆍ채소 가공 및 저장 처리업,10309,기타 과실·채소 가공 및 저장처리업
KSIC,10,5,10401,동물성 유지 제조업,10401,동물성 유지 제조업
KSIC,10,5,10402,식물성 유지 제조업,10402,식물성 유지 제조업
KSIC,10,5,10403,식용 정제유 및 가공유 제조업,10403,식용 정제유 및 가공유 제조업
KSIC,10,5,10501,액상 시유 및 기타 낙농제품 제조업,10501,액상시유 및 기타 낙농제품 제조업
KSIC,10,5,10502,아이스크림 및 기타 식용 빙과류 제조업,10502,아이스크림 및 기타 식용빙과류 제조업
KSIC,10,5,10611,곡물 도정업,10611,곡물 도정업
KSIC,10,5,10612,곡물 제분업,10612,곡물 제분업
KSIC,10,5,10613,곡물 혼합 분말 및 반죽 제조업,10613,제과용 혼합분말 및 반죽 제조업
KSIC,10,5,10613,곡물 혼합 분말 및 반죽 제조업,10730,"면류, 마카로니 및 유사식품 제조업"
KSIC,10,5,10619,기타 곡물 가공품 제조업,10619,기타 곡물가공품 제조업
KSIC,10,5,10620,전분제품 및 당류 제조업,10620,전분제품 및 당류 제조업
KSIC,10,5,10711,떡류 제조업,10711,떡류 제조업
KSIC,10,5,10712,빵류 제조업,10712,빵류 제조업
KSIC,10,5,10713,과자류 및 코코아 제품 제조업,10713,코코아 제품 및 과자류 제조업
KSIC,10,5,10720,설탕 제조업,10720,설탕 제조업
KSIC,10,5,10730,"면류, 마카로니 및 유사 식품 제조업",10730,"면류, 마카로니 및 유사식품 제조업"
KSIC,10,5,10741,"식초, 발효 및 화학 조미료 제조업",10741,"식초, 발효 및 화학 조미료 제조업"
KSIC,10,5,10742,천연 및 혼합 조제 조미료 제조업,10742,천연 및 혼합조제 조미료 제조업
KSIC,10,5,10743,장류 제조업,10743,장류 제조업
KSIC,10,5,10749,기타 식품 첨가물 제조업,10749,기타 식품 첨가물 제조업
KSIC,10,5,10751,도시락류 제조업,10798,도시락 및 식사용 조리식품 제조업
KSIC,10,5,10759,기타 식사용 가공처리 조리식품 제조업,10798,도시락 및 식사용 조리식품 제조업
KSIC,10,5,10791,커피 가공업,10791,커피 가공업
KSIC,10,5,10792,차류 가공업,10792,차류 가공업
KSIC,10,5,10793,수프 및 균질화식품 제조업,10793,수프 및 균질화식품 제조업
KSIC,10,5,10794,두부 및 유사 식품 제조업,10794,두부 및 유사식품 제조업
KSIC,10,5,10795,인삼식품 제조업,10795,인삼식품 제조업
KSIC,10,5,10796,건강 보조용 액화식품 제조업,10796,건강보조용 액화식품 제조업
KSIC,10,5,10797,건강 기능식품 제조업,10797,건강기능식품 제조업
KSIC,10,5,10799,그 외 기타 식료품 제조업,10799,그외 기타 식료품 제조업
KSIC,10,5,10801,배합 사료 제조업,10800,동물용 사료 및 조제식품 제조업
KSIC,10,5,10802,단미사료 및 기타 사료 제조업,10800,동물용 사료 및 조제식품 제조업
KSIC,10,5,11111,탁주 및 약주 제조업,11111,탁주 및 약주 제조업
KSIC,10,5,11112,맥아 및 맥주 제조업,11113,맥아 및 맥주 제조업
KSIC,10,5,11119,기타 발효주 제조업,11112,청주 제조업
KSIC,10,5,11119,기타 발효주 제조업,11119,기타 발효주 제조업
KSIC,10,5,11121,주정 제조업,11121,주정 제조업
KSIC,10,5,11122,소주 제조업,11122,소주 제조업
KSIC,10,5,11129,기타 증류주 및 합성주 제조업,11129,기타 증류주 및 합성주 제조업
KSIC,10,5,11201,얼음 제조업,11201,얼음 제조업
KSIC,10,5,11202,생수 생산업,11202,생수 생산업
KSIC,10,5,11209,기타 비알코올 음료 제조업,11209,기타 비알콜음료 제조업
KSIC,10,5,12000,담배제품 제조업,12002,담배제품 제조업
KSIC,10,5,12000,담배제품 제조업,12001,담배 재건조업
KSIC,10,5,13101,면 방적업,13101,면 방적업
KSIC,10,5,13102,모 방적업,13102,모 방적업
KSIC,10,5,13103,화학섬유 방적업,13103,화학섬유 방적업
KSIC,10,5,13104,연사 및 가공사 제조업,13104,연사 및 가공사 제조업
KSIC,10,5,13109,기타 방적업,13109,기타 방적업
KSIC,10,5,13211,면직물 직조업,13211,면직물 직조업
KSIC,10,5,13212,모직물 직조업,13212,모직물 직조업
KSIC,10,5,13213,화학섬유직물 직조업,13213,화학섬유직물 직조업
KSIC,10,5,13219,특수직물 및 기타 직물 직조업,13214,견직물 직조업
KSIC,10,5,13219,특수직물 및 기타 직물 직조업,13993,특수사 및 코드직물 제조업
KSIC,10,5,13219,특수직물 및 기타 직물 직조업,13219,특수직물 및 기타직물 직조업
KSIC,10,5,13221,침구 및 관련제품 제조업,13221,침구 및 관련제품 제조업
KSIC,10,5,13222,자수제품 및 자수용 재료 제조업,13222,자수제품 및 자수용재료 제조업
KSIC,10,5,13223,커튼 및 유사 제품 제조업,13223,커튼 및 유사제품 제조업
KSIC,10,5,13224,"천막, 텐트 및 유사 제품 제조업",13224,천막 및 기타 캔버스 제품 제조업
KSIC,10,5,13225,직물포대 제조업,13225,직물포대 제조업
KSIC,10,5,13229,기타 직물제품 제조업,13229,기타 직물제품 제조업
KSIC,10,5,13229,기타 직물제품 제조업,13224,천막 및 기타 캔버스 제품 제조업
KSIC,10,5,13300,편조 원단 제조업,13310,편조원단 제조업
KSIC,10,5,13401,솜 및 실 염색 가공업,13401,솜 및 실 염색가공업
KSIC,10,5,13402,"직물, 편조 원단 및 의복류 염색 가공업",13409,"기타 섬유제품 염색, 정리 및 마무리 가공업"
KSIC,10,5,13402,"직물, 편조 원단 및 의복류 염색 가공업",13402,직물 및 편조원단 염색 가공업
KSIC,10,5,13403,날염 가공업,13403,날염 가공업
KSIC,10,5,13409,섬유제품 기타 정리 및 마무리 가공업,13222,자수제품 및 자수용재료 제조업
KSIC,10,5,13409,섬유제품 기타 정리 및 마무리 가공업,13409,"기타 섬유제품 염색, 정리 및 마무리 가공업"
KSIC,10,5,13409,섬유제품 기타 정리 및 마무리 가공업,13404,섬유사 및 직물 호부처리업
KSIC,10,5,13910,"카펫, 마루덮개 및 유사 제품 제조업",13910,"카펫, 마루덮개 및 유사제품 제조업"
KSIC,10,5,13921,끈 및 로프 제조업,13921,끈 및 로프 제조업
KSIC,10,5,13922,어망 및 기타 끈 가공품 제조업,13922,어망 및 기타 끈가공품 제조업
KSIC,10,5,13991,세폭직물 제조업,13991,세폭직물 제조업
KSIC,10,5,13992,부직포 및 펠트 제조업,13992,부직포 및 펠트 제조업
KSIC,10,5,13993,특수사 및 코드직물 제조업,13993,특수사 및 코드직물 제조업
KSIC,10,5,13994,표면처리 및 적층 직물 제조업,13994,적층 및 표면처리 직물 제조업
KSIC,10,5,13999,그 외 기타 분류 안된 섬유제품 제조업,13999,그외 기타 분류안된 섬유제품 제조업
KSIC,10,5,13999,그 외 기타 분류 안된 섬유제품 제조업,13320,편조제품 제조업
KSIC,10,5,14111,남자용 겉옷 제조업,14111,남자용 정장 제조업
KSIC,10,5,14111,남자용 겉옷 제조업,14192,"근무복, 작업복 및 유사의복 제조업"
KSIC,10,5,14112,여자용 겉옷 제조업,14112,여자용 정장 제조업
KSIC,10,5,14112,여자용 겉옷 제조업,14192,"근무복, 작업복 및 유사의복 제조업"
KSIC,10,5,14120,속옷 및 잠옷 제조업,14120,내의 및 잠옷 제조업
KSIC,10,5,14130,한복 제조업,14130,한복 제조업
KSIC,10,5,14191,셔츠 및 블라우스 제조업,14191,셔츠 및 체육복 제조업
KSIC,10,5,14192,"근무복, 작업복 및 유사 의복 제조업",14192,"근무복, 작업복 및 유사의복 제조업"
KSIC,10,5,14192,"근무복, 작업복 및 유사 의복 제조업",14191,셔츠 및 체육복 제조업
KSIC,10,5,14193,가죽의복 제조업,14193,가죽의복 제조업
KSIC,10,5,14194,유아용 의복 제조업,14194,유아용 의복 제조업
KSIC,10,5,14199,그 외 기타 봉제의복 제조업,14199,그외 기타 봉제의복 제조업
KSIC,10,5,14200,모피제품 제조업,14203,인조모피 및 인조모피 제품 제조업
KSIC,10,5,14200,모피제품 제조업,14202,천연모피제품 제조업
KSIC,10,5,14300,편조의복 제조업,14300,편조의복 제조업
KSIC,10,5,14411,스타킹 및 기타양말 제조업,14411,스타킹 및 기타양말 제조업
KSIC,10,5,14419,기타 편조 의복 액세서리 제조업,14419,기타 편조의복 액세서리 제조업
KSIC,10,5,14491,모자 제조업,14491,모자 제조업
KSIC,10,5,14499,그 외 기타 의복 액세서리 제조업,14499,그외 기타 의복액세서리 제조업
KSIC,10,5,14499,그 외 기타 의복 액세서리 제조업,14202,천연모피제품 제조업
KSIC,10,5,14499,그 외 기타 의복 액세서리 제조업,14203,인조모피 및 인조모피 제품 제조업
KSIC,10,5,15110,모피 및 가죽 제조업,14201,원모피 가공업
KSIC,10,5,15110,모피 및 가죽 제조업,14203,인조모피 및 인조모피 제품 제조업
KSIC,10,5,15110,모피 및 가죽 제조업,15110,원피가공 및 가죽 제조업
KSIC,10,5,15121,핸드백 및 지갑 제조업,15121,핸드백 및 지갑 제조업
KSIC,10,5,15129,가방 및 기타 보호용 케이스 제조업,15129,가방 및 기타 보호용 케이스 제조업
KSIC,10,5,15190,기타 가죽제품 제조업,15190,기타 가죽제품 제조업
KSIC,10,5,15211,구두류 제조업,15211,구두류 제조업
KSIC,10,5,15219,기타 신발 제조업,15219,기타 신발 제조업
KSIC,10,5,15220,신발 부분품 제조업,15220,신발부분품 제조업
KSIC,10,5,16101,일반 제재업,16101,일반 제재업
KSIC,10,5,16102,표면 가공목재 및 특정 목적용 제재목 제조업,16102,표면가공목재 및 특정 목적용 제재목 제조업
KSIC,10,5,16103,"목재 보존, 방부처리, 도장 및 유사 처리업",16103,"목재 보존, 방부처리, 도장 및 유사 처리업"
KSIC,10,5,16211,"박판, 합판 및 유사 적층판 제조업",16211,"박판, 합판 및 유사적층판 제조업"
KSIC,10,5,16212,강화 및 재생 목재 제조업,16212,강화 및 재생 목재 제조업
KSIC,10,5,16221,목재 문 및 관련제품 제조업,16221,목재문 및 관련제품 제조업
KSIC,10,5,16229,기타 건축용 나무제품 제조업,16229,기타 건축용 나무제품 제조업
KSIC,10,5,16231,목재 깔판류 및 기타 적재판 제조업,16231,목재 깔판류 및 기타 적재판 제조업
KSIC,10,5,16232,"목재 포장용 상자, 드럼 및 유사 용기 제조업",16232,"목재 포장용 상자, 드럼 및 유사용기 제조업"
KSIC,10,5,16291,목재 도구 및 주방용 나무제품 제조업,16291,목재 도구 및 기구 제조업
KSIC,10,5,16291,목재 도구 및 주방용 나무제품 제조업,16292,주방용 및 식탁용 목제품 제조업
KSIC,10,5,16292,장식용 목제품 제조업,16293,장식용 목제품 제조업
KSIC,10,5,16299,그 외 기타 나무제품 제조업,16299,그외 기타 나무제품 제조업
KSIC,10,5,16300,코르크 및 조물 제품 제조업,16301,코르크 제품 제조업
KSIC,10,5,16300,코르크 및 조물 제품 제조업,16302,돗자리 및 기타 조물제품 제조업
KSIC,10,5,17110,펄프 제조업,17110,펄프 제조업
KSIC,10,5,17121,신문용지 제조업,17121,신문용지 제조업
KSIC,10,5,17122,인쇄용 및 필기용 원지 제조업,17129,기타 종이 및 판지 제조업
KSIC,10,5,17122,인쇄용 및 필기용 원지 제조업,17122,인쇄용 및 필기용 원지 제조업
KSIC,10,5,17123,크라프트지 및 상자용 판지 제조업,17123,크라프트지 및 상자용 판지 제조업
KSIC,10,5,17124,"적층, 합성 및 특수 표면처리 종이 제조업",17124,"적층, 합성 및 특수표면처리 종이 제조업"
KSIC,10,5,17125,위생용 원지 제조업,17122,인쇄용 및 필기용 원지 제조업
KSIC,10,5,17125,위생용 원지 제조업,17129,기타 종이 및 판지 제조업
KSIC,10,5,17129,기타 종이 및 판지 제조업,17129,기타 종이 및 판지 제조업
KSIC,10,5,17211,골판지 제조업,17210,골판지 및 골판지상자 제조업
KSIC,10,5,17212,골판지 상자 및 가공제품 제조업,17210,골판지 및 골판지상자 제조업
KSIC,10,5,17221,종이 포대 및 가방 제조업,17221,종이 포대 및 가방 제조업
KSIC,10,5,17222,판지 상자 및 용기 제조업,17222,판지 상자 및 용기 제조업
KSIC,10,5,17223,식품 위생용 종이 상자 및 용기 제조업,17223,식품 위생용 종이 상자 및 용기 제조업
KSIC,10,5,17229,기타 종이 상자 및 용기 제조업,17229,기타 종이 상자 및 용기 제조업
KSIC,10,5,17901,문구용 종이제품 제조업,17901,문구용 종이제품 제조업
KSIC,10,5,17902,위생용 종이제품 제조업,17902,위생용 종이제품 제조업
KSIC,10,5,17903,벽지 및 장판지 제조업,17903,벽지 및 장판지 제조업
KSIC,10,5,17909,그 외 기타 종이 및 판지 제품 제조업,17909,그외 기타 종이 및 판지 제품 제조업
KSIC,10,5,18111,경 인쇄업,18111,경 인쇄업
KSIC,10,5,18112,스크린 인쇄업,18112,스크린 인쇄업
KSIC,10,5,18113,오프셋 인쇄업,18111,경 인쇄업
KSIC,10,5,18113,오프셋 인쇄업,18119,기타 인쇄업
KSIC,10,5,18119,기타 인쇄업,33933,표구 및 전사처리 제조업
KSIC,10,5,18119,기타 인쇄업,18119,기타 인쇄업
KSIC,10,5,18121,제판 및 조판업,18121,제판 및 조판업
KSIC,10,5,18122,제책업,18122,제책업
KSIC,10,5,18129,기타 인쇄관련 산업,18129,기타 인쇄관련 산업
KSIC,10,5,18200,기록매체 복제업,18200,기록매체 복제업
KSIC,10,5,19101,코크스 및 관련제품 제조업,19101,코크스 및 관련제품 제조업
KSIC,10,5,19102,연탄 및 기타 석탄 가공품 제조업,19102,연탄 및 기타 석탄 가공품 제조업
KSIC,10,5,19210,원유 정제처리업,19210,원유 정제처리업
KSIC,10,5,19221,윤활유 및 그리스 제조업,19221,윤활유 및 그리스 제조업
KSIC,10,5,19229,기타 석유 정제물 재처리업,19229,기타 석유정제물 재처리업
KSIC,10,5,19229,기타 석유 정제물 재처리업,23999,그외 기타 분류안된 비금속 광물제품 제조업
KSIC,10,5,20111,석유화학계 기초 화학 물질 제조업,20111,석유화학계 기초화학물질 제조업
KSIC,10,5,20112,천연수지 및 나무 화학 물질 제조업,20112,천연수지 및 나무화학물질 제조업
KSIC,10,5,20119,석탄화학계 화합물 및 기타 기초 유기화학 물질 제조업,19101,코크스 및 관련제품 제조업
KSIC,10,5,20119,석탄화학계 화합물 및 기타 기초 유기화학 물질 제조업,20119,기타 기초유기화학물질 제조업
KSIC,10,5,20121,산업용 가스 제조업,20121,산업용 가스 제조업
KSIC,10,5,20129,기타 기초 무기화학 물질 제조업,20129,기타 기초무기화학물질 제조업
KSIC,10,5,20131,무기 안료용 금속 산화물 및 관련 제품 제조업,20131,무기안료 및 기타금속산화물 제조업
KSIC,10,5,20132,"염료, 조제 무기 안료, 유연제 및 기타 착색제 제조업",20132,"합성염료, 유연제 및 기타착색제 제조업"
KSIC,10,5,20201,합성고무 제조업,20301,합성고무 제조업
KSIC,10,5,20202,합성수지 및 기타 플라스틱 물질 제조업,20302,합성수지 및 기타 플라스틱물질 제조업
KSIC,10,5,20203,혼성 및 재생 플라스틱 소재 물질 제조업,20303,가공 및 재생 플라스틱원료 생산업
KSIC,10,5,20311,"질소 화합물, 질소ㆍ인산 및 칼리질 화학비료 제조업",20201,"질소, 인산 및 칼리질 비료 제조업"
KSIC,10,5,20312,복합비료 및 기타 화학비료 제조업,20202,복합비료 제조업
KSIC,10,5,20312,복합비료 및 기타 화학비료 제조업,20209,기타 비료 및 질소화합물 제조업
KSIC,10,5,20313,유기질 비료 및 상토 제조업,20209,기타 비료 및 질소화합물 제조업
KSIC,10,5,20321,화학 살균ㆍ살충제 및 농업용 약제 제조업,20411,가정용 살균 및 살충제 제조업
KSIC,10,5,20321,화학 살균ㆍ살충제 및 농업용 약제 제조업,20412,농약 제조업
KSIC,10,5,20322,생물 살균ㆍ살충제 및 식물보호제 제조업,20411,가정용 살균 및 살충제 제조업
KSIC,10,5,20322,생물 살균ㆍ살충제 및 식물보호제 제조업,20412,농약 제조업
KSIC,10,5,20411,일반용 도료 및 관련제품 제조업,20421,일반용 도료 및 관련제품 제조업
KSIC,10,5,20412,요업용 도포제 및 관련제품 제조업,20422,요업용 유약 및 관련제품 제조업
KSIC,10,5,20413,인쇄 잉크 및 회화용 물감 제조업,20423,인쇄잉크 제조업
KSIC,10,5,20413,인쇄 잉크 및 회화용 물감 제조업,20424,회화용 물감 제조업
KSIC,10,5,20421,계면활성제 제조업,20431,계면활성제 제조업
KSIC,10,5,20422,"치약, 비누 및 기타 세제 제조업",20432,"치약, 비누 및 기타 세제 제조업"
KSIC,10,5,20423,화장품 제조업,20433,화장품 제조업
KSIC,10,5,20424,표면 광택제 및 실내 가향제 제조업,20434,표면광택제 및 실내가향제 제조업
KSIC,10,5,20491,감광 재료 및 관련 화학제품 제조업,20491,사진용 화학제품 및 감광재료 제조업
KSIC,10,5,20492,가공 및 정제염 제조업,20492,가공 및 정제염 제조업
KSIC,10,5,20493,접착제 및 젤라틴 제조업,20493,접착제 및 젤라틴 제조업
KSIC,10,5,20494,화약 및 불꽃제품 제조업,20494,화약 및 불꽃제품 제조업
KSIC,10,5,20495,바이오 연료 및 혼합물 제조업,20499,그외 기타 분류안된 화학제품 제조업
KSIC,10,5,20499,그 외 기타 분류 안된 화학제품 제조업,20499,그외 기타 분류안된 화학제품 제조업
KSIC,10,5,20499,그 외 기타 분류 안된 화학제품 제조업,20112,천연수지 및 나무화학물질 제조업
KSIC,10,5,20501,합성섬유 제조업,20501,합성섬유 제조업
KSIC,10,5,20502,재생 섬유 제조업,20502,재생섬유 제조업
KSIC,10,5,21101,의약용 화합물 및 항생물질 제조업,21101,의약용 화합물 및 항생물질 제조업
KSIC,10,5,21102,생물학적 제제 제조업,21102,생물학적 제제 제조업
KSIC,10,5,21210,완제 의약품 제조업,21210,완제 의약품 제조업
KSIC,10,5,21220,한의약품 제조업,21220,한의약품 제조업
KSIC,10,5,21230,동물용 의약품 제조업,21230,동물용 의약품 제조업
KSIC,10,5,21300,의료용품 및 기타 의약 관련제품 제조업,21300,의료용품 및 기타 의약관련제품 제조업
KSIC,10,5,22111,타이어 및 튜브 제조업,22111,타이어 및 튜브 제조업
KSIC,10,5,22112,타이어 재생업,22112,타이어 재생업
KSIC,10,5,22191,고무 패킹류 제조업,22191,산업용 비경화고무제품 제조업
KSIC,10,5,22192,산업용 그 외 비경화 고무제품 제조업,22191,산업용 비경화고무제품 제조업
KSIC,10,5,22193,고무 의류 및 기타 위생용 비경화 고무제품 제조업,22192,고무의류 및 기타 위생용 고무제품 제조업
KSIC,10,5,22199,그 외 기타 고무제품 제조업,22199,그외 기타 고무제품 제조업
KSIC,10,5,22211,"플라스틱 선, 봉, 관 및 호스 제조업",22211,"플라스틱 선, 봉, 관 및 호스 제조업"
KSIC,10,5,22212,플라스틱 필름 제조업,22212,"플라스틱 필름, 시트 및 판 제조업"
KSIC,10,5,22213,플라스틱 시트 및 판 제조업,22212,"플라스틱 필름, 시트 및 판 제조업"
KSIC,10,5,22214,플라스틱 합성피혁 제조업,22213,플라스틱 합성피혁 제조업
KSIC,10,5,22221,벽 및 바닥 피복용 플라스틱 제품 제조업,22221,벽 및 바닥 피복용 플라스틱제품 제조업
KSIC,10,5,22222,설치용 및 위생용 플라스틱제품 제조업,22222,저장용 및 위생용 플라스틱제품 제조업
KSIC,10,5,22223,플라스틱 창호 제조업,22223,플라스틱 창호 제조업
KSIC,10,5,22229,기타 건축용 플라스틱 조립제품 제조업,22229,기타 건축용 플라스틱 조립제품 제조업
KSIC,10,5,22231,"플라스틱 포대, 봉투 및 유사제품 제조업",22231,"플라스틱 포대, 봉투 및 유사제품 제조업"
KSIC,10,5,22232,포장용 플라스틱 성형용기 제조업,22232,포장용 플라스틱 성형용기 제조업
KSIC,10,5,22241,운송장비 조립용 플라스틱제품 제조업,22240,기계장비 조립용 플라스틱제품 제조업
KSIC,10,5,22249,기타 기계ㆍ장비 조립용 플라스틱제품 제조업,22240,기계장비 조립용 플라스틱제품 제조업
KSIC,10,5,22251,폴리스티렌 발포 성형제품 제조업,22250,플라스틱 발포 성형제품 제조업
KSIC,10,5,22259,기타 플라스틱 발포 성형제품 제조업,22250,플라스틱 발포 성형제품 제조업
KSIC,10,5,22291,플라스틱 접착처리 제품 제조업,22291,"플라스틱  적층, 도포 및 기타 표면처리 제품 제조업"
KSIC,10,5,22292,"플라스틱 적층, 도포 및 기타 표면처리 제품 제조업",22291,"플라스틱  적층, 도포 및 기타 표면처리 제품 제조업"
KSIC,10,5,22299,그 외 기타 플라스틱 제품 제조업,22299,그외 기타 플라스틱 제품 제조업
KSIC,10,5,23111,판유리 제조업,23110,판유리 제조업
KSIC,10,5,23112,안전유리 제조업,23122,판유리 가공품 제조업
KSIC,10,5,23119,기타 판유리 가공품 제조업,23122,판유리 가공품 제조업
KSIC,10,5,23121,"1차 유리제품, 유리섬유 및 광학용 유리 제조업",23121,유리섬유 및 광학용 유리 제조업
KSIC,10,5,23121,"1차 유리제품, 유리섬유 및 광학용 유리 제조업",23199,그외 기타 유리제품 제조업
KSIC,10,5,23122,디스플레이 장치용 유리 제조업,23129,기타 산업용 유리제품 제조업
KSIC,10,5,23129,기타 산업용 유리제품 제조업,23129,기타 산업용 유리제품 제조업
KSIC,10,5,23191,가정용 유리제품 제조업,23191,가정용 유리제품 제조업
KSIC,10,5,23192,포장용 유리용기 제조업,23192,포장용 유리용기 제조업
KSIC,10,5,23199,그 외 기타 유리제품 제조업,23199,그외 기타 유리제품 제조업
KSIC,10,5,23211,정형 내화 요업제품 제조업,23229,기타 내화요업제품 제조업
KSIC,10,5,23211,정형 내화 요업제품 제조업,23221,구조용 정형내화제품 제조업
KSIC,10,5,23212,부정형 내화 요업제품 제조업,7112,고령토 및 기타 점토 광업
KSIC,10,5,23212,부정형 내화 요업제품 제조업,23229,기타 내화요업제품 제조업
KSIC,10,5,23212,부정형 내화 요업제품 제조업,23221,구조용 정형내화제품 제조업
KSIC,10,5,23221,가정용 및 장식용 도자기 제조업,23211,가정용 및 장식용 도자기 제조업
KSIC,10,5,23222,위생용 및 산업용 도자기 제조업,23213,산업용 도자기 제조업
KSIC,10,5,23222,위생용 및 산업용 도자기 제조업,23212,위생용 도자기 제조업
KSIC,10,5,23229,기타 일반 도자기 제조업,23219,기타 일반 도자기 제조업
KSIC,10,5,23231,"점토 벽돌, 블록 및 유사 비내화 요업제품 제조업",23231,"점토 벽돌, 블록 및 유사 비내화 요업제품 제조업"
KSIC,10,5,23232,타일 및 유사 비내화 요업제품 제조업,23231,"점토 벽돌, 블록 및 유사 비내화 요업제품 제조업"
KSIC,10,5,23232,타일 및 유사 비내화 요업제품 제조업,23232,타일 및 유사 비내화 요업제품 제조업
KSIC,10,5,23239,기타 건축용 비내화 요업제품 제조업,23239,기타 구조용 비내화 요업제품 제조업
KSIC,10,5,23311,시멘트 제조업,23311,시멘트 제조업
KSIC,10,5,23312,석회 및 플라스터 제조업,23312,석회 및 플라스터 제조업
KSIC,10,5,23321,비내화 모르타르 제조업,23321,비내화 모르타르 제조업
KSIC,10,5,23322,레미콘 제조업,23322,레미콘 제조업
KSIC,10,5,23323,플라스터 혼합제품 제조업,23323,플라스터 제품 제조업
KSIC,10,5,23324,"콘크리트 타일, 기와, 벽돌 및 블록 제조업",23324,섬유시멘트 제품 제조업
KSIC,10,5,23324,"콘크리트 타일, 기와, 벽돌 및 블록 제조업",23325,"콘크리트 타일, 기와, 벽돌 및 블록 제조업"
KSIC,10,5,23325,콘크리트 관 및 기타 구조용 콘크리트제품 제조업,23324,섬유시멘트 제품 제조업
KSIC,10,5,23325,콘크리트 관 및 기타 구조용 콘크리트제품 제조업,23326,콘크리트관 및 기타 구조용 콘크리트제품 제조업
KSIC,10,5,23329,그 외 기타 콘크리트 제품 및 유사 제품 제조업,23329,그외 기타 콘크리트 제품 및 유사제품 제조업
KSIC,10,5,23329,그 외 기타 콘크리트 제품 및 유사 제품 제조업,23324,섬유시멘트 제품 제조업
KSIC,10,5,23911,건설용 석제품 제조업,23911,건설용 석제품 제조업
KSIC,10,5,23919,기타 석제품 제조업,23919,기타 석제품 제조업
KSIC,10,5,23991,아스팔트 콘크리트 및 혼합제품 제조업,23991,아스콘 제조업
KSIC,10,5,23991,아스팔트 콘크리트 및 혼합제품 제조업,23999,그외 기타 분류안된 비금속 광물제품 제조업
KSIC,10,5,23992,연마재 제조업,23992,연마재 제조업
KSIC,10,5,23993,비금속광물 분쇄물 생산업,23993,비금속광물 분쇄물 생산업
KSIC,10,5,23994,암면 및 유사 제품 제조업,23994,"석면, 암면 및 유사제품 제조업"
KSIC,10,5,23995,탄소섬유 제조업,23999,그외 기타 분류안된 비금속 광물제품 제조업
KSIC,10,5,23999,그 외 기타 분류 안된 비금속 광물제품 제조업,23999,그외 기타 분류안된 비금속 광물제품 제조업
KSIC,10,5,23999,그 외 기타 분류 안된 비금속 광물제품 제조업,23994,"석면, 암면 및 유사제품 제조업"
KSIC,10,5,24111,제철업,24111,제철업
KSIC,10,5,24112,제강업,24112,제강업
KSIC,10,5,24113,합금철 제조업,24119,기타 제철 및 제강업
KSIC,10,5,24113,합금철 제조업,24113,합금철 제조업
KSIC,10,5,24119,기타 제철 및 제강업,24119,기타 제철 및 제강업
KSIC,10,5,24121,열간 압연 및 압출제품 제조업,24121,열간 압연 및 압출 제품 제조업
KSIC,10,5,24122,냉간 압연 및 압출 제품 제조업,24122,냉간 압연 및 압출 제품 제조업
KSIC,10,5,24123,철강선 제조업,24123,철강선 제조업
KSIC,10,5,24131,주철관 제조업,24131,주철관 제조업
KSIC,10,5,24132,강관 제조업,24132,강관 제조업
KSIC,10,5,24133,강관 가공품 및 관 연결구류 제조업,24132,강관 제조업
KSIC,10,5,24191,"도금, 착색 및 기타 표면 처리 강재 제조업",24191,"도금, 착색 및 기타 표면처리강재 제조업"
KSIC,10,5,24199,그 외 기타 1차 철강 제조업,24199,그외 기타 1차 철강 제조업
KSIC,10,5,24211,"동 제련, 정련 및 합금 제조업",24211,"동 제련, 정련 및 합금 제조업"
KSIC,10,5,24212,"알루미늄 제련, 정련 및 합금 제조업",24212,"알루미늄 제련, 정련 및 합금 제조업"
KSIC,10,5,24213,"연 및 아연 제련, 정련 및 합금 제조업",24213,"연 및 아연 제련, 정련 및 합금 제조업"
KSIC,10,5,24219,"기타 비철금속 제련, 정련 및 합금 제조업",24219,"기타 비철금속 제련, 정련 및 합금 제조업"
KSIC,10,5,24221,"동 압연, 압출 및 연신제품 제조업",24221,"동 압연, 압출 및 연신제품 제조업"
KSIC,10,5,24222,"알루미늄 압연, 압출 및 연신제품 제조업",24222,"알루미늄 압연, 압출 및 연신제품 제조업"
KSIC,10,5,24229,"기타 비철금속 압연, 압출 및 연신제품 제조업",24229,"기타 비철금속 압연, 압출 및 연신제품 제조업"
KSIC,10,5,24290,기타 1차 비철금속 제조업,24290,기타 1차 비철금속 제조업
KSIC,10,5,24311,선철 주물 주조업,24311,선철주물 주조업
KSIC,10,5,24312,강 주물 주조업,24312,강주물 주조업
KSIC,10,5,24321,알루미늄 주물 주조업,24321,알루미늄주물 주조업
KSIC,10,5,24322,동 주물 주조업,24322,동주물 주조업
KSIC,10,5,24329,기타 비철금속 주조업,24329,기타 비철금속 주조업
KSIC,10,5,25111,"금속 문, 창, 셔터 및 관련제품 제조업",25111,"금속 문, 창, 셔터 및 관련제품 제조업"
KSIC,10,5,25112,구조용 금속 판제품 및 공작물 제조업,25112,구조용 금속판제품 및 금속공작물 제조업
KSIC,10,5,25113,육상 금속 골조 구조재 제조업,25113,금속 조립구조재 제조업
KSIC,10,5,25114,수상 금속 골조 구조재 제조업,25113,금속 조립구조재 제조업
KSIC,10,5,25119,기타 구조용 금속제품 제조업,25119,기타 구조용 금속제품 제조업
KSIC,10,5,25121,산업용 난방보일러 및 방열기 제조업,25121,중앙난방보일러 및 방열기 제조업
KSIC,10,5,25122,금속 탱크 및 저장 용기 제조업,25122,설치용 금속탱크 및 저장용기 제조업
KSIC,10,5,25123,압축 및 액화 가스 용기 제조업,25122,설치용 금속탱크 및 저장용기 제조업
KSIC,10,5,25130,핵반응기 및 증기보일러 제조업,25130,핵반응기 및 증기발생기 제조업
KSIC,10,5,25200,무기 및 총포탄 제조업,25200,무기 및 총포탄 제조업
KSIC,10,5,25911,분말 야금제품 제조업,25911,분말야금제품 제조업
KSIC,10,5,25912,금속 단조제품 제조업,25912,금속단조제품 제조업
KSIC,10,5,25913,자동차용 금속 압형제품 제조업,25913,금속압형제품 제조업
KSIC,10,5,25914,그 외 금속 압형제품 제조업,25913,금속압형제품 제조업
KSIC,10,5,25921,금속 열처리업,25921,금속 열처리업
KSIC,10,5,25922,도금업,25922,도금업
KSIC,10,5,25923,도장 및 기타 피막 처리업,25923,도장 및 기타 피막처리업
KSIC,10,5,25924,절삭 가공 및 유사 처리업,25924,절삭가공 및 유사처리업
KSIC,10,5,25929,그 외 기타 금속 가공업,25929,그외 기타 금속가공업
KSIC,10,5,25931,날붙이 제조업,25931,날붙이 제조업
KSIC,10,5,25932,일반 철물 제조업,25932,일반철물 제조업
KSIC,10,5,25933,비동력식 수공구 제조업,25933,비동력식 수공구 제조업
KSIC,10,5,25934,톱 및 호환성 공구 제조업,25934,톱 및 호환성공구 제조업
KSIC,10,5,25941,볼트 및 너트류 제조업,25941,금속파스너 및 나사제품 제조업
KSIC,10,5,25942,그 외 금속 파스너 및 나사제품 제조업,25941,금속파스너 및 나사제품 제조업
KSIC,10,5,25943,금속 스프링 제조업,25942,금속 스프링 제조업
KSIC,10,5,25944,금속선 가공제품 제조업,25943,금속선 가공제품 제조업
KSIC,10,5,25991,금속 캔 및 기타 포장용기 제조업,25991,금속캔 및 기타 포장용기 제조업
KSIC,10,5,25992,수동식 식품 가공 기기 및 금속 주방용기 제조업,25993,수동식 식품 가공기기 및 금속주방용기 제조업
KSIC,10,5,25993,금속 위생용품 제조업,25994,금속위생용품 제조업
KSIC,10,5,25994,금속 표시판 제조업,25995,금속표시판 제조업
KSIC,10,5,25995,피복 및 충전 용접봉 제조업,25999,그외 기타 분류안된 금속가공제품 제조업
KSIC,10,5,25999,그 외 기타 분류 안된 금속 가공제품 제조업,25941,금속파스너 및 나사제품 제조업
KSIC,10,5,25999,그 외 기타 분류 안된 금속 가공제품 제조업,25999,그외 기타 분류안된 금속가공제품 제조업
KSIC,10,5,25999,그 외 기타 분류 안된 금속 가공제품 제조업,25992,금고 제조업
KSIC,10,5,26111,메모리용 전자집적회로 제조업,26110,전자집적회로 제조업
KSIC,10,5,26112,비메모리용 및 기타 전자집적회로 제조업,26110,전자집적회로 제조업
KSIC,10,5,26121,발광 다이오드 제조업,26120,"다이오드, 트랜지스터 및 유사 반도체소자 제조업"
KSIC,10,5,26129,기타 반도체 소자 제조업,26120,"다이오드, 트랜지스터 및 유사 반도체소자 제조업"
KSIC,10,5,26211,액정 표시장치 제조업,26211,액정 평판 디스플레이 제조업
KSIC,10,5,26212,유기 발광 표시장치 제조업,26219,플라즈마 및 기타 평판 디스플레이 제조업
KSIC,10,5,26219,기타 표시장치 제조업,26219,플라즈마 및 기타 평판 디스플레이 제조업
KSIC,10,5,26221,인쇄회로기판용 적층판 제조업,26221,인쇄회로기판 제조업
KSIC,10,5,26222,경성 인쇄회로기판 제조업,26221,인쇄회로기판 제조업
KSIC,10,5,26223,연성 및 기타 인쇄회로기판 제조업,26221,인쇄회로기판 제조업
KSIC,10,5,26224,전자 부품 실장기판 제조업,26222,전자부품 실장기판 제조업
KSIC,10,5,26291,전자 축전기 제조업,26292,전자축전기 제조업
KSIC,10,5,26292,전자 저항기 제조업,26293,전자저항기 제조업
KSIC,10,5,26293,전자카드 제조업,26294,전자카드 제조업
KSIC,10,5,26294,"전자코일, 변성기 및 기타 전자 유도자 제조업",26295,"전자코일, 변성기 및 기타 전자유도자 제조업"
KSIC,10,5,26295,전자 감지장치 제조업,26299,그외 기타 전자부품 제조업
KSIC,10,5,26299,그 외 기타 전자 부품 제조업,73302,상업용 사진 촬영업
KSIC,10,5,26299,그 외 기타 전자 부품 제조업,26291,전자관 제조업
KSIC,10,5,26299,그 외 기타 전자 부품 제조업,26296,전자접속카드 제조업
KSIC,10,5,26299,그 외 기타 전자 부품 제조업,26299,그외 기타 전자부품 제조업
KSIC,10,5,26310,컴퓨터 제조업,26310,컴퓨터 제조업
KSIC,10,5,26321,기억 장치 제조업,26321,기억장치 제조업
KSIC,10,5,26322,컴퓨터 모니터 제조업,26322,컴퓨터 모니터 제조업
KSIC,10,5,26323,컴퓨터 프린터 제조업,26323,컴퓨터 프린터 제조업
KSIC,10,5,26329,기타 주변 기기 제조업,26329,기타 주변기기 제조업
KSIC,10,5,26410,유선 통신장비 제조업,26410,유선 통신장비 제조업
KSIC,10,5,26421,방송장비 제조업,26421,방송장비 제조업
KSIC,10,5,26422,이동 전화기 제조업,26422,이동전화기 제조업
KSIC,10,5,26429,기타 무선 통신장비 제조업,26429,기타 무선 통신장비 제조업
KSIC,10,5,26511,텔레비전 제조업,26511,텔레비전 제조업
KSIC,10,5,26519,비디오 및 기타 영상 기기 제조업,26519,비디오 및 기타 영상기기 제조업
KSIC,10,5,26521,"라디오, 녹음 및 재생 기기 제조업",26521,"라디오, 녹음 및 재생 기기 제조업"
KSIC,10,5,26529,기타 음향기기 제조업,26529,기타 음향기기 제조업
KSIC,10,5,26600,마그네틱 및 광학 매체 제조업,26600,마그네틱 및 광학 매체 제조업
KSIC,10,5,27111,방사선 장치 제조업,27111,방사선 장치 제조업
KSIC,10,5,27112,전기식 진단 및 요법 기기 제조업,27112,전기식 진단 및 요법 기기 제조업
KSIC,10,5,27191,치과용 기기 제조업,27191,치과용 기기 제조업
KSIC,10,5,27192,정형 외과용 및 신체 보정용 기기 제조업,27192,정형외과용 및 신체보정용 기기 제조업
KSIC,10,5,27192,정형 외과용 및 신체 보정용 기기 제조업,27329,기타 광학기기 제조업
KSIC,10,5,27193,안경 및 안경렌즈 제조업,27321,광학렌즈 및 광학요소 제조업
KSIC,10,5,27193,안경 및 안경렌즈 제조업,27310,안경 제조업
KSIC,10,5,27194,의료용 가구 제조업,27193,의료용 가구 제조업
KSIC,10,5,27199,그 외 기타 의료용 기기 제조업,27199,그외 기타 의료용 기기 제조업
KSIC,10,5,27211,"레이더, 항행용 무선 기기 및 측량 기구 제조업",27211,항행용 무선기기 및 측량기구 제조업
KSIC,10,5,27212,"전자기 측정, 시험 및 분석 기구 제조업",27212,"전자기 측정, 시험 및 분석기구 제조업"
KSIC,10,5,27213,"물질 검사, 측정 및 분석 기구 제조업",27213,"물질 검사, 측정 및 분석기구 제조업"
KSIC,10,5,27214,속도계 및 적산계기 제조업,27214,속도계 및 적산계기 제조업
KSIC,10,5,27215,기기용 자동 측정 및 제어장치 제조업,27215,기기용 자동측정 및 제어장치 제조업
KSIC,10,5,27216,산업 처리공정 제어장비 제조업,27216,산업처리공정 제어장비 제조업
KSIC,10,5,27219,"기타 측정, 시험, 항해, 제어 및 정밀 기기 제조업",27219,"기타 측정, 시험, 항해, 제어 및 정밀기기 제조업"
KSIC,10,5,27301,광학 렌즈 및 광학 요소 제조업,27321,광학렌즈 및 광학요소 제조업
KSIC,10,5,27302,"사진기, 영사기 및 관련 장비 제조업",27322,"사진기, 영사기 및 관련장비 제조업"
KSIC,10,5,27309,기타 광학 기기 제조업,27329,기타 광학기기 제조업
KSIC,10,5,27400,시계 및 시계 부품 제조업,27402,시계부품 제조업
KSIC,10,5,27400,시계 및 시계 부품 제조업,27401,시계제조업
KSIC,10,5,28111,전동기 및 발전기 제조업,28111,전동기 및 발전기 제조업
KSIC,10,5,28112,변압기 제조업,28112,변압기 제조업
KSIC,10,5,28113,방전 램프용 안정기 제조업,28113,방전램프용 안정기 제조업
KSIC,10,5,28114,에너지 저장장치 제조업,28119,기타 발전기 및 전기변환장치 제조업
KSIC,10,5,28119,기타 전기 변환장치 제조업,28119,기타 발전기 및 전기변환장치 제조업
KSIC,10,5,28121,"전기회로 개폐, 보호 장치 제조업",28121,"전기회로 개폐, 보호 및 접속 장치 제조업"
KSIC,10,5,28122,전기회로 접속장치 제조업,28121,"전기회로 개폐, 보호 및 접속 장치 제조업"
KSIC,10,5,28123,배전반 및 전기 자동제어반 제조업,28122,배전반 및 전기자동제어반 제조업
KSIC,10,5,28201,일차전지 제조업,28201,일차전지 제조업
KSIC,10,5,28202,축전지 제조업,28202,축전지 제조업
KSIC,10,5,28301,광섬유 케이블 제조업,28301,광섬유 케이블 제조업
KSIC,10,5,28302,기타 절연선 및 케이블 제조업,28302,기타 절연선 및 케이블 제조업
KSIC,10,5,28303,절연 코드세트 및 기타 도체 제조업,28303,절연 코드세트 및 기타 도체 제조업
KSIC,10,5,28410,전구 및 램프 제조업,28410,전구 및 램프 제조업
KSIC,10,5,28421,운송장비용 조명장치 제조업,28421,운송장비용 조명장치 제조업
KSIC,10,5,28422,일반용 전기 조명장치 제조업,28422,일반용 전기 조명장치 제조업
KSIC,10,5,28423,전시 및 광고용 조명장치 제조업,28423,전시 및 광고용 조명장치 제조업
KSIC,10,5,28429,기타 조명장치 제조업,28429,기타 조명장치 제조업
KSIC,10,5,28511,주방용 전기 기기 제조업,28511,주방용 전기기기 제조업
KSIC,10,5,28512,가정용 전기 난방기기 제조업,28512,가정용 전기 난방기기 제조업
KSIC,10,5,28519,기타 가정용 전기 기기 제조업,28519,기타 가정용 전기기기 제조업
KSIC,10,5,28520,가정용 비전기식 조리 및 난방 기구 제조업,28520,가정용 비전기식 조리 및 난방 기구 제조업
KSIC,10,5,28901,전기 경보 및 신호장치 제조업,28901,전기경보 및 신호장치 제조업
KSIC,10,5,28902,전기용 탄소제품 및 절연제품 제조업,28902,전기용 탄소제품 및 절연제품 제조업
KSIC,10,5,28903,교통 신호장치 제조업,28903,교통 신호장치 제조업
KSIC,10,5,28909,그 외 기타 전기장비 제조업,28909,그외 기타 전기장비 제조업
KSIC,10,5,29111,내연기관 제조업,29111,내연기관 제조업
KSIC,10,5,29119,기타 기관 및 터빈 제조업,29119,기타 기관 및 터빈 제조업
KSIC,10,5,29120,유압 기기 제조업,29120,유압기기 제조업
KSIC,10,5,29131,액체 펌프 제조업,29131,액체 펌프 제조업
KSIC,10,5,29132,기체 펌프 및 압축기 제조업,29132,기체 펌프 및 압축기 제조업
KSIC,10,5,29133,"탭, 밸브 및 유사 장치 제조업",29133,"탭, 밸브 및 유사장치 제조업"
KSIC,10,5,29141,구름베어링 제조업,29141,볼베어링 및 롤러베어링 제조업
KSIC,10,5,29142,기어 및 동력전달장치 제조업,29142,기어 및 동력전달장치 제조업
KSIC,10,5,29150,"산업용 오븐, 노 및 노용 버너 제조업",29150,"산업용 오븐, 노 및 노용 버너 제조업"
KSIC,10,5,29161,산업용 트럭 및 적재기 제조업,29161,산업용 트럭 및 적재기 제조업
KSIC,10,5,29162,승강기 제조업,29162,승강기 제조업
KSIC,10,5,29163,컨베이어 장치 제조업,29163,컨베이어장치 제조업
KSIC,10,5,29169,기타 물품 취급장비 제조업,29163,컨베이어장치 제조업
KSIC,10,5,29169,기타 물품 취급장비 제조업,29169,기타 물품취급장비 제조업
KSIC,10,5,29171,산업용 냉장 및 냉동장비 제조업,29171,산업용 냉장 및 냉동 장비 제조업
KSIC,10,5,29171,산업용 냉장 및 냉동장비 제조업,29150,"산업용 오븐, 노 및 노용 버너 제조업"
KSIC,10,5,29172,공기 조화장치 제조업,29172,공기조화장치 제조업
KSIC,10,5,29173,산업용 송풍기 및 배기장치 제조업,29173,산업용 송풍기 및 배기장치 제조업
KSIC,10,5,29174,기체 여과기 제조업,29174,기체 여과기 제조업
KSIC,10,5,29175,액체 여과기 제조업,29175,액체 여과기 제조업
KSIC,10,5,29176,"증류기, 열 교환기 및 가스 발생기 제조업",29176,"증류기,열교환기 및 가스발생기 제조업"
KSIC,10,5,29176,"증류기, 열 교환기 및 가스 발생기 제조업",29199,그외 기타 일반목적용 기계 제조업
KSIC,10,5,29180,사무용 기계 및 장비 제조업,29180,사무용 기계 및 장비 제조업
KSIC,10,5,29191,일반 저울 제조업,29191,일반저울 제조업
KSIC,10,5,29192,"용기 세척, 포장 및 충전기 제조업",29192,"용기세척, 포장 및 충전기 제조업"
KSIC,10,5,29193,분사기 및 소화기 제조업,29194,분사기 및 소화기  제조업
KSIC,10,5,29194,동력식 수지 공구 제조업,29195,동력식 수지공구 제조업
KSIC,10,5,29199,그 외 기타 일반 목적용 기계 제조업,29199,그외 기타 일반목적용 기계 제조업
KSIC,10,5,29199,그 외 기타 일반 목적용 기계 제조업,29193,자동판매기 및 화폐교환기 제조업
KSIC,10,5,29210,농업 및 임업용 기계 제조업,29210,농업 및 임업용 기계 제조업
KSIC,10,5,29221,전자 응용 절삭기계 제조업,29221,전자응용 공작기계 제조업
KSIC,10,5,29222,디지털 적층 성형기계 제조업,29223,금속 성형기계 제조업
KSIC,10,5,29222,디지털 적층 성형기계 제조업,29292,"고무, 화학섬유 및 플라스틱 성형기 제조업"
KSIC,10,5,29223,금속 절삭기계 제조업,29222,금속 절삭기계 제조업
KSIC,10,5,29224,금속 성형기계 제조업,29223,금속 성형기계 제조업
KSIC,10,5,29229,기타 가공 공작기계 제조업,29229,기타 가공공작기계 제조업
KSIC,10,5,29230,금속 주조 및 기타 야금용 기계 제조업,29230,금속 주조 및 기타 야금용 기계 제조업
KSIC,10,5,29241,건설 및 채광용 기계장비 제조업,29241,토목공사 및 유사용 기계장비 제조업
KSIC,10,5,29242,광물 처리 및 취급장비 제조업,29242,광물처리 및 취급장비 제조업
KSIC,10,5,29250,음ㆍ식료품 및 담배 가공기계 제조업,29250,음·식료품 및 담배 가공기계 제조업
KSIC,10,5,29261,"산업용 섬유 세척, 염색, 정리 및 가공 기계 제조업",29299,그외 기타 특수목적용 기계 제조업
KSIC,10,5,29261,"산업용 섬유 세척, 염색, 정리 및 가공 기계 제조업",29261,"산업용 섬유세척, 염색, 정리 및 가공 기계 제조업"
KSIC,10,5,29269,"기타 섬유, 의복 및 가죽 가공기계 제조업",29269,"기타 섬유, 의복 및 가죽 가공 기계 제조업"
KSIC,10,5,29271,반도체 제조용 기계 제조업,29271,반도체 제조용 기계 제조업
KSIC,10,5,29272,디스플레이 제조용 기계 제조업,29272,평판디스플레이 제조용 기계 제조업
KSIC,10,5,29280,산업용 로봇 제조업,29280,산업용 로봇 제조업
KSIC,10,5,29291,펄프 및 종이 가공용 기계 제조업,29291,펄프 및 종이 가공용 기계 제조업
KSIC,10,5,29292,"고무, 화학섬유 및 플라스틱 성형기 제조업",29292,"고무, 화학섬유 및 플라스틱 성형기 제조업"
KSIC,10,5,29293,인쇄 및 제책용 기계 제조업,29293,인쇄 및 제책용 기계 제조업
KSIC,10,5,29294,주형 및 금형 제조업,29294,주형 및 금형 제조업
KSIC,10,5,29299,그 외 기타 특수 목적용 기계 제조업,29299,그외 기타 특수목적용 기계 제조업
KSIC,10,5,30110,자동차용 엔진 제조업,30110,자동차용 엔진 제조업
KSIC,10,5,30121,승용차 및 기타 여객용 자동차 제조업,30121,승용차 및 기타 여객용 자동차 제조업
KSIC,10,5,30122,화물 자동차 및 특수 목적용 자동차 제조업,30122,화물자동차 및 특수목적용 자동차 제조업
KSIC,10,5,30201,차체 및 특장차 제조업,30201,차체 및 특장차 제조업
KSIC,10,5,30202,자동차 구조 및 장치 변경업,30201,차체 및 특장차 제조업
KSIC,10,5,30203,트레일러 및 세미 트레일러 제조업,30202,트레일러 및 세미트레일러 제조업
KSIC,10,5,30203,트레일러 및 세미 트레일러 제조업,30203,운송용 컨테이너 제조업
KSIC,10,5,30310,자동차 엔진용 신품 부품 제조업,30310,자동차 엔진용 부품 제조업
KSIC,10,5,30320,자동차 차체용 신품 부품 제조업,30320,자동차 차체용 부품 제조업
KSIC,10,5,30331,자동차용 신품 동력 전달장치 제조업,30391,자동차용 동력전달장치 제조업
KSIC,10,5,30332,자동차용 신품 전기장치 제조업,30392,자동차용 전기장치 제조업
KSIC,10,5,30391,자동차용 신품 조향장치 및 현가장치 제조업,30399,그외 기타 자동차 부품 제조업
KSIC,10,5,30392,자동차용 신품 제동장치 제조업,30399,그외 기타 자동차 부품 제조업
KSIC,10,5,30393,자동차용 신품 의자 제조업,32011,운송장비용 의자 제조업
KSIC,10,5,30399,그 외 자동차용 신품 부품 제조업,30320,자동차 차체용 부품 제조업
KSIC,10,5,30399,그 외 자동차용 신품 부품 제조업,30399,그외 기타 자동차 부품 제조업
KSIC,10,5,30400,자동차 재제조 부품 제조업,30392,자동차용 전기장치 제조업
KSIC,10,5,30400,자동차 재제조 부품 제조업,30399,그외 기타 자동차 부품 제조업
KSIC,10,5,30400,자동차 재제조 부품 제조업,30310,자동차 엔진용 부품 제조업
KSIC,10,5,30400,자동차 재제조 부품 제조업,30320,자동차 차체용 부품 제조업
KSIC,10,5,30400,자동차 재제조 부품 제조업,30391,자동차용 동력전달장치 제조업
KSIC,10,5,31111,강선 건조업,31111,강선 건조업
KSIC,10,5,31112,합성수지선 건조업,31112,합성수지선 건조업
KSIC,10,5,31113,기타 선박 건조업,31111,강선 건조업
KSIC,10,5,31113,기타 선박 건조업,31113,비철금속 선박 및 기타 항해용 선박 건조업
KSIC,10,5,31113,기타 선박 건조업,31119,기타 선박 건조업
KSIC,10,5,31114,선박 구성 부분품 제조업,31114,선박 구성부분품 제조업
KSIC,10,5,31120,오락 및 스포츠용 보트 건조업,31120,오락 및 스포츠용 보트 건조업
KSIC,10,5,31201,기관차 및 기타 철도 차량 제조업,31201,기관차 및 기타 철도차량 제조업
KSIC,10,5,31202,철도 차량 부품 및 관련 장치물 제조업,31202,철도차량부품 및 관련장치물 제조업
KSIC,10,5,31202,철도 차량 부품 및 관련 장치물 제조업,32011,운송장비용 의자 제조업
KSIC,10,5,31311,"유인 항공기, 항공 우주선 및 보조장치 제조업",31310,"항공기,우주선 및 보조장치 제조업"
KSIC,10,5,31312,무인 항공기 및 무인 비행장치 제조업,31310,"항공기,우주선 및 보조장치 제조업"
KSIC,10,5,31321,항공기용 엔진 제조업,31321,항공기용 엔진 제조업
KSIC,10,5,31322,항공기용 부품 제조업,32011,운송장비용 의자 제조업
KSIC,10,5,31322,항공기용 부품 제조업,31322,항공기용 부품 제조업
KSIC,10,5,31910,전투용 차량 제조업,31910,전투용 차량 제조업
KSIC,10,5,31920,모터사이클 제조업,31920,모터사이클 제조업
KSIC,10,5,31920,모터사이클 제조업,32011,운송장비용 의자 제조업
KSIC,10,5,31991,자전거 및 환자용 차량 제조업,31991,자전거 및 환자용 차량 제조업
KSIC,10,5,31991,자전거 및 환자용 차량 제조업,33999,그외 기타 달리 분류되지 않은 제품 제조업
KSIC,10,5,31999,그 외 기타 달리 분류되지 않은 운송장비 제조업,31999,그외 기타 달리 분류되지 않은 운송장비 제조업
KSIC,10,5,32011,매트리스 및 침대 제조업,32012,매트리스 및 침대 제조업
KSIC,10,5,32019,소파 및 기타 내장 가구 제조업,32019,소파 및 기타 내장가구 제조업
KSIC,10,5,32021,주방용 및 음식점용 목재 가구 제조업,32021,주방용 및 음식점용 목재가구 제조업
KSIC,10,5,32029,기타 목재 가구 제조업,32022,나전칠기가구 제조업
KSIC,10,5,32029,기타 목재 가구 제조업,32029,기타 목재가구 제조업
KSIC,10,5,32091,금속 가구 제조업,32091,금속 가구 제조업
KSIC,10,5,32099,그 외 기타 가구 제조업,32099,그외 기타 가구 제조업
KSIC,10,5,33110,귀금속 및 관련제품 제조업,33110,귀금속 및 관련제품 제조업
KSIC,10,5,33120,모조 귀금속 및 모조 장신용품 제조업,33120,모조 귀금속 및 모조 장신용품 제조업
KSIC,10,5,33201,건반 악기 제조업,33201,피아노 제조업
KSIC,10,5,33201,건반 악기 제조업,33209,기타 악기 제조업
KSIC,10,5,33202,전자 악기 제조업,33203,전자악기 제조업
KSIC,10,5,33209,기타 악기 제조업,33204,국악기 제조업
KSIC,10,5,33209,기타 악기 제조업,33209,기타 악기 제조업
KSIC,10,5,33209,기타 악기 제조업,33202,현악기 제조업
KSIC,10,5,33301,"체조, 육상 및 체력 단련용 장비 제조업",33301,"체조, 육상 및 체력단련용 장비 제조업"
KSIC,10,5,33302,놀이터용 장비 제조업,33302,놀이터용 장비 제조업
KSIC,10,5,33303,낚시 및 수렵용구 제조업,33303,낚시 및 수렵용구 제조업
KSIC,10,5,33309,기타 운동 및 경기용구 제조업,33309,기타 운동 및 경기용구 제조업
KSIC,10,5,33309,기타 운동 및 경기용구 제조업,33409,기타 오락용품 제조업
KSIC,10,5,33401,인형 및 장난감 제조업,33401,인형 및 장난감 제조업
KSIC,10,5,33402,영상게임기 제조업,33402,영상게임기 제조업
KSIC,10,5,33409,기타 오락용품 제조업,33409,기타 오락용품 제조업
KSIC,10,5,33910,간판 및 광고물 제조업,33910,간판 및 광고물 제조업
KSIC,10,5,33920,사무 및 회화용품 제조업,33920,사무 및 회화용품 제조업
KSIC,10,5,33931,가발 및 유사 제품 제조업,33931,가발 및 유사 제품 제조업
KSIC,10,5,33932,전시용 모형 제조업,33932,조화 및 모조장식품 제조업
KSIC,10,5,33932,전시용 모형 제조업,33934,교시용 모형 제조업
KSIC,10,5,33933,표구 처리업,33933,표구 및 전사처리 제조업
KSIC,10,5,33991,단추 및 유사 파스너 제조업,33992,단추 및 유사 파스너 제조업
KSIC,10,5,33992,"라이터, 연소물 및 흡연용품 제조업",33993,"라이터, 연소물 및 흡연용품 제조업"
KSIC,10,5,33993,비 및 솔 제조업,33994,비 및 솔 제조업
KSIC,10,5,33999,그 외 기타 달리 분류되지 않은 제품 제조업,33991,우산 및 지팡이 제조업
KSIC,10,5,33999,그 외 기타 달리 분류되지 않은 제품 제조업,33999,그외 기타 달리 분류되지 않은 제품 제조업
KSIC,10,5,34011,건설ㆍ광업용 기계 및 장비 수리업,95111,건설·광업용 기계 및 장비 수리업
KSIC,10,5,34019,기타 일반 기계 및 장비 수리업,95121,컴퓨터 및 사무용 기기 수리업
KSIC,10,5,34019,기타 일반 기계 및 장비 수리업,95119,기타 일반 기계 및 장비 수리업
KSIC,10,5,34020,전기ㆍ전자 및 정밀 기기 수리업,95123,전기 및 정밀기기 수리업
KSIC,10,5,35111,원자력 발전업,35111,원자력 발전업
KSIC,10,5,35112,수력 발전업,35112,수력 발전업
KSIC,10,5,35113,화력 발전업,35113,화력 발전업
KSIC,10,5,35114,태양력 발전업,35119,기타 발전업
KSIC,10,5,35119,기타 발전업,35119,기타 발전업
KSIC,10,5,35120,송전 및 배전업,35120,송전 및 배전업
KSIC,10,5,35130,전기 판매업,35120,송전 및 배전업
KSIC,10,5,35200,연료용 가스 제조 및 배관공급업,35200,가스 제조 및 배관공급업
KSIC,10,5,35300,"증기, 냉ㆍ온수 및 공기 조절 공급업",35300,"증기, 냉온수 및 공기조절 공급업"
KSIC,10,5,36010,생활용수 공급업,36010,생활용수 공급업
KSIC,10,5,36020,산업용수 공급업,36020,산업용수 공급업
KSIC,10,5,37011,하수 처리업,37011,하수 처리업
KSIC,10,5,37011,하수 처리업,74212,사업시설 및 산업용품 청소업
KSIC,10,5,37012,폐수 처리업,37012,폐수 처리업
KSIC,10,5,37021,사람 분뇨 처리업,37021,분뇨 처리업
KSIC,10,5,37022,축산 분뇨 처리업,37022,축산분뇨 처리업
KSIC,10,5,38110,"지정 외 폐기물 수집, 운반업",38110,지정외 폐기물 수집운반업
KSIC,10,5,38120,"지정 폐기물 수집, 운반업",38120,지정 폐기물 수집운반업
KSIC,10,5,38130,"건설 폐기물 수집, 운반업",38130,건설 폐기물 수집운반업
KSIC,10,5,38210,지정 외 폐기물 처리업,38210,지정외 폐기물 처리업
KSIC,10,5,38220,지정 폐기물 처리업,38220,지정 폐기물 처리업
KSIC,10,5,38230,건설 폐기물 처리업,38230,건설 폐기물 처리업
KSIC,10,5,38240,"방사성 폐기물 수집, 운반 및 처리업",38240,방사성 폐기물 수집운반 및 처리업
KSIC,10,5,38311,금속류 해체 및 선별업,38301,금속원료 재생업
KSIC,10,5,38312,금속류 원료 재생업,38301,금속원료 재생업
KSIC,10,5,38321,비금속류 해체 및 선별업,38302,비금속원료 재생업
KSIC,10,5,38322,비금속류 원료 재생업,38302,비금속원료 재생업
KSIC,10,5,39001,토양 및 지하수 정화업,39001,토양 및 지하수 정화업
KSIC,10,5,39009,기타 환경 정화 및 복원업,39009,기타 환경 정화 및 복원업
KSIC,10,5,41111,단독 주택 건설업,41111,단독 및 연립주택 건설업
KSIC,10,5,41112,아파트 건설업,41112,아파트 건설업
KSIC,10,5,41119,기타 공동 주택 건설업,41111,단독 및 연립주택 건설업
KSIC,10,5,41121,사무ㆍ상업용 및 공공기관용 건물 건설업,41121,사무 및 상업용 건물 건설업
KSIC,10,5,41122,제조업 및 유사 산업용 건물 건설업,41122,공업 및 유사 산업용 건물 건설업
KSIC,10,5,41129,기타 비주거용 건물 건설업,41129,기타 비주거용 건물 건설업
KSIC,10,5,41129,기타 비주거용 건물 건설업,41121,사무 및 상업용 건물 건설업
KSIC,10,5,41129,기타 비주거용 건물 건설업,41122,공업 및 유사 산업용 건물 건설업
KSIC,10,5,41210,지반조성 건설업,41223,"수로, 댐 및 급 · 배수시설 건설업"
KSIC,10,5,41210,지반조성 건설업,41210,지반조성 건설업
KSIC,10,5,41221,도로 건설업,41221,도로 건설업
KSIC,10,5,41222,"교량, 터널 및 철도 건설업",41222,"교량, 터널 및 철도 건설업"
KSIC,10,5,41223,"항만, 수로, 댐 및 유사 구조물 건설업",42129,기타 기반조성 관련 전문공사업
KSIC,10,5,41223,"항만, 수로, 댐 및 유사 구조물 건설업",41223,"수로, 댐 및 급 · 배수시설 건설업"
KSIC,10,5,41224,환경설비 건설업,41224,폐기물처리 및 오염방지시설 건설업
KSIC,10,5,41225,산업 생산시설 종합 건설업,41225,산업플랜트 건설업
KSIC,10,5,41226,조경 건설업,41226,조경 건설업
KSIC,10,5,41229,기타 토목 시설물 건설업,41229,기타 토목시설물 건설업
KSIC,10,5,41229,기타 토목 시설물 건설업,41222,"교량, 터널 및 철도 건설업"
KSIC,10,5,42110,건물 및 구축물 해체 공사업,42110,건물 및 구축물 해체 공사업
KSIC,10,5,42121,토공사업,42121,토공사업
KSIC,10,5,42122,"보링, 그라우팅 및 관정 공사업",42122,"보링, 그라우팅 및 굴정 공사업"
KSIC,10,5,42123,파일공사 및 축조관련 기초 공사업,42123,파일공사 및 축조관련 기초 공사업
KSIC,10,5,42129,기타 기반조성 관련 전문공사업,42129,기타 기반조성 관련 전문공사업
KSIC,10,5,42131,철골 및 관련 구조물 공사업,42131,철골 공사업
KSIC,10,5,42132,콘크리트 및 철근 공사업,42134,포장 공사업
KSIC,10,5,42132,콘크리트 및 철근 공사업,42132,철근 및 철근콘크리트 공사업
KSIC,10,5,42133,조적 및 석공사업,42133,조적 및 석축 공사업
KSIC,10,5,42133,조적 및 석공사업,42134,포장 공사업
KSIC,10,5,42134,포장 공사업,42134,포장 공사업
KSIC,10,5,42135,철도 궤도 전문공사업,42135,철도궤도 전문공사업
KSIC,10,5,42136,수중 공사업,42136,수중 공사업
KSIC,10,5,42136,수중 공사업,41223,"수로, 댐 및 급 · 배수시설 건설업"
KSIC,10,5,42137,비계 및 형틀 공사업,42137,비계 및 형틀 공사업
KSIC,10,5,42138,"지붕, 내ㆍ외벽 축조 관련 전문공사업",42139,기타 시설물 축조관련 전문공사업
KSIC,10,5,42139,기타 옥외 시설물 축조관련 전문공사업,42139,기타 시설물 축조관련 전문공사업
KSIC,10,5,42139,기타 옥외 시설물 축조관련 전문공사업,42491,"미장, 타일 및 방수 공사업"
KSIC,10,5,42139,기타 옥외 시설물 축조관련 전문공사업,42209,기타 건물설비 설치 공사업
KSIC,10,5,42201,배관 및 냉ㆍ난방 공사업,42201,배관 및 냉·난방 공사업
KSIC,10,5,42202,건물용 기계ㆍ장비 설치 공사업,42202,건물용 기계장비 설치 공사업
KSIC,10,5,42203,"방음, 방진 및 내화 공사업",42203,방음 및 내화 공사업
KSIC,10,5,42204,소방시설 공사업,42204,소방시설 공사업
KSIC,10,5,42209,기타 건물 관련설비 설치 공사업,42209,기타 건물설비 설치 공사업
KSIC,10,5,42209,기타 건물 관련설비 설치 공사업,42499,그외 기타 건축마무리 공사업
KSIC,10,5,42311,일반 전기 공사업,42311,일반전기 공사업
KSIC,10,5,42312,내부 전기배선 공사업,42312,내부 전기배선 공사업
KSIC,10,5,42312,내부 전기배선 공사업,42322,내부 통신배선 공사업
KSIC,10,5,42321,일반 통신 공사업,42321,일반 통신 공사업
KSIC,10,5,42322,내부 통신배선 공사업,42322,내부 통신배선 공사업
KSIC,10,5,42411,도장 공사업,42411,도장 공사업
KSIC,10,5,42412,"도배, 실내 장식 및 내장 목공사업",42412,"도배, 실내장식 및 내장 목공사업"
KSIC,10,5,42420,유리 및 창호 공사업,42420,유리 및 창호 공사업
KSIC,10,5,42491,"미장, 타일 및 방수 공사업",42491,"미장, 타일 및 방수 공사업"
KSIC,10,5,42492,건물용 금속 공작물 설치 공사업,42492,건물용 금속공작물 설치 공사업
KSIC,10,5,42499,그 외 기타 건축 마무리 공사업,42499,그외 기타 건축마무리 공사업
KSIC,10,5,42500,시설물 유지관리 공사업,42321,일반 통신 공사업
KSIC,10,5,42500,시설물 유지관리 공사업,42322,내부 통신배선 공사업
KSIC,10,5,42500,시설물 유지관리 공사업,42411,도장 공사업
KSIC,10,5,42500,시설물 유지관리 공사업,42412,"도배, 실내장식 및 내장 목공사업"
KSIC,10,5,42500,시설물 유지관리 공사업,42420,유리 및 창호 공사업
KSIC,10,5,42500,시설물 유지관리 공사업,42491,"미장, 타일 및 방수 공사업"
KSIC,10,5,42500,시설물 유지관리 공사업,42492,건물용 금속공작물 설치 공사업
KSIC,10,5,42500,시설물 유지관리 공사업,42499,그외 기타 건축마무리 공사업
KSIC,10,5,42500,시설물 유지관리 공사업,42110,건물 및 구축물 해체 공사업
KSIC,10,5,42500,시설물 유지관리 공사업,42121,토공사업
KSIC,10,5,42500,시설물 유지관리 공사업,42122,"보링, 그라우팅 및 굴정 공사업"
KSIC,10,5,42500,시설물 유지관리 공사업,42123,파일공사 및 축조관련 기초 공사업
KSIC,10,5,42500,시설물 유지관리 공사업,42129,기타 기반조성 관련 전문공사업
KSIC,10,5,42500,시설물 유지관리 공사업,42131,철골 공사업
KSIC,10,5,42500,시설물 유지관리 공사업,42132,철근 및 철근콘크리트 공사업
KSIC,10,5,42500,시설물 유지관리 공사업,42133,조적 및 석축 공사업
KSIC,10,5,42500,시설물 유지관리 공사업,42134,포장 공사업
KSIC,10,5,42500,시설물 유지관리 공사업,42135,철도궤도 전문공사업
KSIC,10,5,42500,시설물 유지관리 공사업,42136,수중 공사업
KSIC,10,5,42500,시설물 유지관리 공사업,42137,비계 및 형틀 공사업
KSIC,10,5,42500,시설물 유지관리 공사업,42139,기타 시설물 축조관련 전문공사업
KSIC,10,5,42500,시설물 유지관리 공사업,42201,배관 및 냉·난방 공사업
KSIC,10,5,42500,시설물 유지관리 공사업,42202,건물용 기계장비 설치 공사업
KSIC,10,5,42500,시설물 유지관리 공사업,42203,방음 및 내화 공사업
KSIC,10,5,42500,시설물 유지관리 공사업,42204,소방시설 공사업
KSIC,10,5,42500,시설물 유지관리 공사업,42209,기타 건물설비 설치 공사업
KSIC,10,5,42500,시설물 유지관리 공사업,42311,일반전기 공사업
KSIC,10,5,42500,시설물 유지관리 공사업,42312,내부 전기배선 공사업
KSIC,10,5,42600,건설장비 운영업,42500,건설장비 운영업
KSIC,10,5,45110,자동차 신품 판매업,45301,모터사이클 및 부품 도매업
KSIC,10,5,45110,자동차 신품 판매업,45302,모터사이클 및 부품 소매업
KSIC,10,5,45110,자동차 신품 판매업,45110,자동차 신품 판매업
KSIC,10,5,45120,중고 자동차 판매업,45120,중고 자동차 판매업
KSIC,10,5,45211,자동차 신품 타이어 및 튜브 판매업,45211,자동차 타이어 및 튜브 판매업
KSIC,10,5,45212,자동차용 전용 신품 부품 판매업,45219,기타 자동차신품 부품 및 내장품 판매업
KSIC,10,5,45213,자동차 내장용 신품 전기ㆍ전자ㆍ정밀기기 판매업,45219,기타 자동차신품 부품 및 내장품 판매업
KSIC,10,5,45219,기타 자동차 신품 부품 및 내장품 판매업,45219,기타 자동차신품 부품 및 내장품 판매업
KSIC,10,5,45220,자동차 중고 부품 및 내장품 판매업,45220,자동차중고 부품 및 내장품 판매업
KSIC,10,5,45301,모터사이클 및 부품 도매업,45301,모터사이클 및 부품 도매업
KSIC,10,5,45302,모터사이클 및 부품 소매업,45302,모터사이클 및 부품 소매업
KSIC,10,5,46101,"산업용 농ㆍ축산물, 섬유 원료 및 동물 중개업",46101,산업용 농축산물 및 산동물 중개업
KSIC,10,5,46102,음ㆍ식료품 및 담배 중개업,46102,음·식료품 및 담배 중개업
KSIC,10,5,46103,"섬유, 의복, 신발 및 가죽제품 중개업",46103,"섬유, 의복, 신발 및 가죽제품 중개업"
KSIC,10,5,46104,목재 및 건축자재 중개업,46109,기타 상품 중개업
KSIC,10,5,46104,목재 및 건축자재 중개업,46105,상품종합 중개업
KSIC,10,5,46105,"연료, 광물, 1차 금속, 비료 및 화학제품 중개업",46105,상품종합 중개업
KSIC,10,5,46105,"연료, 광물, 1차 금속, 비료 및 화학제품 중개업",46109,기타 상품 중개업
KSIC,10,5,46106,기계 및 장비 중개업,46105,상품종합 중개업
KSIC,10,5,46106,기계 및 장비 중개업,52999,그외 기타 분류안된 운송관련 서비스업
KSIC,10,5,46106,기계 및 장비 중개업,46109,기타 상품 중개업
KSIC,10,5,46106,기계 및 장비 중개업,46104,기계장비 중개업
KSIC,10,5,46107,그 외 기타 특정 상품 중개업,46109,기타 상품 중개업
KSIC,10,5,46109,상품 종합 중개업,46105,상품종합 중개업
KSIC,10,5,46201,곡물 및 유지작물 도매업,46201,곡물 도매업
KSIC,10,5,46202,종자 및 묘목 도매업,46202,종자 및 묘목 도매업
KSIC,10,5,46203,사료 도매업,46203,사료 도매업
KSIC,10,5,46204,화훼류 및 식물 도매업,46201,곡물 도매업
KSIC,10,5,46204,화훼류 및 식물 도매업,46204,화초 및 산식물 도매업
KSIC,10,5,46205,육지 동물 및 애완 동물 도매업,46205,산동물 도매업
KSIC,10,5,46205,육지 동물 및 애완 동물 도매업,46313,수산물 도매업
KSIC,10,5,46209,기타 산업용 농산물 도매업,46209,기타 산업용 농산물 및 산동물 도매업
KSIC,10,5,46209,기타 산업용 농산물 도매업,46319,기타 비가공 식품 도매업
KSIC,10,5,46311,과실류 도매업,46311,과실 및 채소 도매업
KSIC,10,5,46312,"채소류, 서류 및 향신작물류 도매업",46311,과실 및 채소 도매업
KSIC,10,5,46313,육류 도매업,46312,육류 도매업
KSIC,10,5,46314,건어물 및 젓갈류 도매업,46313,수산물 도매업
KSIC,10,5,46315,"신선, 냉동 및 기타 수산물 도매업",46313,수산물 도매업
KSIC,10,5,46319,기타 신선 식품 및 단순 가공 식품 도매업,46319,기타 비가공 식품 도매업
KSIC,10,5,46321,육류 가공식품 도매업,46321,육류 가공식품 도매업
KSIC,10,5,46322,수산물 가공식품 도매업,46322,수산물 가공식품 도매업
KSIC,10,5,46323,"빵류, 과자류, 당류, 초콜릿 도매업",46323,빵 및 과자 도매업
KSIC,10,5,46324,낙농품 및 동ㆍ식물성 유지 도매업,46324,낙농품 도매업
KSIC,10,5,46324,낙농품 및 동ㆍ식물성 유지 도매업,46329,기타 가공식품 도매업
KSIC,10,5,46325,커피 및 차류 도매업,46329,기타 가공식품 도매업
KSIC,10,5,46326,조미료 도매업,46329,기타 가공식품 도매업
KSIC,10,5,46329,기타 가공식품 도매업,46329,기타 가공식품 도매업
KSIC,10,5,46331,주류 도매업,46331,주류 도매업
KSIC,10,5,46332,비알코올 음료 도매업,46332,비알콜음료 도매업
KSIC,10,5,46333,담배 도매업,46333,담배 도매업
KSIC,10,5,46411,생활용 섬유 및 실 도매업,46411,가정용 섬유 및 실 도매업
KSIC,10,5,46412,커튼 및 침구용품 도매업,46412,커튼 및 침구용품 도매업
KSIC,10,5,46413,남녀용 겉옷 및 셔츠 도매업,46413,셔츠 및 외의 도매업
KSIC,10,5,46414,유아용 의류 도매업,46414,유아용 의류 도매업
KSIC,10,5,46415,속옷 및 잠옷 도매업,46415,내의 도매업
KSIC,10,5,46416,가죽 및 모피 제품 도매업,46416,가죽 및 모피제품 도매업
KSIC,10,5,46417,의복 액세서리 및 모조 장신구 도매업,46415,내의 도매업
KSIC,10,5,46417,의복 액세서리 및 모조 장신구 도매업,46417,의복액세서리 및 모조장신품 도매업
KSIC,10,5,46417,의복 액세서리 및 모조 장신구 도매업,46416,가죽 및 모피제품 도매업
KSIC,10,5,46419,기타 생활용 섬유 및 직물 제품 도매업,46419,기타 가정용 섬유 및 직물제품 도매업
KSIC,10,5,46420,신발 도매업,46420,신발 도매업
KSIC,10,5,46431,생활용 가구 도매업,46431,가정용 가구 도매업
KSIC,10,5,46432,"전구, 램프 및 조명장치 도매업",46432,전구·램프 및 조명장치 도매업
KSIC,10,5,46433,생활용 유리ㆍ요업ㆍ목재ㆍ금속 제품 및 날붙이 도매업,46433,"가정용 요업제품, 비전기식 주방용품 및 날붙이 도매업"
KSIC,10,5,46439,기타 비전기식 생활용 기기 및 기구 도매업,46439,기타 비전기식 가정용 기기 및 기구 도매업
KSIC,10,5,46441,의약품 도매업,46441,의약품 도매업
KSIC,10,5,46442,의료용품 도매업,46442,의료용품 도매업
KSIC,10,5,46443,화장품 및 화장용품 도매업,46443,화장품 도매업
KSIC,10,5,46444,비누 및 세정제 도매업,46444,비누 및 세정제 도매업
KSIC,10,5,46451,"생활용 포장 및 위생용품, 봉투 및 유사 제품 도매업",46451,종이제품 도매업
KSIC,10,5,46452,"문구용품, 회화용품, 사무용품 도매업",46452,문구용품 도매업
KSIC,10,5,46453,"서적, 잡지 및 기타 인쇄물 도매업",46453,"서적, 잡지 및 신문 도매업"
KSIC,10,5,46461,음반 및 비디오물 도매업,46461,음반 및 비디오물 도매업
KSIC,10,5,46462,악기 도매업,46462,악기 도매업
KSIC,10,5,46463,"장난감 및 취미, 오락용품 도매업",46463,장난감 및 취미용품 도매업
KSIC,10,5,46464,운동 및 경기용품 도매업,46464,운동 및 경기용품 도매업
KSIC,10,5,46465,자전거 및 기타 운송장비 도매업,46439,기타 비전기식 가정용 기기 및 기구 도매업
KSIC,10,5,46465,자전거 및 기타 운송장비 도매업,46465,자전거 및 기타 운송장비 도매업
KSIC,10,5,46491,가방 및 보호용 케이스 도매업,46491,가방 및 여행용품 도매업
KSIC,10,5,46492,시계 및 귀금속 제품 도매업,46492,시계 및 귀금속제품 도매업
KSIC,10,5,46493,"안경, 사진장비 및 광학용품 도매업",46493,사진장비 및 광학용품 도매업
KSIC,10,5,46499,그 외 기타 생활용품 도매업,46499,그외 기타 가정용품 도매업
KSIC,10,5,46510,"컴퓨터 및 주변장치, 소프트웨어 도매업",46510,"컴퓨터 및 주변장치, 소프트웨어 도매업"
KSIC,10,5,46521,가전제품 및 부품 도매업,46433,"가정용 요업제품, 비전기식 주방용품 및 날붙이 도매업"
KSIC,10,5,46521,가전제품 및 부품 도매업,46521,가전제품 및 부품 도매업
KSIC,10,5,46522,통신ㆍ방송장비 및 부품 도매업,46522,통신장비 및 부품 도매업
KSIC,10,5,46531,농림업용 기계 및 장비 도매업,46531,농업용 기계 및 장비 도매업
KSIC,10,5,46532,건설ㆍ광업용 기계 및 장비 도매업,46532,건설·광업용 기계 및 장비 도매업
KSIC,10,5,46533,공작용 기계 및 장비 도매업,46533,공작기계 도매업
KSIC,10,5,46539,기타 산업용 기계 및 장비 도매업,46539,기타 산업용 기계 및 장비 도매업
KSIC,10,5,46539,기타 산업용 기계 및 장비 도매업,46533,공작기계 도매업
KSIC,10,5,46591,사무용 가구 및 기기 도매업,46591,사무용 가구 및 기기 도매업
KSIC,10,5,46592,의료 기기 도매업,46592,"의료, 정밀 및 과학기기 도매업"
KSIC,10,5,46593,정밀 기기 및 과학 기기 도매업,46592,"의료, 정밀 및 과학기기 도매업"
KSIC,10,5,46594,수송용 운송장비 도매업,46593,수송용 기계 및 장비 도매업
KSIC,10,5,46595,전기용 기계ㆍ장비 및 관련 기자재 도매업,46432,전구·램프 및 조명장치 도매업
KSIC,10,5,46595,전기용 기계ㆍ장비 및 관련 기자재 도매업,46594,전기용 기계장비 및 관련 기자재 도매업
KSIC,10,5,46596,전지 및 케이블 도매업,46594,전기용 기계장비 및 관련 기자재 도매업
KSIC,10,5,46599,그 외 기타 기계 및 장비 도매업,46532,건설·광업용 기계 및 장비 도매업
KSIC,10,5,46599,그 외 기타 기계 및 장비 도매업,46599,그외 기타 기계 및 장비 도매업
KSIC,10,5,46611,원목 및 건축관련 목제품 도매업,46611,원목 및 건축관련 목재품 도매업
KSIC,10,5,46612,"골재, 벽돌 및 시멘트 도매업",46612,"골재, 벽돌 및 시멘트 도매업"
KSIC,10,5,46612,"골재, 벽돌 및 시멘트 도매업",46699,그외 기타 건축자재 도매업
KSIC,10,5,46613,유리 및 창호 도매업,46613,유리 및 창호 도매업
KSIC,10,5,46621,배관 및 냉ㆍ난방장치 도매업,46621,배관 및 냉·난방장치 도매업
KSIC,10,5,46622,"철물, 금속 파스너 및 수공구 도매업",46622,철물 및 수공구 도매업
KSIC,10,5,46691,도료 도매업,46691,도료 도매업
KSIC,10,5,46692,벽지 및 장판류 도매업,46692,벽지 및 장판류 도매업
KSIC,10,5,46699,그 외 기타 건축자재 도매업,46699,그외 기타 건축자재 도매업
KSIC,10,5,46711,고체 연료 및 관련제품 도매업,46711,고체연료 및 관련제품 도매업
KSIC,10,5,46712,액체 연료 및 관련제품 도매업,46712,액체연료 및 관련제품 도매업
KSIC,10,5,46713,기체 연료 및 관련제품 도매업,46713,기체연료 및 관련제품 도매업
KSIC,10,5,46721,1차 금속제품 도매업,46721,1차 금속제품 도매업
KSIC,10,5,46722,금속광물 도매업,46722,금속광물 도매업
KSIC,10,5,46731,"염료, 안료 및 관련제품 도매업",46731,"염료, 안료 및 관련제품 도매업"
KSIC,10,5,46732,비료 및 농약 도매업,46732,비료 및 농약 도매업
KSIC,10,5,46733,플라스틱 물질 및 합성고무 도매업,46733,합성고무 및 플라스틱물질 도매업
KSIC,10,5,46739,기타 화학 물질 및 화학제품 도매업,46739,기타 화학물질 및 화학제품 도매업
KSIC,10,5,46739,기타 화학 물질 및 화학제품 도매업,46319,기타 비가공 식품 도매업
KSIC,10,5,46741,방직용 섬유 및 실 도매업,46741,방직용 섬유 및 사 도매업
KSIC,10,5,46742,직물 도매업,46742,직물 도매업
KSIC,10,5,46750,"종이 원지, 판지, 종이상자 도매업",46799,그외 기타 상품 전문 도매업
KSIC,10,5,46791,재생용 재료 수집 및 판매업,46791,재생용 재료 수집 및 판매업
KSIC,10,5,46799,그 외 기타 상품 전문 도매업,46799,그외 기타 상품 전문 도매업
KSIC,10,5,46799,그 외 기타 상품 전문 도매업,46439,기타 비전기식 가정용 기기 및 기구 도매업
KSIC,10,5,46800,상품 종합 도매업,46800,상품 종합 도매업
KSIC,10,5,47111,백화점,47111,백화점
KSIC,10,5,47112,대형 마트,47119,기타 대형 종합 소매업
KSIC,10,5,47119,기타 대형 종합 소매업,47119,기타 대형 종합 소매업
KSIC,10,5,47121,슈퍼마켓,47121,슈퍼마켓
KSIC,10,5,47122,체인화 편의점,47122,체인화 편의점
KSIC,10,5,47129,기타 음ㆍ식료품 위주 종합 소매업,47129,기타 음·식료품 위주 종합 소매업
KSIC,10,5,47130,면세점,47119,기타 대형 종합 소매업
KSIC,10,5,47130,면세점,47190,그외 기타 종합 소매업
KSIC,10,5,47190,그 외 기타 종합 소매업,47190,그외 기타 종합 소매업
KSIC,10,5,47211,"곡물, 곡분 및 가축 사료 소매업",47211,곡물 소매업
KSIC,10,5,47212,육류 소매업,47212,육류 소매업
KSIC,10,5,47213,건어물 및 젓갈류 소매업,47213,수산물 소매업
KSIC,10,5,47214,"신선, 냉동 및 기타 수산물 소매업",47213,수산물 소매업
KSIC,10,5,47215,"채소, 과실 및 뿌리작물 소매업",47214,과실 및 채소 소매업
KSIC,10,5,47216,"빵류, 과자류 및 당류 소매업",47215,빵 및 과자류 소매업
KSIC,10,5,47217,건강 보조식품 소매업,47216,건강보조식품 소매업
KSIC,10,5,47218,조리 반찬류 소매업,47219,기타 식료품 소매업
KSIC,10,5,47219,기타 식료품 소매업,47219,기타 식료품 소매업
KSIC,10,5,47221,음료 소매업,47221,음료 소매업
KSIC,10,5,47222,담배 소매업,47222,담배 소매업
KSIC,10,5,47311,"컴퓨터 및 주변장치, 소프트웨어 소매업",47311,"컴퓨터 및 주변장치, 소프트웨어 소매업"
KSIC,10,5,47312,통신기기 소매업,47312,통신기기 소매업
KSIC,10,5,47320,가전제품 소매업,47320,가전제품 소매업
KSIC,10,5,47320,가전제품 소매업,47599,그외 기타 분류안된 가정용품 소매업
KSIC,10,5,47411,남자용 겉옷 소매업,47413,남녀용 정장 소매업
KSIC,10,5,47412,여자용 겉옷 소매업,47413,남녀용 정장 소매업
KSIC,10,5,47413,속옷 및 잠옷 소매업,47415,내의 소매업
KSIC,10,5,47414,셔츠 및 블라우스 소매업,47416,셔츠 및 기타 의복 소매업
KSIC,10,5,47415,한복 소매업,47412,한복 소매업
KSIC,10,5,47416,가죽 및 모피 의복 소매업,47416,셔츠 및 기타 의복 소매업
KSIC,10,5,47417,유아용 의류 소매업,47414,유아용 의류 소매업
KSIC,10,5,47419,기타 의복 소매업,47416,셔츠 및 기타 의복 소매업
KSIC,10,5,47421,가정용 직물제품 소매업,47411,가정용 직물제품 소매업
KSIC,10,5,47422,의복 액세서리 및 모조 장신구 소매업,47419,"기타 섬유, 직물 및 의복액세서리 소매업"
KSIC,10,5,47429,"섬유 원단, 실 및 기타 섬유제품 소매업",47419,"기타 섬유, 직물 및 의복액세서리 소매업"
KSIC,10,5,47430,신발 소매업,47420,신발 소매업
KSIC,10,5,47440,가방 및 기타 가죽제품 소매업,47430,가방 및 기타 가죽제품 소매업
KSIC,10,5,47511,철물 및 난방용구 소매업,47511,철물 및 난방용구 소매업
KSIC,10,5,47512,공구 소매업,47599,그외 기타 분류안된 가정용품 소매업
KSIC,10,5,47512,공구 소매업,47512,기계공구 소매업
KSIC,10,5,47513,"벽지, 마루덮개 및 장판류 소매업",47513,벽지 및 장판류 소매업
KSIC,10,5,47519,"페인트, 창호 및 기타 건설자재 소매업",47519,"페인트, 유리 및 기타 건설자재 소매업"
KSIC,10,5,47520,가구 소매업,47520,가구 소매업
KSIC,10,5,47591,전기용품 및 조명장치 소매업,47591,전기용품 및 조명장치 소매업
KSIC,10,5,47592,"주방용품 및 가정용 유리, 요업제품 소매업",47592,식탁 및 주방용품 소매업
KSIC,10,5,47592,"주방용품 및 가정용 유리, 요업제품 소매업",47599,그외 기타 분류안된 가정용품 소매업
KSIC,10,5,47592,"주방용품 및 가정용 유리, 요업제품 소매업",47519,"페인트, 유리 및 기타 건설자재 소매업"
KSIC,10,5,47593,악기 소매업,47593,악기 소매업
KSIC,10,5,47599,그 외 기타 분류 안된 가정용품 소매업,47599,그외 기타 분류안된 가정용품 소매업
KSIC,10,5,47599,그 외 기타 분류 안된 가정용품 소매업,47430,가방 및 기타 가죽제품 소매업
KSIC,10,5,47611,"서적, 신문 및 잡지류 소매업",47612,문구용품 소매업
KSIC,10,5,47611,"서적, 신문 및 잡지류 소매업",47611,서적 및 잡지류 소매업
KSIC,10,5,47612,문구용품 및 회화용품 소매업,47612,문구용품 소매업
KSIC,10,5,47620,음반 및 비디오물 소매업,47620,음반 및 비디오물 소매업
KSIC,10,5,47631,운동 및 경기용품 소매업,47631,운동 및 경기용품 소매업
KSIC,10,5,47632,자전거 및 기타 운송장비 소매업,47632,자전거 및 기타 운송장비 소매업
KSIC,10,5,47632,자전거 및 기타 운송장비 소매업,47599,그외 기타 분류안된 가정용품 소매업
KSIC,10,5,47640,"게임용구, 인형 및 장난감 소매업",47640,"게임용구, 인형 및 장난감 소매업"
KSIC,10,5,47711,운송장비용 주유소 운영업,47711,차량용 주유소 운영업
KSIC,10,5,47712,운송장비용 가스 충전업,47712,차량용 가스 충전업
KSIC,10,5,47721,가정용 고체 연료 소매업,47721,가정용 고체연료 소매업
KSIC,10,5,47722,가정용 액체 연료 소매업,47722,가정용 액체연료 소매업
KSIC,10,5,47723,가정용 가스 연료 소매업,47723,가정용 가스연료 소매업
KSIC,10,5,47811,의약품 및 의료용품 소매업,47811,의약품 및 의료용품 소매업
KSIC,10,5,47812,의료용 기구 소매업,47812,의료용 기구 소매업
KSIC,10,5,47813,"화장품, 비누 및 방향제 소매업",47813,화장품 및 방향제 소매업
KSIC,10,5,47821,사무용 기기 소매업,47821,사무용 기기 소매업
KSIC,10,5,47822,안경 및 렌즈 소매업,47822,안경 소매업
KSIC,10,5,47823,사진기 및 사진용품 소매업,47823,사진기 및 사진용품 소매업
KSIC,10,5,47829,기타 광학 및 정밀 기기 소매업,47829,기타 광학 및 정밀 기기 소매업
KSIC,10,5,47830,시계 및 귀금속 소매업,47830,시계 및 귀금속 소매업
KSIC,10,5,47841,예술품 및 골동품 소매업,47841,예술품 및 골동품 소매업
KSIC,10,5,47842,"기념품, 관광 민예품 및 장식용품 소매업",47842,관광 민예품 및 선물용품 소매업
KSIC,10,5,47851,화초 및 식물 소매업,47851,화초 및 산식물 소매업
KSIC,10,5,47852,애완용 동물 및 관련용품 소매업,47852,애완용 동물 및 관련용품 소매업
KSIC,10,5,47859,그 외 기타 분류 안된 상품 전문 소매업,47219,기타 식료품 소매업
KSIC,10,5,47859,그 외 기타 분류 안된 상품 전문 소매업,47599,그외 기타 분류안된 가정용품 소매업
KSIC,10,5,47859,그 외 기타 분류 안된 상품 전문 소매업,47859,그외 기타 분류안된 상품 전문 소매업
KSIC,10,5,47861,중고 가구 소매업,47861,중고가구 소매업
KSIC,10,5,47862,중고 가전제품 및 통신장비 소매업,47862,중고 가전제품 소매업
KSIC,10,5,47869,기타 중고 상품 소매업,47869,기타 중고상품 소매업
KSIC,10,5,47911,전자상거래 소매 중개업,47911,전자상거래업
KSIC,10,5,47912,전자상거래 소매업,47911,전자상거래업
KSIC,10,5,47919,기타 통신 판매업,47919,기타 통신 판매업
KSIC,10,5,47920,노점 및 유사 이동 소매업,47920,노점 및 유사이동 소매업
KSIC,10,5,47991,자동 판매기 운영업,47991,자동판매기 운영업
KSIC,10,5,47992,계약배달 판매업,47992,계약배달 판매업
KSIC,10,5,47993,방문 판매업,47993,방문 판매업
KSIC,10,5,47999,그 외 기타 무점포 소매업,47999,그외 기타 무점포 소매업
KSIC,10,5,49101,철도 여객 운송업,49100,철도운송업
KSIC,10,5,49102,철도 화물 운송업,49100,철도운송업
KSIC,10,5,49211,도시철도 운송업,49211,도시철도 운송업
KSIC,10,5,49212,시내버스 운송업,49212,시내버스 운송업
KSIC,10,5,49219,기타 도시 정기 육상 여객 운송업,49219,기타 도시 정기 육상 여객 운송업
KSIC,10,5,49220,시외버스 운송업,49220,시외버스 운송업
KSIC,10,5,49231,택시 운송업,49231,택시 운송업
KSIC,10,5,49232,전세버스 운송업,49232,전세버스 운송업
KSIC,10,5,49233,특수 여객 자동차 운송업,49233,장의차량 운영업
KSIC,10,5,49239,기타 부정기 여객 육상 운송업,49239,기타 부정기 여객 육상 운송업
KSIC,10,5,49301,일반 화물 자동차 운송업,49311,일반 화물자동차 운송업
KSIC,10,5,49302,용달 화물 자동차 운송업,49312,용달 및 개별 화물자동차 운송업
KSIC,10,5,49303,개별 화물 자동차 운송업,49312,용달 및 개별 화물자동차 운송업
KSIC,10,5,49309,기타 도로 화물 운송업,49390,기타 도로화물 운송업
KSIC,10,5,49401,택배업,49401,택배업
KSIC,10,5,49402,늘찬 배달업,49402,늘찬 배달업
KSIC,10,5,49500,파이프라인 운송업,49500,파이프라인 운송업
KSIC,10,5,50111,외항 여객 운송업,50111,외항 여객 운송업
KSIC,10,5,50112,외항 화물 운송업,50112,외항 화물 운송업
KSIC,10,5,50121,내항 여객 운송업,50121,내항 여객 운송업
KSIC,10,5,50122,내항 화물 운송업,50122,내항 화물 운송업
KSIC,10,5,50130,기타 해상 운송업,50130,기타 해상 운송업
KSIC,10,5,50201,내륙 수상 여객 및 화물 운송업,50201,내륙 수상 여객 운송업
KSIC,10,5,50201,내륙 수상 여객 및 화물 운송업,50202,내륙 수상 화물 운송업
KSIC,10,5,50202,항만 내 여객 운송업,50203,항만내 운송업
KSIC,10,5,50209,기타 내륙 수상 운송업,50209,기타 내륙 수상 및 항만내 운송업
KSIC,10,5,51100,항공 여객 운송업,51100,정기 항공 운송업
KSIC,10,5,51100,항공 여객 운송업,51200,부정기 항공 운송업
KSIC,10,5,51200,항공 화물 운송업,51100,정기 항공 운송업
KSIC,10,5,51200,항공 화물 운송업,51200,부정기 항공 운송업
KSIC,10,5,52101,일반 창고업,52101,일반 창고업
KSIC,10,5,52102,냉장 및 냉동 창고업,52102,냉장 및 냉동 창고업
KSIC,10,5,52103,농산물 창고업,52103,농산물 창고업
KSIC,10,5,52104,위험 물품 보관업,52104,위험물품 보관업
KSIC,10,5,52109,기타 보관 및 창고업,52109,기타 보관 및 창고업
KSIC,10,5,52911,철도 운송 지원 서비스업,52911,철도 운송지원 서비스업
KSIC,10,5,52912,여객 자동차 터미널 운영업,52912,여객 자동차 터미널 운영업
KSIC,10,5,52913,물류 터미널 운영업,52913,화물 자동차 터미널 운영업
KSIC,10,5,52914,도로 및 관련시설 운영업,52914,도로 및 관련시설 운영업
KSIC,10,5,52915,주차장 운영업,52915,주차장 운영업
KSIC,10,5,52919,기타 육상 운송지원 서비스업,52919,기타 육상 운송지원 서비스업
KSIC,10,5,52921,항구 및 기타 해상 터미널 운영업,52921,항구 및 기타 해상 터미널 운영업
KSIC,10,5,52929,기타 수상 운송 지원 서비스업,52929,기타 수상 운송지원 서비스업
KSIC,10,5,52931,공항 운영업,52931,공항 운영업
KSIC,10,5,52939,기타 항공 운송지원 서비스업,52939,기타 항공 운송지원 서비스업
KSIC,10,5,52941,항공 및 육상 화물 취급업,52941,항공 및 육상 화물 취급업
KSIC,10,5,52942,수상 화물 취급업,52942,수상 화물 취급업
KSIC,10,5,52942,수상 화물 취급업,50203,항만내 운송업
KSIC,10,5,52991,통관 대리 및 관련서비스업,52991,"화물운송 중개, 대리 및 관련서비스업"
KSIC,10,5,52992,"화물 운송 중개, 대리 및 관련 서비스업",52991,"화물운송 중개, 대리 및 관련서비스업"
KSIC,10,5,52993,"화물 포장, 검수 및 계량 서비스업",52992,"화물포장, 검수 및 형량 서비스업"
KSIC,10,5,52999,그 외 기타 분류 안된 운송관련 서비스업,52999,그외 기타 분류안된 운송관련 서비스업
KSIC,10,5,55101,호텔업,55111,호텔업
KSIC,10,5,55102,여관업,55112,여관업
KSIC,10,5,55103,휴양 콘도 운영업,55113,휴양콘도 운영업
KSIC,10,5,55104,민박업,55119,기타 관광숙박시설 운영업
KSIC,10,5,55109,기타 일반 및 생활 숙박시설 운영업,91299,그외 기타 분류안된 오락관련 서비스업
KSIC,10,5,55109,기타 일반 및 생활 숙박시설 운영업,55119,기타 관광숙박시설 운영업
KSIC,10,5,55901,기숙사 및 고시원 운영업,55909,그외 기타 숙박업
KSIC,10,5,55901,기숙사 및 고시원 운영업,55901,기숙사 운영업
KSIC,10,5,55909,그 외 기타 숙박업,55909,그외 기타 숙박업
KSIC,10,5,56111,한식 일반 음식점업,56111,한식 음식점업
KSIC,10,5,56111,한식 일반 음식점업,56194,분식 및 김밥 전문점
KSIC,10,5,56112,한식 면 요리 전문점,56111,한식 음식점업
KSIC,10,5,56112,한식 면 요리 전문점,56194,분식 및 김밥 전문점
KSIC,10,5,56113,한식 육류 요리 전문점,56194,분식 및 김밥 전문점
KSIC,10,5,56113,한식 육류 요리 전문점,56111,한식 음식점업
KSIC,10,5,56114,한식 해산물 요리 전문점,56111,한식 음식점업
KSIC,10,5,56121,중식 음식점업,56112,중식 음식점업
KSIC,10,5,56122,일식 음식점업,56113,일식 음식점업
KSIC,10,5,56123,서양식 음식점업,56114,서양식 음식점업
KSIC,10,5,56129,기타 외국식 음식점업,56119,기타 외국식 음식점업
KSIC,10,5,56130,기관 구내식당업,56120,기관구내식당업
KSIC,10,5,56141,출장 음식 서비스업,56131,출장 음식 서비스업
KSIC,10,5,56142,이동 음식점업,56132,이동 음식업
KSIC,10,5,56191,제과점업,56191,제과점업
KSIC,10,5,56192,"피자, 햄버거, 샌드위치 및 유사 음식점업",56192,"피자, 햄버거, 샌드위치 및 유사 음식점업"
KSIC,10,5,56193,치킨 전문점,56193,치킨 전문점
KSIC,10,5,56194,김밥 및 기타 간이 음식점업,56191,제과점업
KSIC,10,5,56194,김밥 및 기타 간이 음식점업,56194,분식 및 김밥 전문점
KSIC,10,5,56199,간이 음식 포장 판매 전문점,56194,분식 및 김밥 전문점
KSIC,10,5,56199,간이 음식 포장 판매 전문점,56199,그외 기타 음식점업
KSIC,10,5,56211,일반 유흥 주점업,56211,일반유흥 주점업
KSIC,10,5,56212,무도 유흥 주점업,56212,무도유흥 주점업
KSIC,10,5,56213,생맥주 전문점,56219,기타 주점업
KSIC,10,5,56219,기타 주점업,56219,기타 주점업
KSIC,10,5,56221,커피 전문점,56220,비알콜 음료점업
KSIC,10,5,56229,기타 비알코올 음료점업,56220,비알콜 음료점업
KSIC,10,5,56229,기타 비알코올 음료점업,56132,이동 음식업
KSIC,10,5,58111,교과서 및 학습 서적 출판업,58111,교과서 및 학습서적 출판업
KSIC,10,5,58112,만화 출판업,58112,만화 출판업
KSIC,10,5,58113,일반 서적 출판업,58119,기타 서적 출판업
KSIC,10,5,58121,신문 발행업,58121,신문 발행업
KSIC,10,5,58122,잡지 및 정기 간행물 발행업,58122,잡지 및 정기간행물 발행업
KSIC,10,5,58123,정기 광고 간행물 발행업,58123,정기 광고간행물 발행업
KSIC,10,5,58190,기타 인쇄물 출판업,58190,기타 인쇄물 출판업
KSIC,10,5,58211,유선 온라인 게임 소프트웨어 개발 및 공급업,58211,온라인·모바일 게임 소프트웨어 개발 및 공급업
KSIC,10,5,58212,모바일 게임 소프트웨어 개발 및 공급업,58211,온라인·모바일 게임 소프트웨어 개발 및 공급업
KSIC,10,5,58219,기타 게임 소프트웨어 개발 및 공급업,58219,기타 게임 소프트웨어 개발 및 공급업
KSIC,10,5,58221,시스템 소프트웨어 개발 및 공급업,58221,시스템  소프트웨어 개발 및 공급업
KSIC,10,5,58222,응용 소프트웨어 개발 및 공급업,58222,응용소프트웨어 개발 및 공급업
KSIC,10,5,59111,일반 영화 및 비디오물 제작업,59111,일반 영화 및 비디오물 제작업
KSIC,10,5,59112,애니메이션 영화 및 비디오물 제작업,59112,애니메이션 영화 및 비디오물 제작업
KSIC,10,5,59113,광고 영화 및 비디오물 제작업,59113,광고 영화 및 비디오물 제작업
KSIC,10,5,59114,방송 프로그램 제작업,59114,방송 프로그램 제작업
KSIC,10,5,59120,"영화, 비디오물 및 방송 프로그램 제작 관련 서비스업",59120,"영화, 비디오물 및 방송프로그램 제작 관련 서비스업"
KSIC,10,5,59130,"영화, 비디오물 및 방송 프로그램 배급업",59130,"영화, 비디오물 및 방송프로그램 배급업"
KSIC,10,5,59141,영화관 운영업,59141,영화관 운영업
KSIC,10,5,59142,비디오물 감상실 운영업,59142,비디오물 감상실 운영업
KSIC,10,5,59201,음악 및 기타 오디오물 출판업,59201,음악 및 기타 오디오물 출판업
KSIC,10,5,59202,녹음시설 운영업,59202,녹음시설 운영업
KSIC,10,5,60100,라디오 방송업,60100,라디오 방송업
KSIC,10,5,60210,지상파 방송업,60210,지상파 방송업
KSIC,10,5,60221,프로그램 공급업,60221,프로그램 공급업
KSIC,10,5,60222,유선 방송업,60222,유선방송업
KSIC,10,5,60229,위성 및 기타 방송업,60229,위성 및 기타 방송업
KSIC,10,5,61100,공영 우편업,61100,우편업
KSIC,10,5,61210,유선 통신업,61210,유선통신업
KSIC,10,5,61220,무선 및 위성 통신업,61220,무선통신업
KSIC,10,5,61220,무선 및 위성 통신업,61230,위성통신업
KSIC,10,5,61291,통신 재판매업,61291,통신 재판매업
KSIC,10,5,61299,그 외 기타 전기 통신업,61299,그외 기타 전기 통신업
KSIC,10,5,62010,컴퓨터 프로그래밍 서비스업,62010,컴퓨터 프로그래밍 서비스업
KSIC,10,5,62021,컴퓨터 시스템 통합 자문 및 구축 서비스업,62021,컴퓨터시스템 통합 자문 및 구축 서비스업
KSIC,10,5,62022,컴퓨터시설 관리업,62022,컴퓨터시설 관리업
KSIC,10,5,62090,기타 정보 기술 및 컴퓨터 운영 관련 서비스업,62090,기타 정보기술 및 컴퓨터운영 관련 서비스업
KSIC,10,5,63111,자료 처리업,63111,자료 처리업
KSIC,10,5,63112,호스팅 및 관련 서비스업,63112,호스팅 및 관련 서비스업
KSIC,10,5,63120,포털 및 기타 인터넷 정보 매개 서비스업,63120,포털 및 기타 인터넷 정보매개 서비스업
KSIC,10,5,63910,뉴스 제공업,63910,뉴스 제공업
KSIC,10,5,63991,데이터베이스 및 온라인 정보 제공업,63991,데이터베이스 및 온라인정보 제공업
KSIC,10,5,63999,그 외 기타 정보 서비스업,63999,그외 기타 정보 서비스업
KSIC,10,5,64110,중앙은행,64110,중앙은행
KSIC,10,5,64121,국내은행,64121,국내은행
KSIC,10,5,64122,외국은행,64122,외국은행
KSIC,10,5,64131,신용조합,64131,신용조합
KSIC,10,5,64132,상호 저축은행 및 기타 저축기관,64132,상호저축은행
KSIC,10,5,64132,상호 저축은행 및 기타 저축기관,64139,기타 저축기관
KSIC,10,5,64201,신탁업 및 집합 투자업,64201,자산운용회사
KSIC,10,5,64209,기타 금융 투자업,64209,기타 투자기관
KSIC,10,5,64911,금융 리스업,64911,금융리스업
KSIC,10,5,64912,개발 금융기관,64912,개발금융기관
KSIC,10,5,64913,신용카드 및 할부 금융업,64913,신용카드 및 할부금융업
KSIC,10,5,64919,그 외 기타 여신 금융업,64919,그외 기타 여신금융업
KSIC,10,5,64991,기금 운영업,64991,기금 운영업
KSIC,10,5,64992,지주회사,71520,비금융 지주회사
KSIC,10,5,64992,지주회사,64992,금융지주회사
KSIC,10,5,64999,그 외 기타 분류 안된 금융업,64999,그외 기타 분류안된 금융업
KSIC,10,5,65110,생명보험업,65110,생명 보험업
KSIC,10,5,65121,손해보험업,65121,손해 보험업
KSIC,10,5,65122,보증보험업,65122,보증 보험업
KSIC,10,5,65131,건강보험업,65131,건강 보험업
KSIC,10,5,65139,산업 재해 및 기타 사회보장보험업,65139,산업재해 및 기타 사회보장 보험업
KSIC,10,5,65200,재보험업,65200,재 보험업
KSIC,10,5,65301,개인 공제업,65301,개인 공제업
KSIC,10,5,65302,사업 공제업,65302,사업 공제업
KSIC,10,5,65303,연금업,65303,연금업
KSIC,10,5,66110,금융시장 관리업,66110,금융시장 관리업
KSIC,10,5,66121,증권 중개업,66121,증권 중개업
KSIC,10,5,66122,선물 중개업,66122,선물 중개업
KSIC,10,5,66191,"증권 발행, 관리, 보관 및 거래 지원 서비스업",66191,유가증권 관리 및 보관업
KSIC,10,5,66192,투자 자문업 및 투자 일임업,66192,투자 자문업
KSIC,10,5,66199,그 외 기타 금융 지원 서비스업,66199,그외 기타 금융지원 서비스업
KSIC,10,5,66201,손해 사정업,66201,손해사정업
KSIC,10,5,66202,보험 대리 및 중개업,66202,보험대리 및 중개업
KSIC,10,5,66209,기타 보험 및 연금관련 서비스업,66209,기타 보험 및 연금관련 서비스업
KSIC,10,5,68111,주거용 건물 임대업,68111,주거용 건물 임대업
KSIC,10,5,68112,비주거용 건물 임대업,68112,비주거용 건물 임대업
KSIC,10,5,68119,기타 부동산 임대업,68119,기타 부동산 임대업
KSIC,10,5,68121,주거용 건물 개발 및 공급업,68121,주거용 건물 개발 및 공급업
KSIC,10,5,68122,비주거용 건물 개발 및 공급업,68122,비주거용 건물 개발 및 공급업
KSIC,10,5,68129,기타 부동산 개발 및 공급업,68129,기타 부동산 개발 및 공급업
KSIC,10,5,68211,주거용 부동산 관리업,68211,주거용 부동산 관리업
KSIC,10,5,68212,비주거용 부동산 관리업,68212,비주거용 부동산 관리업
KSIC,10,5,68221,부동산 중개 및 대리업,68221,부동산 자문 및 중개업
KSIC,10,5,68222,부동산 투자 자문업,68221,부동산 자문 및 중개업
KSIC,10,5,68223,부동산 감정 평가업,68222,부동산 감정평가업
KSIC,10,5,70111,"물리, 화학 및 생물학 연구개발업",70111,"물리, 화학 및 생물학 연구개발업"
KSIC,10,5,70112,농림수산학 및 수의학 연구개발업,70112,농학 연구개발업
KSIC,10,5,70113,의학 및 약학 연구개발업,70113,의학 및 약학 연구개발업
KSIC,10,5,70119,기타 자연과학 연구개발업,70119,기타 자연과학 연구개발업
KSIC,10,5,70121,전기ㆍ전자공학 연구개발업,70121,전기·전자공학 연구개발업
KSIC,10,5,70129,기타 공학 연구개발업,70129,기타 공학 연구개발업
KSIC,10,5,70130,자연과학 및 공학 융합 연구개발업,70119,기타 자연과학 연구개발업
KSIC,10,5,70130,자연과학 및 공학 융합 연구개발업,70129,기타 공학 연구개발업
KSIC,10,5,70201,경제 및 경영학 연구개발업,70201,경제학 연구개발업
KSIC,10,5,70209,기타 인문 및 사회과학 연구개발업,70209,기타 인문 및 사회과학 연구개발업
KSIC,10,5,71101,변호사업,71101,변호사업
KSIC,10,5,71102,변리사업,71102,변리사업
KSIC,10,5,71103,법무사업,71103,법무사업
KSIC,10,5,71109,기타 법무관련 서비스업,71109,기타 법무관련 서비스업
KSIC,10,5,71201,공인회계사업,71201,공인회계사업
KSIC,10,5,71202,세무사업,71202,세무사업
KSIC,10,5,71209,기타 회계 관련 서비스업,71209,기타 회계관련 서비스업
KSIC,10,5,71310,광고 대행업,71310,광고 대행업
KSIC,10,5,71391,옥외 및 전시 광고업,71391,옥외 및 전시 광고업
KSIC,10,5,71392,광고 매체 판매업,71392,광고매체 판매업
KSIC,10,5,71393,"광고물 문안, 도안, 설계 등 작성업",71393,광고물 작성업
KSIC,10,5,71399,그 외 기타 광고 관련 서비스업,71399,그외 기타 광고업
KSIC,10,5,71400,시장 조사 및 여론 조사업,71400,시장조사 및 여론조사업
KSIC,10,5,71511,제조업 회사 본부,71511,제조업 회사본부
KSIC,10,5,71519,기타 산업 회사본부,71519,기타 산업 회사본부
KSIC,10,5,71531,경영 컨설팅업,71531,경영컨설팅업
KSIC,10,5,71532,공공관계 서비스업,71532,공공관계 서비스업
KSIC,10,5,71600,기타 전문 서비스업,75919,기타 사무지원 서비스업
KSIC,10,5,72111,건축 설계 및 관련 서비스업,72111,건축설계 및 관련 서비스업
KSIC,10,5,72112,도시 계획 및 조경 설계 서비스업,72112,도시계획 및 조경설계 서비스업
KSIC,10,5,72121,건물 및 토목 엔지니어링 서비스업,72121,건물 및 토목엔지니어링 서비스업
KSIC,10,5,72122,환경 관련 엔지니어링 서비스업,72122,환경컨설팅 및 관련 엔지니어링 서비스업
KSIC,10,5,72129,기타 엔지니어링 서비스업,72129,기타 엔지니어링 서비스업
KSIC,10,5,72911,물질 성분 검사 및 분석업,72911,물질성분 검사 및 분석업
KSIC,10,5,72919,"기타 기술 시험, 검사 및 분석업",72919,"기타 기술 시험, 검사 및 분석업"
KSIC,10,5,72921,측량업,72921,측량업
KSIC,10,5,72922,제도업,72922,제도업
KSIC,10,5,72923,지질 조사 및 탐사업,72923,지질조사 및 탐사업
KSIC,10,5,72924,지도 제작업,72924,지도제작업
KSIC,10,5,73100,수의업,73100,수의업
KSIC,10,5,73201,인테리어 디자인업,73201,인테리어 디자인업
KSIC,10,5,73202,제품 디자인업,73202,제품 디자인업
KSIC,10,5,73203,시각 디자인업,73203,시각 디자인업
KSIC,10,5,73209,"패션, 섬유류 및 기타 전문 디자인업",73209,기타 전문 디자인업
KSIC,10,5,73301,인물 사진 및 행사용 영상 촬영업,73301,인물사진 및 행사용비디오 촬영업
KSIC,10,5,73302,상업용 사진 촬영업,73302,상업용 사진 촬영업
KSIC,10,5,73303,사진 처리업,75912,복사업
KSIC,10,5,73303,사진 처리업,73303,사진 처리업
KSIC,10,5,73901,매니저업,73901,매니저업
KSIC,10,5,73902,번역 및 통역 서비스업,73902,번역 및 통역서비스업
KSIC,10,5,73903,사업 및 무형 재산권 중개업,73903,사업 및 무형 재산권 중개업
KSIC,10,5,73904,"물품 감정, 계량 및 견본 추출업",73904,"물품감정, 계량 및 견본 추출업"
KSIC,10,5,73909,"그 외 기타 분류 안된 전문, 과학 및 기술 서비스업",73909,"그외 기타 분류안된 전문, 과학 및 기술 서비스업"
KSIC,10,5,74100,사업시설 유지ㆍ관리 서비스업,74100,사업시설 유지관리 서비스업
KSIC,10,5,74211,건축물 일반 청소업,74211,건축물 일반 청소업
KSIC,10,5,74212,"산업설비, 운송장비 및 공공장소 청소업",74212,사업시설 및 산업용품 청소업
KSIC,10,5,74220,"소독, 구충 및 방제 서비스업",74220,"소독, 구충 및 방제 서비스업"
KSIC,10,5,74300,조경관리 및 유지 서비스업,74300,조경 관리 및 유지 서비스업
KSIC,10,5,75110,고용 알선업,75110,고용알선업
KSIC,10,5,75121,임시 및 일용 인력 공급업,90192,공연 및 제작관련 대리업
KSIC,10,5,75121,임시 및 일용 인력 공급업,75120,인력공급업
KSIC,10,5,75122,상용 인력 공급 및 인사관리 서비스업,75120,인력공급업
KSIC,10,5,75122,상용 인력 공급 및 인사관리 서비스업,75919,기타 사무지원 서비스업
KSIC,10,5,75210,여행사업,75212,국내 여행사업
KSIC,10,5,75210,여행사업,75211,일반 및 국외 여행사업
KSIC,10,5,75290,기타 여행 보조 및 예약 서비스업,75290,기타 여행보조 및 예약 서비스업
KSIC,10,5,75310,경비 및 경호 서비스업,75310,경비 및 경호 서비스업
KSIC,10,5,75320,보안 시스템 서비스업,75320,보안시스템 서비스업
KSIC,10,5,75330,탐정 및 조사 서비스업,75330,탐정 및 조사 서비스업
KSIC,10,5,75911,문서 작성업,75911,문서 작성업
KSIC,10,5,75912,복사업,75912,복사업
KSIC,10,5,75919,기타 사무 지원 서비스업,75919,기타 사무지원 서비스업
KSIC,10,5,75991,콜센터 및 텔레마케팅 서비스업,75991,콜센터 및 텔레마케팅 서비스업
KSIC,10,5,75992,"전시, 컨벤션 및 행사 대행업",75992,전시 및 행사 대행업
KSIC,10,5,75993,신용 조사 및 추심 대행업,75993,신용조사 및 추심 대행업
KSIC,10,5,75994,포장 및 충전업,75994,포장 및 충전업
KSIC,10,5,75999,그 외 기타 분류 안된 사업 지원 서비스업,75999,그외 기타 분류안된 사업지원 서비스업
KSIC,10,5,76110,자동차 임대업,69110,자동차 임대업
KSIC,10,5,76190,기타 운송장비 임대업,69190,기타 운송장비 임대업
KSIC,10,5,76210,스포츠 및 레크리에이션 용품 임대업,69210,스포츠 및 레크레이션 용품 임대업
KSIC,10,5,76220,음반 및 비디오물 임대업,69220,음반 및 비디오물 임대업
KSIC,10,5,76291,서적 임대업,69291,서적 임대업
KSIC,10,5,76292,의류 임대업,69292,의류 임대업
KSIC,10,5,76299,그 외 기타 개인 및 가정용품 임대업,69299,그외 기타 개인 및 가정용품 임대업
KSIC,10,5,76310,건설 및 토목공사용 기계ㆍ장비 임대업,69310,건설 및 토목공사용 기계장비 임대업
KSIC,10,5,76320,컴퓨터 및 사무용 기계ㆍ장비 임대업,69320,컴퓨터 및 사무용 기계장비 임대업
KSIC,10,5,76390,기타 산업용 기계 및 장비 임대업,69310,건설 및 토목공사용 기계장비 임대업
KSIC,10,5,76390,기타 산업용 기계 및 장비 임대업,69390,기타 산업용 기계 및 장비 임대업
KSIC,10,5,76400,무형 재산권 임대업,68119,기타 부동산 임대업
KSIC,10,5,76400,무형 재산권 임대업,69400,무형재산권 임대업
KSIC,10,5,84111,입법기관,84111,입법기관
KSIC,10,5,84112,중앙 최고 집행기관,84112,중앙 최고 집행기관
KSIC,10,5,84113,지방행정 집행기관,84113,지방행정 집행기관
KSIC,10,5,84114,재정 및 경제정책 행정,84114,재정 및 경제정책 행정
KSIC,10,5,84119,기타 일반 공공 행정,84119,기타 일반 공공 행정
KSIC,10,5,84120,정부기관 일반 보조 행정,84120,정부기관 일반 보조 행정
KSIC,10,5,84211,교육 행정,84211,교육 행정
KSIC,10,5,84212,문화 및 관광 행정,84212,문화 및 관광 행정
KSIC,10,5,84213,환경 행정,84213,환경 행정
KSIC,10,5,84214,보건 및 복지 행정,84214,보건 및 복지 행정
KSIC,10,5,84219,기타 사회서비스 관리 행정,84219,기타 사회서비스 관리 행정
KSIC,10,5,84221,노동 행정,84221,노동 행정
KSIC,10,5,84222,농림수산 행정,84222,농림수산 행정
KSIC,10,5,84223,건설 및 운송 행정,84223,건설 및 운송 행정
KSIC,10,5,84224,우편 및 통신 행정,84224,통신 행정
KSIC,10,5,84229,기타 산업 진흥 행정,84229,기타 산업진흥 행정
KSIC,10,5,84310,외무 행정,84310,외무 행정
KSIC,10,5,84320,국방 행정,84320,국방 행정
KSIC,10,5,84401,법원,84401,법원
KSIC,10,5,84402,검찰,84402,검찰
KSIC,10,5,84403,교도기관,84403,교도기관
KSIC,10,5,84404,경찰,84404,경찰
KSIC,10,5,84405,소방서,84405,소방서
KSIC,10,5,84409,기타 사법 및 공공 질서 행정,84409,기타 사법 및 공공질서 행정
KSIC,10,5,84500,사회보장 행정,84500,사회보장 행정
KSIC,10,5,85110,유아 교육기관,85110,유아 교육기관
KSIC,10,5,85120,초등학교,85120,초등학교
KSIC,10,5,85211,중학교,85211,중학교
KSIC,10,5,85212,일반 고등학교,85212,일반 고등학교
KSIC,10,5,85221,상업 및 정보산업 특성화 고등학교,85221,상업 및 정보산업 고등학교
KSIC,10,5,85222,공업 특성화 고등학교,85222,공업 고등학교
KSIC,10,5,85229,기타 특성화 고등학교,85229,기타 기술 및 직업 고등학교
KSIC,10,5,85301,전문대학,85301,전문대학
KSIC,10,5,85302,대학교,85302,대학교
KSIC,10,5,85303,대학원,85303,대학원
KSIC,10,5,85410,특수학교,85410,특수학교
KSIC,10,5,85420,외국인학교,85420,외국인 학교
KSIC,10,5,85430,대안학교,85430,대안학교
KSIC,10,5,85501,일반 교과학원,85501,일반 교과 학원
KSIC,10,5,85501,일반 교과학원,85502,외국어학원
KSIC,10,5,85501,일반 교과학원,85611,스포츠 교육기관
KSIC,10,5,85501,일반 교과학원,85620,예술 학원
KSIC,10,5,85502,방문 교육학원,85503,방문 교육 학원
KSIC,10,5,85503,온라인 교육학원,85504,온라인 교육 학원
KSIC,10,5,85611,태권도 및 무술 교육기관,85611,스포츠 교육기관
KSIC,10,5,85612,기타 스포츠 교육기관,85611,스포츠 교육기관
KSIC,10,5,85613,레크리에이션 교육기관,85612,레크레이션 교육기관
KSIC,10,5,85614,청소년 수련시설 운영업,91299,그외 기타 분류안된 오락관련 서비스업
KSIC,10,5,85614,청소년 수련시설 운영업,55119,기타 관광숙박시설 운영업
KSIC,10,5,85614,청소년 수련시설 운영업,55114,청소년수련시설 운영업
KSIC,10,5,85614,청소년 수련시설 운영업,85699,그외 기타 분류안된 교육기관
KSIC,10,5,85621,음악학원,85620,예술 학원
KSIC,10,5,85622,미술학원,85620,예술 학원
KSIC,10,5,85629,기타 예술학원,85620,예술 학원
KSIC,10,5,85631,외국어학원,85502,외국어학원
KSIC,10,5,85632,기타 교습학원,85509,기타 일반 교습학원
KSIC,10,5,85640,사회교육시설,85630,사회교육시설
KSIC,10,5,85650,직원 훈련기관,85640,직원훈련기관
KSIC,10,5,85661,운전학원,85651,운전학원
KSIC,10,5,85669,기타 기술 및 직업 훈련학원,85659,기타 기술 및 직업훈련학원
KSIC,10,5,85691,컴퓨터 학원,85691,컴퓨터 학원
KSIC,10,5,85699,그 외 기타 분류 안된 교육기관,85699,그외 기타 분류안된 교육기관
KSIC,10,5,85701,교육관련 자문 및 평가업,85701,교육관련 자문 및 평가업
KSIC,10,5,85709,기타 교육지원 서비스업,85709,기타 교육지원 서비스업
KSIC,10,5,86101,종합병원,86101,종합 병원
KSIC,10,5,86102,일반병원,86102,일반 병원
KSIC,10,5,86103,치과병원,86103,치과 병원
KSIC,10,5,86104,한방병원,86104,한방 병원
KSIC,10,5,86105,요양병원,86102,일반 병원
KSIC,10,5,86201,일반의원,86201,일반 의원
KSIC,10,5,86202,치과의원,86202,치과 의원
KSIC,10,5,86203,한의원,86203,한의원
KSIC,10,5,86204,방사선 진단 및 병리 검사 의원,86204,방사선진단 및 병리검사 의원
KSIC,10,5,86300,공중 보건 의료업,86300,공중 보건 의료업
KSIC,10,5,86901,앰뷸런스 서비스업,86901,앰뷸런스 서비스업
KSIC,10,5,86902,유사 의료업,86902,유사 의료업
KSIC,10,5,86909,그 외 기타 보건업,86909,그외 기타 보건업
KSIC,10,5,87111,노인 요양 복지시설 운영업,87111,노인 요양 복지시설 운영업
KSIC,10,5,87112,노인 양로 복지시설 운영업,87112,노인 양로 복지시설 운영업
KSIC,10,5,87121,신체 부자유자 거주 복지시설 운영업,87121,신체 부자유자 거주 복지시설 운영업
KSIC,10,5,87122,"정신 질환, 정신 지체 및 약물 중독자 거주 복지시설 운영업",87122,"정신질환, 정신지체 및 약물중독자 거주 복지시설 운영업"
KSIC,10,5,87131,아동 및 부녀자 거주 복지시설 운영업,87131,아동 및 부녀자 거주 복지시설 운영업
KSIC,10,5,87139,그 외 기타 거주 복지시설 운영업,87139,그외 기타 거주 복지시설 운영업
KSIC,10,5,87210,보육시설 운영업,87210,보육시설 운영업
KSIC,10,5,87291,직업 재활원 운영업,87291,직업재활원 운영업
KSIC,10,5,87292,종합복지관 운영업,87299,그외 기타 비거주 복지 서비스업
KSIC,10,5,87293,방문 복지서비스 제공업,87299,그외 기타 비거주 복지 서비스업
KSIC,10,5,87294,사회복지 상담 서비스 제공업,87299,그외 기타 비거주 복지 서비스업
KSIC,10,5,87299,그 외 기타 비거주 복지 서비스업,87299,그외 기타 비거주 복지 서비스업
KSIC,10,5,90110,공연시설 운영업,90110,공연시설 운영업
KSIC,10,5,90121,연극단체,90121,연극단체
KSIC,10,5,90122,무용 및 음악단체,90122,무용 및 음악단체
KSIC,10,5,90123,기타 공연단체,90123,기타 공연단체
KSIC,10,5,90131,공연 예술가,90131,공연 예술가
KSIC,10,5,90132,비공연 예술가,90132,비공연 예술가
KSIC,10,5,90191,공연 기획업,90191,공연 기획업
KSIC,10,5,90192,공연 및 제작관련 대리업,90192,공연 및 제작관련 대리업
KSIC,10,5,90199,그 외 기타 창작 및 예술관련 서비스업,90199,그외 기타 창작 및 예술관련 서비스업
KSIC,10,5,90211,도서관 및 기록 보존소 운영업,90211,도서관 및 기록보존소 운영업
KSIC,10,5,90212,독서실 운영업,90212,독서실 운영업
KSIC,10,5,90221,박물관 운영업,90221,박물관 운영업
KSIC,10,5,90222,사적지 관리 운영업,90222,사적지 관리 운영업
KSIC,10,5,90231,식물원 및 동물원 운영업,90231,식물원 및 동물원 운영업
KSIC,10,5,90232,자연공원 운영업,90232,자연공원 운영업
KSIC,10,5,90290,기타 유사 여가관련 서비스업,90290,"기타 도서관, 사적지 및 유사 여가관련 서비스업"
KSIC,10,5,91111,실내 경기장 운영업,91111,실내 경기장 운영업
KSIC,10,5,91112,실외 경기장 운영업,91112,실외 경기장 운영업
KSIC,10,5,91113,경주장 및 동물 경기장 운영업,91113,경주장 운영업
KSIC,10,5,91121,골프장 운영업,91121,골프장 운영업
KSIC,10,5,91122,스키장 운영업,91122,스키장 운영업
KSIC,10,5,91131,종합 스포츠시설 운영업,91131,종합 스포츠시설 운영업
KSIC,10,5,91132,체력 단련시설 운영업,91132,체력단련시설 운영업
KSIC,10,5,91133,수영장 운영업,91133,수영장 운영업
KSIC,10,5,91134,볼링장 운영업,91134,볼링장 운영업
KSIC,10,5,91135,당구장 운영업,91135,당구장 운영업
KSIC,10,5,91136,골프 연습장 운영업,91136,골프연습장 운영업
KSIC,10,5,91139,그 외 기타 스포츠시설 운영업,91139,그외 기타 스포츠시설 운영업
KSIC,10,5,91191,스포츠 클럽 운영업,91191,스포츠 클럽 운영업
KSIC,10,5,91199,그 외 기타 스포츠 서비스업,91199,그외 기타 스포츠 서비스업
KSIC,10,5,91210,유원지 및 테마파크 운영업,91210,유원지 및 테마파크 운영업
KSIC,10,5,91221,전자 게임장 운영업,91221,전자 게임장 운영업
KSIC,10,5,91222,컴퓨터 게임방 운영업,91222,컴퓨터 게임방 운영업
KSIC,10,5,91223,노래 연습장 운영업,91223,노래연습장 운영업
KSIC,10,5,91229,기타 오락장 운영업,91229,기타 오락장 운영업
KSIC,10,5,91231,낚시장 운영업,91231,낚시장 운영업
KSIC,10,5,91239,기타 수상오락 서비스업,91239,기타 수상오락 서비스업
KSIC,10,5,91241,복권 발행 및 판매업,91241,복권발행 및 판매업
KSIC,10,5,91249,기타 사행시설 관리 및 운영업,91249,기타 갬블링 및 베팅업
KSIC,10,5,91291,무도장 운영업,91291,무도장 운영업
KSIC,10,5,91292,체육 공원 및 유사 공원 운영업,91292,체육공원 및 유사 공원 운영업
KSIC,10,5,91293,기원 운영업,91293,기원 운영업
KSIC,10,5,91299,그 외 기타 분류 안된 오락관련 서비스업,91299,그외 기타 분류안된 오락관련 서비스업
KSIC,10,5,94110,산업 단체,94110,산업 단체
KSIC,10,5,94120,전문가 단체,94120,전문가 단체
KSIC,10,5,94200,노동조합,94200,노동조합
KSIC,10,5,94911,불교 단체,94911,불교 단체
KSIC,10,5,94912,기독교 단체,94912,기독교 단체
KSIC,10,5,94913,천주교 단체,94913,천주교 단체
KSIC,10,5,94914,민족 종교 단체,94914,민족종교 단체
KSIC,10,5,94919,기타 종교 단체,94919,기타 종교 단체
KSIC,10,5,94920,정치 단체,94920,정치 단체
KSIC,10,5,94931,환경운동 단체,94931,환경운동 단체
KSIC,10,5,94939,기타 시민운동 단체,94939,기타 시민운동 단체
KSIC,10,5,94990,그 외 기타 협회 및 단체,94990,그외 기타 협회 및 단체
KSIC,10,5,95110,컴퓨터 및 주변 기기 수리업,95121,컴퓨터 및 사무용 기기 수리업
KSIC,10,5,95120,통신장비 수리업,95122,통신장비 수리업
KSIC,10,5,95120,통신장비 수리업,95310,가전제품 수리업
KSIC,10,5,95211,자동차 종합 수리업,95211,자동차 종합 수리업
KSIC,10,5,95212,자동차 전문 수리업,95212,자동차 전문 수리업
KSIC,10,5,95212,자동차 전문 수리업,95220,모터사이클 수리업
KSIC,10,5,95213,자동차 세차업,95213,자동차 세차업
KSIC,10,5,95220,모터사이클 수리업,95220,모터사이클 수리업
KSIC,10,5,95310,가전제품 수리업,95310,가전제품 수리업
KSIC,10,5,95391,의복 및 기타 가정용 직물제품 수리업,95391,"신발, 의복 및 기타 가정용 직물제품 수리업"
KSIC,10,5,95392,"가죽, 가방 및 신발 수리업",95391,"신발, 의복 및 기타 가정용 직물제품 수리업"
KSIC,10,5,95393,"시계, 귀금속 및 악기 수리업",95392,"시계, 귀금속 및 악기 수리업"
KSIC,10,5,95399,그 외 기타 개인 및 가정용품 수리업,95399,그외 기타 개인 및 가정용품 수리업
KSIC,10,5,96111,이용업,96111,이용업
KSIC,10,5,96112,두발 미용업,96112,두발미용업
KSIC,10,5,96113,피부 미용업,96113,피부미용업
KSIC,10,5,96119,기타 미용업,96119,기타미용업
KSIC,10,5,96121,욕탕업,96121,욕탕업
KSIC,10,5,96122,마사지업,96122,마사지업
KSIC,10,5,96122,마사지업,96129,기타 미용관련 서비스업
KSIC,10,5,96129,체형 등 기타 신체 관리 서비스업,96129,기타 미용관련 서비스업
KSIC,10,5,96911,산업용 세탁업,96911,산업용 세탁업
KSIC,10,5,96912,가정용 세탁업,96912,가정용 세탁업
KSIC,10,5,96913,세탁물 공급업,96913,세탁물 공급업
KSIC,10,5,96921,장례식장 및 장의관련 서비스업,96921,장례식장 및 장의관련 서비스업
KSIC,10,5,96922,"화장터 운영, 묘지 분양 및 관리업",96922,"화장, 묘지분양 및 관리업"
KSIC,10,5,96991,예식장업,96991,예식장업
KSIC,10,5,96992,점술 및 유사 서비스업,96992,점술 및 유사 서비스업
KSIC,10,5,96993,개인 간병 및 유사 서비스업,96993,개인 간병인 및 유사 서비스업
KSIC,10,5,96994,결혼 상담 및 준비 서비스업,96994,맞선주선 및 결혼 상담업
KSIC,10,5,96994,결혼 상담 및 준비 서비스업,96999,그외 기타 달리 분류되지 않은 개인 서비스업
KSIC,10,5,96995,애완 동물 장묘 및 보호 서비스업,96995,애완동물 장묘 및 보호 서비스업
KSIC,10,5,96999,그 외 기타 달리 분류되지 않은 개인 서비스업,96999,그외 기타 달리 분류되지 않은 개인 서비스업
KSIC,10,5,97000,가구 내 고용활동,97000,가구내 고용활동
KSIC,10,5,98100,자가 소비를 위한 가사 생산 활동,98100,자가 소비를 위한 가사 생산 활동
KSIC,10,5,98200,자가 소비를 위한 가사 서비스 활동,98200,자가 소비를 위한 가사 서비스 활동
KSIC,10,5,99001,주한 외국 공관,99001,주한 외국공관
KSIC,10,5,99009,기타 국제 및 외국기관,99009,기타 국제 및 외국기관
KSCO,8,1,1,관리자,1,관리자
KSCO,8,1,2,전문가 및 관련 종사자,2,전문가 및 관련 종사자
KSCO,8,1,2,전문가 및 관련 종사자,3,사무 종사자
KSCO,8,1,3,사무 종사자,2,전문가 및 관련 종사자
KSCO,8,1,3,사무 종사자,3,사무 종사자
KSCO,8,1,4,서비스 종사자,4,서비스 종사자
KSCO,8,1,5,판매 종사자,5,판매 종사자
KSCO,8,1,6,농림어업 숙련 종사자,6,농림·어업 숙련 종사자
KSCO,8,1,7,기능원 및 관련 기능 종사자,7,기능원 및 관련 기능 종사자
KSCO,8,1,8,장치ㆍ기계 조작 및 조립 종사자,8,장치·기계 조작 및 조립 종사자
KSCO,8,1,9,단순 노무 종사자,8,장치·기계 조작 및 조립 종사자
KSCO,8,1,9,단순 노무 종사자,9,단순노무 종사자
KSCO,8,1,A,군인,A,군인
KSCO,8,2,11,의회ㆍ정부 및 기업 고위직,11,공공 기관 및 기업 고위직
KSCO,8,2,12,행정ㆍ경영 지원 및 마케팅 관리직,12,행정·경영 지원 및 마케팅 관리직
KSCO,8,2,13,전문 서비스 관리직,13,전문 서비스 관리직
KSCO,8,2,14,건설ㆍ전기 및 생산 관련 관리직,14,건설·전기 및 생산 관련 관리직
KSCO,8,2,15,판매 및 고객 서비스 관리직,15,판매 및 고객 서비스 관리직
KSCO,8,2,21,과학 전문가 및 관련직,21,과학 전문가 및 관련직
KSCO,8,2,21,과학 전문가 및 관련직,26,법률 및 행정 전문직
KSCO,8,2,22,정보 통신 전문가 및 기술직,22,정보 통신 전문가 및 기술직
KSCO,8,2,22,정보 통신 전문가 및 기술직,26,법률 및 행정 전문직
KSCO,8,2,23,공학 전문가 및 기술직,26,법률 및 행정 전문직
KSCO,8,2,23,공학 전문가 및 기술직,23,공학 전문가 및 기술직
KSCO,8,2,24,보건 전문가 및 관련직,24,보건·사회복지 및 종교 관련직
KSCO,8,2,24,보건 전문가 및 관련직,26,법률 및 행정 전문직
KSCO,8,2,25,사회복지 ㆍ 종교 전문가 및 관련직,24,보건·사회복지 및 종교 관련직
KSCO,8,2,25,사회복지 ㆍ 종교 전문가 및 관련직,26,법률 및 행정 전문직
KSCO,8,2,26,교육 전문가 및 관련직,25,교육 전문가 및 관련직
KSCO,8,2,26,교육 전문가 및 관련직,26,법률 및 행정 전문직
KSCO,8,2,27,법률 및 행정 전문직,26,법률 및 행정 전문직
KSCO,8,2,27,법률 및 행정 전문직,39,상담·안내·통계 및 기타 사무직
KSCO,8,2,28,경영ㆍ금융 전문가 및 관련직,26,법률 및 행정 전문직
KSCO,8,2,28,경영ㆍ금융 전문가 및 관련직,27,경영·금융전문가 및 관련직
KSCO,8,2,29,문화ㆍ예술ㆍ스포츠ㆍ기타 전문가 및 관련직,26,법률 및 행정 전문직
KSCO,8,2,29,문화ㆍ예술ㆍ스포츠ㆍ기타 전문가 및 관련직,28,문화·예술·스포츠 전문가 및 관련직
KSCO,8,2,31,기획ㆍ영업 및 인사 사무직,31,경영 및 회계 관련 사무직
KSCO,8,2,32,자재ㆍ생산 및 운송 사무직,31,경영 및 회계 관련 사무직
KSCO,8,2,33,회계ㆍ경리 및 통계 사무직,31,경영 및 회계 관련 사무직
KSCO,8,2,33,회계ㆍ경리 및 통계 사무직,39,상담·안내·통계 및 기타 사무직
KSCO,8,2,34,금융 사무직,31,경영 및 회계 관련 사무직
KSCO,8,2,34,금융 사무직,32,금융 사무직
KSCO,8,2,35,법률ㆍ감사 및 정부 행정 사무직,31,경영 및 회계 관련 사무직
KSCO,8,2,35,법률ㆍ감사 및 정부 행정 사무직,33,법률 및 감사 사무직
KSCO,8,2,36,상담ㆍ안내 및 접수 사무직,31,경영 및 회계 관련 사무직
KSCO,8,2,36,상담ㆍ안내 및 접수 사무직,39,상담·안내·통계 및 기타 사무직
KSCO,8,2,37,일반 지원 사무직,31,경영 및 회계 관련 사무직
KSCO,8,2,37,일반 지원 사무직,28,문화·예술·스포츠 전문가 및 관련직
KSCO,8,2,37,일반 지원 사무직,39,상담·안내·통계 및 기타 사무직
KSCO,8,2,41,경찰ㆍ소방 및 보안 관련 서비스직,41,경찰·소방 및 보안 관련 서비스직
KSCO,8,2,42,돌봄 및 보건 서비스직,42,돌봄·보건 및 개인 생활 서비스직
KSCO,8,2,43,개인 생활 서비스직,42,돌봄·보건 및 개인 생활 서비스직
KSCO,8,2,44,운송 및 여가 서비스직,43,운송 및 여가 서비스직
KSCO,8,2,45,조리 및 음식 서비스직,44,조리 및 음식 서비스직
KSCO,8,2,51,영업직,51,영업직
KSCO,8,2,51,영업직,53,통신 및 방문·노점 판매 관련직
KSCO,8,2,52,매장 판매 및 상품 대여직,52,매장 판매 및 상품 대여직
KSCO,8,2,53,통신 및 방문ㆍ노점 판매 관련직,53,통신 및 방문·노점 판매 관련직
KSCO,8,2,61,농축산 숙련직,61,농·축산 숙련직
KSCO,8,2,62,임업 숙련직,62,임업 숙련직
KSCO,8,2,63,어업 숙련직,63,어업 숙련직
KSCO,8,2,71,식품 가공 관련 기능직,71,식품가공 관련 기능직
KSCO,8,2,72,섬유ㆍ의복 및 가죽 관련 기능직,72,섬유·의복 및 가죽 관련 기능직
KSCO,8,2,73,목재ㆍ가구ㆍ악기 및 간판 관련 기능직,73,목재·가구·악기 및 간판 관련 기능직
KSCO,8,2,74,금속 성형 관련 기능직,74,금속 성형 관련 기능직
KSCO,8,2,75,운송 및 기계 관련 기능직,75,운송 및 기계 관련 기능직
KSCO,8,2,76,전기 및 전자 관련 기능직,76,전기 및 전자 관련 기능직
KSCO,8,2,77,정보 통신 및 방송장비 관련 기능직,77,정보 통신 및 방송장비 관련 기능직
KSCO,8,2,78,건설 및 채굴 관련 기능직,78,건설 및 채굴 관련 기능직
KSCO,8,2,79,기타 기능 관련직,79,기타 기능 관련직
KSCO,8,2,81,식품가공 관련 기계 조작직,81,식품가공 관련 기계 조작직
KSCO,8,2,82,섬유 및 신발 관련 기계 조작직,82,섬유 및 신발 관련 기계 조작직
KSCO,8,2,83,화학 관련 기계 조작직,83,화학 관련 기계 조작직
KSCO,8,2,84,금속 및 비금속 관련 기계 조작직,84,금속 및 비금속 관련 기계 조작직
KSCO,8,2,85,기계 제조ㆍ관련 기계 조작 및 조립직,85,기계 제조 및 관련 기계 조작직
KSCO,8,2,86,전기ㆍ전자 관련 기계 조작 및 조립직,86,전기 및 전자 관련 기계 조작직
KSCO,8,2,87,운전 및 운송 관련 기계 조작직,87,운전 및 운송 관련직
KSCO,8,2,88,상하수도 및 재활용 처리 관련 기계 조작직,88,상하수도 및 재활용 처리 관련 기계 조작직
KSCO,8,2,89,목재ㆍ인쇄 및 기타 기계 조작직,89,목재·인쇄 및 기타 기계 조작직
KSCO,8,2,91,건설 및 광업 관련 단순 노무직,91,건설 및 광업 관련 단순 노무직
KSCO,8,2,92,운송 관련 단순 노무직,92,운송 관련 단순 노무직
KSCO,8,2,93,제조 관련 단순 노무직,89,목재·인쇄 및 기타 기계 조작직
KSCO,8,2,93,제조 관련 단순 노무직,93,제조 관련 단순 노무직
KSCO,8,2,94,청소 및 건물 관리 단순 노무직,94,청소 및 경비 관련 단순 노무직
KSCO,8,2,95,가사ㆍ음식 및 판매 관련 단순 노무직,95,가사·음식 및 판매 관련 단순 노무직
KSCO,8,2,99,농림어업 및 기타 서비스 단순 노무직,94,청소 및 경비 관련 단순 노무직
KSCO,8,2,99,농림어업 및 기타 서비스 단순 노무직,99,농림·어업 및 기타 서비스 단순 노무직
KSCO,8,2,A0,군인,A0,군인
KSCO,8,3,111,의회 의원ㆍ고위 공무원 및 공공단체 임원,111,의회 의원·고위 공무원 및 공공단체 임원
KSCO,8,3,112,기업 대표 및 기업 고위 임원,111,의회 의원·고위 공무원 및 공공단체 임원
KSCO,8,3,112,기업 대표 및 기업 고위 임원,112,기업 고위 임원
KSCO,8,3,121,행정 및 경영 지원 관리자,121,행정 및 경영 지원 관리자
KSCO,8,3,122,마케팅 및 광고ㆍ홍보 관리자,122,마케팅 및 광고·홍보 관리자
KSCO,8,3,131,연구ㆍ교육 및 법률 관련 관리자,131,연구·교육 및 법률 관련 관리자
KSCO,8,3,132,보험 및 금융 관리자,132,보험 및 금융 관리자
KSCO,8,3,133,보건 및 사회복지 관련 관리자,133,보건 및 사회복지 관련 관리자
KSCO,8,3,134,문화ㆍ예술 관련 관리자,134,문화·예술 관련 관리자
KSCO,8,3,135,정보 통신 관련 관리자,135,정보 통신 관련 관리자
KSCO,8,3,139,기타 전문 서비스 관리자,139,기타 전문 서비스 관리자
KSCO,8,3,141,건설ㆍ전기 및 생산 관련 관리자,141,건설·전기 및 생산 관련 관리자
KSCO,8,3,149,기타 건설ㆍ전기 및 생산 관련 관리자,149,기타 건설·전기 및 생산 관련 관리자
KSCO,8,3,151,판매 및 운송 관리자,151,판매 및 운송 관리자
KSCO,8,3,152,고객 서비스 관리자,152,고객 서비스 관리자
KSCO,8,3,153,환경ㆍ청소 및 경비 관련 관리자,153,환경·청소 및 경비 관련 관리자
KSCO,8,3,159,기타 판매 및 고객 서비스 관리자,159,기타 판매 및 고객 서비스 관리자
KSCO,8,3,211,생명 및 자연과학 관련 전문가,211,생명 및 자연과학 관련 전문가
KSCO,8,3,211,생명 및 자연과학 관련 전문가,262,행정 전문가
KSCO,8,3,212,인문 및 사회과학 전문가,212,인문 및 사회과학 전문가
KSCO,8,3,212,인문 및 사회과학 전문가,262,행정 전문가
KSCO,8,3,213,생명 및 자연과학 관련 시험원,213,생명 및 자연과학 관련 시험원
KSCO,8,3,213,생명 및 자연과학 관련 시험원,262,행정 전문가
KSCO,8,3,221,컴퓨터 하드웨어 및 통신공학 전문가,221,컴퓨터 하드웨어 및 통신공학 전문가
KSCO,8,3,221,컴퓨터 하드웨어 및 통신공학 전문가,262,행정 전문가
KSCO,8,3,222,컴퓨터 시스템 및 소프트웨어 전문가,222,컴퓨터 시스템 및 소프트웨어 전문가
KSCO,8,3,222,컴퓨터 시스템 및 소프트웨어 전문가,262,행정 전문가
KSCO,8,3,223,네트워크 및 정보 보안 전문가,262,행정 전문가
KSCO,8,3,223,네트워크 및 정보 보안 전문가,223,데이터 및 네트워크 관련 전문가
KSCO,8,3,224,데이터 전문가,223,데이터 및 네트워크 관련 전문가
KSCO,8,3,224,데이터 전문가,262,행정 전문가
KSCO,8,3,225,정보 시스템 및 웹 운영자,262,행정 전문가
KSCO,8,3,225,정보 시스템 및 웹 운영자,224,정보 시스템 및 웹 운영자
KSCO,8,3,226,통신 및 방송 송출 장비 기사,262,행정 전문가
KSCO,8,3,226,통신 및 방송 송출 장비 기사,225,통신 및 방송 송출 장비 기사
KSCO,8,3,231,건축ㆍ토목공학 기술자 및 시험원,262,행정 전문가
KSCO,8,3,231,건축ㆍ토목공학 기술자 및 시험원,231,건축·토목 공학 기술자 및 시험원
KSCO,8,3,232,화학공학 기술자 및 시험원,232,화학공학 기술자 및 시험원
KSCO,8,3,232,화학공학 기술자 및 시험원,262,행정 전문가
KSCO,8,3,233,금속ㆍ재료공학 기술자 및 시험원,233,금속·재료 공학 기술자 및 시험원
KSCO,8,3,233,금속ㆍ재료공학 기술자 및 시험원,262,행정 전문가
KSCO,8,3,234,전기ㆍ전자공학 기술자 및 시험원,234,전기·전자공학 기술자 및 시험원
KSCO,8,3,234,전기ㆍ전자공학 기술자 및 시험원,262,행정 전문가
KSCO,8,3,235,기계ㆍ로봇공학 기술자 및 시험원,262,행정 전문가
KSCO,8,3,235,기계ㆍ로봇공학 기술자 및 시험원,235,기계·로봇공학 기술자 및 시험원
KSCO,8,3,236,소방ㆍ방재ㆍ산업안전 기술자 및 시험원,262,행정 전문가
KSCO,8,3,236,소방ㆍ방재ㆍ산업안전 기술자 및 시험원,236,소방·방재 기술자 및 안전 관리원
KSCO,8,3,237,환경공학ㆍ가스ㆍ에너지 기술자 및 시험원,237,환경공학·가스·에너지 기술자 및 시험원
KSCO,8,3,237,환경공학ㆍ가스ㆍ에너지 기술자 및 시험원,262,행정 전문가
KSCO,8,3,238,항공기ㆍ선박 기관사 및 관제사,238,항공기·선박 기관사 및 관제사
KSCO,8,3,238,항공기ㆍ선박 기관사 및 관제사,262,행정 전문가
KSCO,8,3,239,기타 공학 전문가 및 관련 종사자,262,행정 전문가
KSCO,8,3,239,기타 공학 전문가 및 관련 종사자,239,기타 공학 전문가 및 관련 종사자
KSCO,8,3,241,의사·한의사 및 치과의사,262,행정 전문가
KSCO,8,3,241,의사·한의사 및 치과의사,241,의료 진료 전문가
KSCO,8,3,242,수의사,262,행정 전문가
KSCO,8,3,242,수의사,241,의료 진료 전문가
KSCO,8,3,243,약사 및 한약사,242,약사 및 한약사
KSCO,8,3,243,약사 및 한약사,262,행정 전문가
KSCO,8,3,244,간호사,243,간호사
KSCO,8,3,244,간호사,262,행정 전문가
KSCO,8,3,245,영양사,244,영양사
KSCO,8,3,245,영양사,262,행정 전문가
KSCO,8,3,246,치료ㆍ재활사 및 의료기사,262,행정 전문가
KSCO,8,3,246,치료ㆍ재활사 및 의료기사,245,치료·재활사 및 의료기사
KSCO,8,3,249,기타 보건 전문가 및 관련 종사자,243,간호사
KSCO,8,3,249,기타 보건 전문가 및 관련 종사자,241,의료 진료 전문가
KSCO,8,3,249,기타 보건 전문가 및 관련 종사자,246,보건 의료 관련 종사자
KSCO,8,3,249,기타 보건 전문가 및 관련 종사자,262,행정 전문가
KSCO,8,3,249,기타 보건 전문가 및 관련 종사자,242,약사 및 한약사
KSCO,8,3,251,보육교사,247,사회복지 관련 종사자
KSCO,8,3,251,보육교사,262,행정 전문가
KSCO,8,3,252,시민사회 활동가,262,행정 전문가
KSCO,8,3,252,시민사회 활동가,247,사회복지 관련 종사자
KSCO,8,3,253,사회복지 전문가 및 관련 종사자,247,사회복지 관련 종사자
KSCO,8,3,253,사회복지 전문가 및 관련 종사자,262,행정 전문가
KSCO,8,3,254,종교 관련 종사자,248,종교 관련 종사자
KSCO,8,3,254,종교 관련 종사자,262,행정 전문가
KSCO,8,3,261,대학교수 및 강사,251,대학교수 및 강사
KSCO,8,3,261,대학교수 및 강사,262,행정 전문가
KSCO,8,3,262,학교 교사,252,학교 교사
KSCO,8,3,262,학교 교사,262,행정 전문가
KSCO,8,3,263,유치원 교사,253,유치원 교사
KSCO,8,3,263,유치원 교사,262,행정 전문가
KSCO,8,3,264,문리ㆍ기술 및 예능 강사,262,행정 전문가
KSCO,8,3,264,문리ㆍ기술 및 예능 강사,254,문리·기술 및 예능 강사
KSCO,8,3,269,기타 교육 전문가,262,행정 전문가
KSCO,8,3,269,기타 교육 전문가,259,기타 교육 전문가
KSCO,8,3,271,법률 전문가,261,법률 전문가
KSCO,8,3,271,법률 전문가,262,행정 전문가
KSCO,8,3,272,정부 행정 전문가 및 관련 종사자,262,행정 전문가
KSCO,8,3,272,정부 행정 전문가 및 관련 종사자,399,고객 상담 및 기타 사무원
KSCO,8,3,281,인사 및 경영 전문가,271,인사 및 경영 전문가
KSCO,8,3,281,인사 및 경영 전문가,262,행정 전문가
KSCO,8,3,282,금융 및 보험 전문가,262,행정 전문가
KSCO,8,3,282,금융 및 보험 전문가,272,금융 및 보험 전문가
KSCO,8,3,283,상품 기획ㆍ홍보 및 조사 전문가,262,행정 전문가
KSCO,8,3,283,상품 기획ㆍ홍보 및 조사 전문가,273,상품 기획·홍보 및 조사 전문가
KSCO,8,3,284,감정ㆍ기술 영업 및 중개 관련 종사자,262,행정 전문가
KSCO,8,3,284,감정ㆍ기술 영업 및 중개 관련 종사자,274,감정·기술 영업 및 중개 관련 종사자
KSCO,8,3,291,작가 및 언론 관련 전문가,262,행정 전문가
KSCO,8,3,291,작가 및 언론 관련 전문가,281,작가 및 언론 관련 전문가
KSCO,8,3,292,학예사ㆍ사서 및 기록물 관리사,262,행정 전문가
KSCO,8,3,292,학예사ㆍ사서 및 기록물 관리사,282,학예사·사서 및 기록물 관리사
KSCO,8,3,293,연극ㆍ영화 및 영상 전문가,262,행정 전문가
KSCO,8,3,293,연극ㆍ영화 및 영상 전문가,283,연극·영화 및 영상 전문가
KSCO,8,3,294,시각 및 공연 예술가,262,행정 전문가
KSCO,8,3,294,시각 및 공연 예술가,284,시각 및 공연 예술가
KSCO,8,3,295,디자이너,262,행정 전문가
KSCO,8,3,295,디자이너,285,디자이너
KSCO,8,3,296,스포츠 및 레크리에이션 관련 전문가,262,행정 전문가
KSCO,8,3,296,스포츠 및 레크리에이션 관련 전문가,286,스포츠 및 레크리에이션 관련 전문가
KSCO,8,3,297,식문화 관련 전문가,262,행정 전문가
KSCO,8,3,297,식문화 관련 전문가,287,식문화 관련 전문가
KSCO,8,3,298,문화ㆍ예술 관련 기획자,288,문화·예술 관련 기획자 및 매니저
KSCO,8,3,298,문화ㆍ예술 관련 기획자,262,행정 전문가
KSCO,8,3,311,기획 및 마케팅 사무원,312,경영 관련 사무원
KSCO,8,3,311,기획 및 마케팅 사무원,311,행정 사무원
KSCO,8,3,312,인사 및 교육ㆍ훈련 사무원,311,행정 사무원
KSCO,8,3,312,인사 및 교육ㆍ훈련 사무원,312,경영 관련 사무원
KSCO,8,3,321,자재 및 생산관리 사무원,311,행정 사무원
KSCO,8,3,321,자재 및 생산관리 사무원,312,경영 관련 사무원
KSCO,8,3,322,운송 및 무역 사무원,311,행정 사무원
KSCO,8,3,322,운송 및 무역 사무원,312,경영 관련 사무원
KSCO,8,3,331,회계 및 경리 사무원,313,회계 및 경리 사무원
KSCO,8,3,331,회계 및 경리 사무원,311,행정 사무원
KSCO,8,3,332,통계ㆍ데이터 관련 사무원,311,행정 사무원
KSCO,8,3,332,통계ㆍ데이터 관련 사무원,391,통계 관련 사무원
KSCO,8,3,340,금융 사무 종사자,320,금융 사무 종사자
KSCO,8,3,340,금융 사무 종사자,311,행정 사무원
KSCO,8,3,351,법률 및 감사 사무 종사자,311,행정 사무원
KSCO,8,3,351,법률 및 감사 사무 종사자,330,법률 및 감사 사무 종사자
KSCO,8,3,352,정부 행정 사무 종사자,311,행정 사무원
KSCO,8,3,361,여행ㆍ안내 및 접수 사무원,311,행정 사무원
KSCO,8,3,361,여행ㆍ안내 및 접수 사무원,392,여행·안내 및 접수 사무원
KSCO,8,3,362,고객 상담 및 모니터 요원,311,행정 사무원
KSCO,8,3,362,고객 상담 및 모니터 요원,399,고객 상담 및 기타 사무원
KSCO,8,3,371,총무 사무원 및 대학 행정조교,312,경영 관련 사무원
KSCO,8,3,371,총무 사무원 및 대학 행정조교,311,행정 사무원
KSCO,8,3,372,비서 및 사무 지원 종사자,311,행정 사무원
KSCO,8,3,372,비서 및 사무 지원 종사자,288,문화·예술 관련 기획자 및 매니저
KSCO,8,3,372,비서 및 사무 지원 종사자,399,고객 상담 및 기타 사무원
KSCO,8,3,372,비서 및 사무 지원 종사자,314,비서 및 사무 보조원
KSCO,8,3,411,경찰ㆍ소방 및 교도 관련 종사자,411,경찰·소방 및 교도 관련 종사자
KSCO,8,3,412,경호 및 보안 관련 종사자,412,경호 및 보안 관련 종사자
KSCO,8,3,421,교사 보조 및 아동 돌봄 종사자,421,돌봄 및 보건 서비스 종사자
KSCO,8,3,422,요양보호사 및 간병인,421,돌봄 및 보건 서비스 종사자
KSCO,8,3,423,노인 및 장애인 돌봄 종사자,421,돌봄 및 보건 서비스 종사자
KSCO,8,3,429,기타 돌봄 및 보건 서비스 종사자,421,돌봄 및 보건 서비스 종사자
KSCO,8,3,431,미용 관련 서비스 종사자,422,미용 관련 서비스 종사자
KSCO,8,3,432,혼례 및 장례 종사자,423,혼례 및 장례 종사자
KSCO,8,3,433,동물 관련 서비스 종사자,423,혼례 및 장례 종사자
KSCO,8,3,433,동물 관련 서비스 종사자,429,기타 돌봄·보건 및 개인 생활 서비스 종사자
KSCO,8,3,439,기타 개인 생활 서비스 종사자,429,기타 돌봄·보건 및 개인 생활 서비스 종사자
KSCO,8,3,441,운송 서비스 종사자,431,운송 서비스 종사자
KSCO,8,3,442,여가 서비스 종사자,432,여가 서비스 종사자
KSCO,8,3,451,조리사,441,조리사
KSCO,8,3,452,음료 조리 종사자,441,조리사
KSCO,8,3,452,음료 조리 종사자,442,식음료 서비스 종사자
KSCO,8,3,453,식음료 서비스 종사자,442,식음료 서비스 종사자
KSCO,8,3,510,영업 종사자,510,영업 종사자
KSCO,8,3,510,영업 종사자,532,방문 및 노점 판매 관련직
KSCO,8,3,521,매장 판매 종사자,521,매장 판매 종사자
KSCO,8,3,522,상품 대여 종사자,522,상품 대여 종사자
KSCO,8,3,531,통신 관련 판매 종사자,531,통신 관련 판매직
KSCO,8,3,532,방문 및 노점 판매 종사자,532,방문 및 노점 판매 관련직
KSCO,8,3,611,작물 재배 종사자,611,작물 재배 종사자
KSCO,8,3,612,원예 및 조경 종사자,612,원예 및 조경 종사자
KSCO,8,3,613,축산 및 사육 관련 종사자,613,축산 및 사육 관련 종사자
KSCO,8,3,620,임업 관련 종사자,620,임업 관련 종사자
KSCO,8,3,630,어업 관련 종사자,630,어업 관련 종사자
KSCO,8,3,710,식품 가공 관련 기능 종사자,710,식품가공 관련 기능 종사자
KSCO,8,3,721,섬유 및 가죽 관련 기능 종사자,721,섬유 및 가죽 관련 기능 종사자
KSCO,8,3,722,의복 제조 관련 기능 종사자,722,의복 제조 관련 기능 종사자
KSCO,8,3,730,목재ㆍ가구ㆍ악기 및 간판 관련 기능 종사자,730,목재·가구·악기 및 간판 관련 기능 종사자
KSCO,8,3,740,금속 성형 관련 기능 종사자,741,금형·주조 및 단조원
KSCO,8,3,740,금속 성형 관련 기능 종사자,743,용접원
KSCO,8,3,740,금속 성형 관련 기능 종사자,742,제관원 및 판금원
KSCO,8,3,751,자동차 정비원,751,자동차 정비원
KSCO,8,3,752,운송장비 정비원,752,운송장비 정비원
KSCO,8,3,753,기계장비 설치 및 정비원,753,기계장비 설치 및 정비원
KSCO,8,3,761,전기ㆍ전자기기 설치 및 수리원,761,전기·전자기기 설치 및 수리원
KSCO,8,3,762,전기공,762,전기공
KSCO,8,3,771,정보 통신기기 설치 및 수리원,771,정보 통신기기 설치 및 수리원
KSCO,8,3,772,방송ㆍ통신장비 관련 설치 및 수리원,772,방송·통신장비 관련 설치 및 수리원
KSCO,8,3,781,건설 구조 관련 기능 종사자,781,건설구조 관련 기능 종사자
KSCO,8,3,782,건설 관련 기능 종사자,782,건설 관련 기능 종사자
KSCO,8,3,783,건축 마감 관련 기능 종사자,783,건축 마감 관련 기능 종사자
KSCO,8,3,784,채굴 및 토목 관련 기능 종사자,784,채굴 및 토목 관련 기능 종사자
KSCO,8,3,791,공예 및 귀금속 세공원,791,공예 및 귀금속 세공원
KSCO,8,3,792,배관공,792,배관공
KSCO,8,3,799,기타 기능 관련 종사자,799,기타 기능 관련 종사자
KSCO,8,3,811,식품가공 관련 기계 조작원,811,식품가공 관련 기계 조작원
KSCO,8,3,812,음료 제조 관련 기계 조작원,812,음료 제조 관련 기계 조작원
KSCO,8,3,819,기타 식품가공 관련 기계 조작원,819,기타 식품가공 관련 기계 조작원
KSCO,8,3,821,섬유 제조 및 가공 기계 조작원,821,섬유 제조 및 가공기계 조작원
KSCO,8,3,822,직물ㆍ신발 관련 기계 조작원,822,직물·신발 관련 기계 조작원 및 조립원
KSCO,8,3,823,세탁 기계 조작원,823,세탁 관련 기계 조작원
KSCO,8,3,831,석유 및 화학물 가공 장치 조작원,831,석유 및 화학물 가공 장치 조작원
KSCO,8,3,832,화학ㆍ고무 및 플라스틱 제품 생산기 조작원,832,화학·고무 및 플라스틱 제품 생산기 조작원
KSCO,8,3,841,주조 및 금속가공 관련 기계 조작원,841,주조 및 금속가공 관련 기계 조작원
KSCO,8,3,842,도장 및 도금기 조작원,842,도장 및 도금기 조작원
KSCO,8,3,843,비금속제품 생산기 조작원,843,비금속제품 생산기 조작원
KSCO,8,3,851,금속 공작 기계 조작원,851,금속 공작 기계 조작원
KSCO,8,3,852,냉난방 관련 설비 조작원,852,냉난방 관련 설비 조작원
KSCO,8,3,853,자동 조립라인 및 산업용로봇 조작원,853,자동 조립라인 및 산업용로봇 조작원
KSCO,8,3,854,운송차량 조립원,854,운송차량 및 기계 관련 조립원
KSCO,8,3,855,기계 및 기계 부품 조립원,854,운송차량 및 기계 관련 조립원
KSCO,8,3,855,기계 및 기계 부품 조립원,855,금속기계 부품 조립원
KSCO,8,3,861,발전 및 배전 장치 조작원,861,발전 및 배전장치 조작원
KSCO,8,3,862,전기 및 전자설비 조작원,862,전기 및 전자설비 조작원
KSCO,8,3,863,전기ㆍ전자 부품 및 제품 제조 장치 조작원,863,전기·전자 부품 및 제품 제조 장치 조작원
KSCO,8,3,864,전기ㆍ전자 부품 및 제품 조립원,864,전기·전자 부품 및 제품 조립원
KSCO,8,3,871,철도ㆍ전동차 기관사 및 관련 종사자,871,철도 및 전동차 기관사
KSCO,8,3,871,철도ㆍ전동차 기관사 및 관련 종사자,872,철도운송 관련 종사자
KSCO,8,3,872,자동차 운전원,873,자동차 운전원
KSCO,8,3,873,물품 이동 장비 조작원,874,물품 이동 장비 조작원
KSCO,8,3,874,건설 및 채굴기계 운전원,875,건설 및 채굴기계 운전원
KSCO,8,3,875,선박 승무원 및 관련 종사자,876,선박 승무원 및 관련 종사자
KSCO,8,3,881,상하수도 처리 장치 조작원,881,상하수도 처리 장치 조작원
KSCO,8,3,882,재활용 처리 및 소각로 조작원,882,재활용 처리 및 소각로 조작원
KSCO,8,3,891,목재 및 종이 관련 기계 조작원,891,목재 및 종이 관련 기계 조작원
KSCO,8,3,892,인쇄 및 사진 현상 관련 기계 조작원,892,인쇄 및 사진 현상 관련 기계 조작원
KSCO,8,3,899,기타 기계 조작원,899,기타 기계 조작원
KSCO,8,3,910,건설 및 광업 단순 종사자,910,건설 및 광업 단순 종사자
KSCO,8,3,921,하역ㆍ적재 및 분류 단순 종사자,921,하역 및 적재 단순 종사자
KSCO,8,3,922,배달원,922,배달원
KSCO,8,3,930,제조 관련 단순 종사자,891,목재 및 종이 관련 기계 조작원
KSCO,8,3,930,제조 관련 단순 종사자,930,제조 관련 단순 종사자
KSCO,8,3,941,청소 관련 종사자,941,청소원 및 환경미화원
KSCO,8,3,942,건물 관리원,942,건물 관리원 및 검표원
KSCO,8,3,951,가사 및 육아 도우미,951,가사 및 육아 도우미
KSCO,8,3,952,음식 관련 단순 종사자,952,음식 관련 단순 종사자
KSCO,8,3,953,판매 관련 단순 종사자,953,판매 관련 단순 종사자
KSCO,8,3,991,농림어업 관련 단순 종사자,991,농림·어업 관련 단순 종사자
KSCO,8,3,992,계기ㆍ자판기 및 주차 관리 종사자,992,계기·자판기 및 주차 관리 종사자
KSCO,8,3,999,기타 서비스 관련 단순 종사자,942,건물 관리원 및 검표원
KSCO,8,3,999,기타 서비스 관련 단순 종사자,999,기타 서비스 관련 단순 종사자
KSCO,8,3,A01,장교,A01,장교
KSCO,8,3,A02,준사관,A01,장교
KSCO,8,3,A03,부사관,A02,부사관
KSCO,8,3,A09,기타 군인,A09,기타 군인
KSCO,8,4,1111,의회 의원,1110,의회 의원·고위 공무원 및 공공단체 임원
KSCO,8,4,1112,고위 공무원 및 정당ㆍ특수 단체 임원,1110,의회 의원·고위 공무원 및 공공단체 임원
KSCO,8,4,1120,기업 대표 및 기업 고위 임원,1110,의회 의원·고위 공무원 및 공공단체 임원
KSCO,8,4,1120,기업 대표 및 기업 고위 임원,1120,기업 고위 임원
KSCO,8,4,1211,정부 행정 관리자,1211,정부행정 관리자
KSCO,8,4,1212,경영 지원 관리자,1212,경영 지원 관리자
KSCO,8,4,1220,마케팅 및 광고ㆍ홍보 관리자,1220,마케팅 및 광고·홍보 관리자
KSCO,8,4,1311,연구 관리자,1311,연구 관리자
KSCO,8,4,1312,교육 관리자,1312,교육 관리자
KSCO,8,4,1313,법률ㆍ경찰ㆍ소방 및 교도 관리자,1313,법률·경찰·소방 및 교도 관리자
KSCO,8,4,1320,보험 및 금융 관리자,1320,보험 및 금융 관리자
KSCO,8,4,1331,보건 의료 관련 관리자,1331,보건 의료 관련 관리자
KSCO,8,4,1332,사회복지 관련 관리자,1332,사회복지 관련 관리자
KSCO,8,4,1340,문화ㆍ예술 관련 관리자,1340,문화·예술 관련 관리자
KSCO,8,4,1350,정보 통신 관련 관리자,1350,정보 통신 관련 관리자
KSCO,8,4,1390,기타 전문 서비스 관리자,1390,기타 전문 서비스 관리자
KSCO,8,4,1411,건설 및 광업 관련 관리자,1411,건설 및 광업 관련 관리자
KSCO,8,4,1412,전기ㆍ가스 및 수도 관련 관리자,1412,전기·가스 및 수도 관련 관리자
KSCO,8,4,1413,제품 생산 관련 관리자,1413,제품 생산 관련 관리자
KSCO,8,4,1490,기타 건설ㆍ전기 및 생산 관련 관리자,1490,기타 건설·전기 및 생산 관련 관리자
KSCO,8,4,1511,영업 및 판매 관련 관리자,1511,영업 및 판매 관련 관리자
KSCO,8,4,1512,운송 관련 관리자,1512,운송 관련 관리자
KSCO,8,4,1521,숙박ㆍ여행ㆍ오락 및 스포츠 관련 관리자,1521,숙박·여행·오락 및 스포츠 관련 관리자
KSCO,8,4,1522,음식 서비스 관련 관리자,1522,음식 서비스 관련 관리자
KSCO,8,4,1530,환경ㆍ청소 및 경비 관련 관리자,1530,환경·청소 및 경비 관련 관리자
KSCO,8,4,1590,기타 판매 및 고객 서비스 관리자,1590,기타 판매 및 고객 서비스 관리자
KSCO,8,4,2111,생명과학 연구원,2111,생명과학 연구원
KSCO,8,4,2111,생명과학 연구원,2620,정부 및 공공 행정 전문가
KSCO,8,4,2112,자연과학 연구원,2620,정부 및 공공 행정 전문가
KSCO,8,4,2112,자연과학 연구원,2112,자연과학 연구원
KSCO,8,4,2121,인문과학 연구원,2121,인문과학 연구원
KSCO,8,4,2121,인문과학 연구원,2620,정부 및 공공 행정 전문가
KSCO,8,4,2122,사회과학 연구원,2122,사회과학 연구원
KSCO,8,4,2122,사회과학 연구원,2620,정부 및 공공 행정 전문가
KSCO,8,4,2131,생명과학 시험원,2620,정부 및 공공 행정 전문가
KSCO,8,4,2131,생명과학 시험원,2131,생명과학 시험원
KSCO,8,4,2132,농림어업 관련 시험원,2620,정부 및 공공 행정 전문가
KSCO,8,4,2132,농림어업 관련 시험원,2132,농림·어업 관련 시험원
KSCO,8,4,2133,자연과학 시험원,2620,정부 및 공공 행정 전문가
KSCO,8,4,2133,자연과학 시험원,2133,자연과학 시험원
KSCO,8,4,2211,컴퓨터 하드웨어 기술자 및 연구원,2211,컴퓨터 하드웨어 기술자 및 연구원
KSCO,8,4,2211,컴퓨터 하드웨어 기술자 및 연구원,2620,정부 및 공공 행정 전문가
KSCO,8,4,2212,통신공학 기술자 및 연구원,2212,통신공학 기술자 및 연구원
KSCO,8,4,2212,통신공학 기술자 및 연구원,2620,정부 및 공공 행정 전문가
KSCO,8,4,2221,컴퓨터 시스템 전문가,2221,컴퓨터 시스템 전문가
KSCO,8,4,2221,컴퓨터 시스템 전문가,2620,정부 및 공공 행정 전문가
KSCO,8,4,2222,시스템 소프트웨어 개발자,2222,시스템 소프트웨어 개발자
KSCO,8,4,2222,시스템 소프트웨어 개발자,2620,정부 및 공공 행정 전문가
KSCO,8,4,2223,응용 소프트웨어 개발자,2223,응용 소프트웨어 개발자
KSCO,8,4,2223,응용 소프트웨어 개발자,2620,정부 및 공공 행정 전문가
KSCO,8,4,2224,웹 개발자,2224,웹 개발자
KSCO,8,4,2224,웹 개발자,2620,정부 및 공공 행정 전문가
KSCO,8,4,2229,기타 컴퓨터 시스템 및 소프트웨어 전문가,2620,정부 및 공공 행정 전문가
KSCO,8,4,2229,기타 컴퓨터 시스템 및 소프트웨어 전문가,2229,기타 컴퓨터 시스템 및 소프트웨어 전문가
KSCO,8,4,2231,네트워크 시스템 개발자,2232,네트워크 시스템 개발자
KSCO,8,4,2231,네트워크 시스템 개발자,2620,정부 및 공공 행정 전문가
KSCO,8,4,2232,정보 보안 전문가,2233,정보 보안 전문가
KSCO,8,4,2232,정보 보안 전문가,2620,정부 및 공공 행정 전문가
KSCO,8,4,2239,기타 네트워크 및 정보 보안 전문가,2239,기타 데이터 및 네트워크 관련 전문가
KSCO,8,4,2239,기타 네트워크 및 정보 보안 전문가,2620,정부 및 공공 행정 전문가
KSCO,8,4,2241,데이터 시스템 전문가,2620,정부 및 공공 행정 전문가
KSCO,8,4,2241,데이터 시스템 전문가,2231,데이터 전문가
KSCO,8,4,2242,데이터 분석가,2231,데이터 전문가
KSCO,8,4,2242,데이터 분석가,2620,정부 및 공공 행정 전문가
KSCO,8,4,2251,정보 시스템 운영자,2620,정부 및 공공 행정 전문가
KSCO,8,4,2251,정보 시스템 운영자,2241,정보 시스템 운영자
KSCO,8,4,2252,웹 운영자,2620,정부 및 공공 행정 전문가
KSCO,8,4,2252,웹 운영자,2242,웹 운영자
KSCO,8,4,2260,통신 및 방송 송출 장비 기사,2250,통신 및 방송 송출 장비 기사
KSCO,8,4,2260,통신 및 방송 송출 장비 기사,2620,정부 및 공공 행정 전문가
KSCO,8,4,2311,건축가,2620,정부 및 공공 행정 전문가
KSCO,8,4,2311,건축가,2311,건축가
KSCO,8,4,2312,건축공학 기술자,2620,정부 및 공공 행정 전문가
KSCO,8,4,2312,건축공학 기술자,2312,건축공학 기술자
KSCO,8,4,2313,토목공학 기술자,2620,정부 및 공공 행정 전문가
KSCO,8,4,2313,토목공학 기술자,2313,토목공학 기술자
KSCO,8,4,2314,조경 기술자,2620,정부 및 공공 행정 전문가
KSCO,8,4,2314,조경 기술자,2314,조경 기술자
KSCO,8,4,2315,도시 및 교통 관련 전문가,2620,정부 및 공공 행정 전문가
KSCO,8,4,2315,도시 및 교통 관련 전문가,2315,도시 및 교통 관련 전문가
KSCO,8,4,2316,측량 및 공간정보 전문가,2620,정부 및 공공 행정 전문가
KSCO,8,4,2316,측량 및 공간정보 전문가,2316,측량 및 지리 정보 전문가
KSCO,8,4,2317,건설자재 시험원,2317,건설자재 시험원
KSCO,8,4,2317,건설자재 시험원,2620,정부 및 공공 행정 전문가
KSCO,8,4,2321,화학공학 기술자 및 연구원,2321,화학공학 기술자 및 연구원
KSCO,8,4,2321,화학공학 기술자 및 연구원,2620,정부 및 공공 행정 전문가
KSCO,8,4,2322,화학공학 시험원,2322,화학공학 시험원
KSCO,8,4,2322,화학공학 시험원,2620,정부 및 공공 행정 전문가
KSCO,8,4,2331,금속ㆍ재료공학 연구원 및 기술자,2620,정부 및 공공 행정 전문가
KSCO,8,4,2331,금속ㆍ재료공학 연구원 및 기술자,2331,금속·재료 공학 연구원 및 기술자
KSCO,8,4,2332,금속 및 재료공학 시험원,2332,금속 및 재료 공학 시험원
KSCO,8,4,2332,금속 및 재료공학 시험원,2620,정부 및 공공 행정 전문가
KSCO,8,4,2341,전기공학 기술자 및 연구원,2341,전기공학 기술자 및 연구원
KSCO,8,4,2341,전기공학 기술자 및 연구원,2620,정부 및 공공 행정 전문가
KSCO,8,4,2342,반도체공학 기술자 및 연구원,2620,정부 및 공공 행정 전문가
KSCO,8,4,2342,반도체공학 기술자 및 연구원,2342,전자공학 기술자 및 연구원
KSCO,8,4,2343,전자공학 기술자 및 연구원,2342,전자공학 기술자 및 연구원
KSCO,8,4,2343,전자공학 기술자 및 연구원,2620,정부 및 공공 행정 전문가
KSCO,8,4,2344,전기 및 전자공학 시험원,2620,정부 및 공공 행정 전문가
KSCO,8,4,2344,전기 및 전자공학 시험원,2343,전기 및 전자공학 시험원
KSCO,8,4,2351,기계공학 기술자 및 연구원,2351,기계공학 기술자 및 연구원
KSCO,8,4,2351,기계공학 기술자 및 연구원,2620,정부 및 공공 행정 전문가
KSCO,8,4,2352,로봇공학 기술자 및 연구원,2620,정부 및 공공 행정 전문가
KSCO,8,4,2352,로봇공학 기술자 및 연구원,2352,로봇공학 기술자 및 연구원
KSCO,8,4,2353,기계 및 로봇공학 시험원,2353,기계 및 로봇공학 시험원
KSCO,8,4,2353,기계 및 로봇공학 시험원,2620,정부 및 공공 행정 전문가
KSCO,8,4,2361,방재 기술자 및 연구원,2361,방재 기술자 및 연구원
KSCO,8,4,2361,방재 기술자 및 연구원,2620,정부 및 공공 행정 전문가
KSCO,8,4,2362,소방공학 기술자 및 연구원,2362,소방공학 기술자 및 연구원
KSCO,8,4,2362,소방공학 기술자 및 연구원,2620,정부 및 공공 행정 전문가
KSCO,8,4,2363,산업안전 및 산업위험 관리 기술자 ,2364,산업 안전 및 위험 관리원
KSCO,8,4,2363,산업안전 및 산업위험 관리 기술자 ,2620,정부 및 공공 행정 전문가
KSCO,8,4,2364,산업보건 및 산업환경 관리 기술자,2365,보건 위생 및 환경 검사원
KSCO,8,4,2364,산업보건 및 산업환경 관리 기술자,2620,정부 및 공공 행정 전문가
KSCO,8,4,2365,소방ㆍ방재 및 산업안전 시험원,2366,비파괴 검사원
KSCO,8,4,2365,소방ㆍ방재 및 산업안전 시험원,2364,산업 안전 및 위험 관리원
KSCO,8,4,2365,소방ㆍ방재 및 산업안전 시험원,2363,소방공학 시험원
KSCO,8,4,2365,소방ㆍ방재 및 산업안전 시험원,2620,정부 및 공공 행정 전문가
KSCO,8,4,2371,환경공학 기술자 및 연구원,2371,환경공학 기술자 및 연구원
KSCO,8,4,2371,환경공학 기술자 및 연구원,2620,정부 및 공공 행정 전문가
KSCO,8,4,2372,신재생에너지 기술자 및 연구원,2620,정부 및 공공 행정 전문가
KSCO,8,4,2372,신재생에너지 기술자 및 연구원,2372,가스·에너지 기술자 및 연구원
KSCO,8,4,2373,가스ㆍ에너지 기술자 및 연구원,2372,가스·에너지 기술자 및 연구원
KSCO,8,4,2373,가스ㆍ에너지 기술자 및 연구원,2620,정부 및 공공 행정 전문가
KSCO,8,4,2374,환경공학 시험원,2620,정부 및 공공 행정 전문가
KSCO,8,4,2374,환경공학 시험원,2373,환경공학 시험원
KSCO,8,4,2375,신재생에너지 시험원,2374,가스 및 에너지 시험원
KSCO,8,4,2375,신재생에너지 시험원,2620,정부 및 공공 행정 전문가
KSCO,8,4,2376,가스 및 에너지 시험원,2620,정부 및 공공 행정 전문가
KSCO,8,4,2376,가스 및 에너지 시험원,2374,가스 및 에너지 시험원
KSCO,8,4,2381,항공기 조종사,2620,정부 및 공공 행정 전문가
KSCO,8,4,2381,항공기 조종사,2381,항공기 조종사
KSCO,8,4,2382,선장 및 항해사ㆍ도선사,2382,선장·항해사 및 도선사
KSCO,8,4,2382,선장 및 항해사ㆍ도선사,2620,정부 및 공공 행정 전문가
KSCO,8,4,2383,관제사,2620,정부 및 공공 행정 전문가
KSCO,8,4,2383,관제사,2383,관제사
KSCO,8,4,2391,식품공학 기술자 및 연구원,2391,식품공학 기술자 및 연구원
KSCO,8,4,2391,식품공학 기술자 및 연구원,2620,정부 및 공공 행정 전문가
KSCO,8,4,2392,섬유공학 기술자 및 연구원,2392,섬유공학 기술자 및 연구원
KSCO,8,4,2392,섬유공학 기술자 및 연구원,2620,정부 및 공공 행정 전문가
KSCO,8,4,2393,식품공학 시험원,2393,식품공학 시험원
KSCO,8,4,2393,식품공학 시험원,2620,정부 및 공공 행정 전문가
KSCO,8,4,2394,섬유공학 시험원,2620,정부 및 공공 행정 전문가
KSCO,8,4,2394,섬유공학 시험원,2394,섬유공학 시험원
KSCO,8,4,2395,제도사,2395,제도사
KSCO,8,4,2395,제도사,2620,정부 및 공공 행정 전문가
KSCO,8,4,2399,기타 공학 관련 기술자 및 시험원,2399,기타 공학 관련 기술자 및 시험원
KSCO,8,4,2399,기타 공학 관련 기술자 및 시험원,2620,정부 및 공공 행정 전문가
KSCO,8,4,2411,전문 의사,2620,정부 및 공공 행정 전문가
KSCO,8,4,2411,전문 의사,2411,전문 의사
KSCO,8,4,2412,일반 의사,2412,일반 의사
KSCO,8,4,2412,일반 의사,2620,정부 및 공공 행정 전문가
KSCO,8,4,2413,한의사,2620,정부 및 공공 행정 전문가
KSCO,8,4,2413,한의사,2413,한의사
KSCO,8,4,2414,치과의사,2620,정부 및 공공 행정 전문가
KSCO,8,4,2414,치과의사,2414,치과 의사
KSCO,8,4,2420,수의사,2620,정부 및 공공 행정 전문가
KSCO,8,4,2420,수의사,2415,수의사
KSCO,8,4,2431,약사,2620,정부 및 공공 행정 전문가
KSCO,8,4,2431,약사,2420,약사 및 한약사
KSCO,8,4,2432,한약사,2420,약사 및 한약사
KSCO,8,4,2432,한약사,2620,정부 및 공공 행정 전문가
KSCO,8,4,2440,간호사,2430,간호사
KSCO,8,4,2440,간호사,2620,정부 및 공공 행정 전문가
KSCO,8,4,2450,영양사,2440,영양사
KSCO,8,4,2450,영양사,2620,정부 및 공공 행정 전문가
KSCO,8,4,2461,임상병리사,2620,정부 및 공공 행정 전문가
KSCO,8,4,2461,임상병리사,2451,임상병리사
KSCO,8,4,2462,방사선사,2452,방사선사
KSCO,8,4,2462,방사선사,2620,정부 및 공공 행정 전문가
KSCO,8,4,2463,치과기공사,2453,치과기공사
KSCO,8,4,2463,치과기공사,2620,정부 및 공공 행정 전문가
KSCO,8,4,2464,치과위생사,2620,정부 및 공공 행정 전문가
KSCO,8,4,2464,치과위생사,2454,치과위생사
KSCO,8,4,2465,재활공학 기사,2455,재활공학 기사
KSCO,8,4,2465,재활공학 기사,2620,정부 및 공공 행정 전문가
KSCO,8,4,2466,물리 및 작업 치료사,2456,물리 및 작업 치료사
KSCO,8,4,2466,물리 및 작업 치료사,2620,정부 및 공공 행정 전문가
KSCO,8,4,2467,임상심리사,2457,임상심리사
KSCO,8,4,2467,임상심리사,2620,정부 및 공공 행정 전문가
KSCO,8,4,2468,언어 및 청각능력 재활사,2620,정부 및 공공 행정 전문가
KSCO,8,4,2468,언어 및 청각능력 재활사,2459,기타 치료·재활사 및 의료기사
KSCO,8,4,2469,기타 치료ㆍ재활사 및 의료기사,2620,정부 및 공공 행정 전문가
KSCO,8,4,2469,기타 치료ㆍ재활사 및 의료기사,2459,기타 치료·재활사 및 의료기사
KSCO,8,4,2491,응급 구조사,2620,정부 및 공공 행정 전문가
KSCO,8,4,2491,응급 구조사,2461,응급 구조사
KSCO,8,4,2492,위생사,2620,정부 및 공공 행정 전문가
KSCO,8,4,2492,위생사,2462,위생사
KSCO,8,4,2493,안경사,2620,정부 및 공공 행정 전문가
KSCO,8,4,2493,안경사,2463,안경사
KSCO,8,4,2494,보건의료정보 관리사,2464,의무 기록사
KSCO,8,4,2494,보건의료정보 관리사,2620,정부 및 공공 행정 전문가
KSCO,8,4,2495,간호조무사,2620,정부 및 공공 행정 전문가
KSCO,8,4,2495,간호조무사,2465,간호조무사
KSCO,8,4,2496,안마사,2466,안마사
KSCO,8,4,2496,안마사,2620,정부 및 공공 행정 전문가
KSCO,8,4,2497,환자안전 관리사,2420,약사 및 한약사
KSCO,8,4,2497,환자안전 관리사,2414,치과 의사
KSCO,8,4,2497,환자안전 관리사,2413,한의사
KSCO,8,4,2497,환자안전 관리사,2412,일반 의사
KSCO,8,4,2497,환자안전 관리사,2411,전문 의사
KSCO,8,4,2497,환자안전 관리사,2620,정부 및 공공 행정 전문가
KSCO,8,4,2497,환자안전 관리사,2430,간호사
KSCO,8,4,2510,보육교사,2620,정부 및 공공 행정 전문가
KSCO,8,4,2510,보육교사,2472,보육교사
KSCO,8,4,2520,시민사회 활동가,2620,정부 및 공공 행정 전문가
KSCO,8,4,2520,시민사회 활동가,2476,시민 단체 활동가
KSCO,8,4,2531,사회복지사,2471,사회복지사
KSCO,8,4,2531,사회복지사,2620,정부 및 공공 행정 전문가
KSCO,8,4,2532,직업 관련 상담사,2473,직업상담사
KSCO,8,4,2532,직업 관련 상담사,2471,사회복지사
KSCO,8,4,2532,직업 관련 상담사,2620,정부 및 공공 행정 전문가
KSCO,8,4,2533,상담 전문가,2620,정부 및 공공 행정 전문가
KSCO,8,4,2533,상담 전문가,2474,상담 전문가
KSCO,8,4,2534,청소년 지도사,2475,청소년 지도사
KSCO,8,4,2534,청소년 지도사,2620,정부 및 공공 행정 전문가
KSCO,8,4,2539,기타 사회복지 전문가 및 관련 종사원,2620,정부 및 공공 행정 전문가
KSCO,8,4,2539,기타 사회복지 전문가 및 관련 종사원,2479,기타 사회복지 관련 종사원
KSCO,8,4,2541,성직자,2620,정부 및 공공 행정 전문가
KSCO,8,4,2541,성직자,2481,성직자
KSCO,8,4,2549,기타 종교 관련 종사원,2489,기타 종교 관련 종사원
KSCO,8,4,2549,기타 종교 관련 종사원,2620,정부 및 공공 행정 전문가
KSCO,8,4,2611,대학교수,2511,대학교수
KSCO,8,4,2611,대학교수,2620,정부 및 공공 행정 전문가
KSCO,8,4,2612,대학 강사,2512,대학 시간강사
KSCO,8,4,2612,대학 강사,2620,정부 및 공공 행정 전문가
KSCO,8,4,2621,중ㆍ고등학교 교사,2521,중·고등학교 교사
KSCO,8,4,2621,중ㆍ고등학교 교사,2620,정부 및 공공 행정 전문가
KSCO,8,4,2622,초등학교 교사,2522,초등학교 교사
KSCO,8,4,2622,초등학교 교사,2620,정부 및 공공 행정 전문가
KSCO,8,4,2623,특수교육 교사,2620,정부 및 공공 행정 전문가
KSCO,8,4,2623,특수교육 교사,2523,특수교육 교사
KSCO,8,4,2630,유치원 교사,2620,정부 및 공공 행정 전문가
KSCO,8,4,2630,유치원 교사,2530,유치원 교사
KSCO,8,4,2641,외국어 강사,2541,문리 및 어학 강사
KSCO,8,4,2641,외국어 강사,2620,정부 및 공공 행정 전문가
KSCO,8,4,2642,문리 강사,2541,문리 및 어학 강사
KSCO,8,4,2642,문리 강사,2620,정부 및 공공 행정 전문가
KSCO,8,4,2643,정보통신기술 강사,2620,정부 및 공공 행정 전문가
KSCO,8,4,2643,정보통신기술 강사,2542,컴퓨터 강사
KSCO,8,4,2644,간호조무 및 요양보호 강사,2620,정부 및 공공 행정 전문가
KSCO,8,4,2644,간호조무 및 요양보호 강사,2543,기술 및 기능계 강사
KSCO,8,4,2645,자동차 운전 강사,2543,기술 및 기능계 강사
KSCO,8,4,2645,자동차 운전 강사,2620,정부 및 공공 행정 전문가
KSCO,8,4,2646,기술 및 기능계 강사,2620,정부 및 공공 행정 전문가
KSCO,8,4,2646,기술 및 기능계 강사,2543,기술 및 기능계 강사
KSCO,8,4,2647,예능 강사,2620,정부 및 공공 행정 전문가
KSCO,8,4,2647,예능 강사,2544,예능 강사
KSCO,8,4,2648,학습ㆍ교구 관련 방문강사,2545,학습지 및 교육 교구 방문강사
KSCO,8,4,2648,학습ㆍ교구 관련 방문강사,2620,정부 및 공공 행정 전문가
KSCO,8,4,2649,기타 문리ㆍ기술 및 예능 강사,2620,정부 및 공공 행정 전문가
KSCO,8,4,2649,기타 문리ㆍ기술 및 예능 강사,2549,기타 문리·기술 및 예능 강사
KSCO,8,4,2691,장학관ㆍ연구관 및 교육 관련 전문가,2591,장학관·연구관 및 교육 관련 전문가
KSCO,8,4,2691,장학관ㆍ연구관 및 교육 관련 전문가,2620,정부 및 공공 행정 전문가
KSCO,8,4,2692,대학 교육 조교,2592,대학 교육 조교
KSCO,8,4,2692,대학 교육 조교,2620,정부 및 공공 행정 전문가
KSCO,8,4,2699,기타 교사,2599,기타 교사
KSCO,8,4,2699,기타 교사,2620,정부 및 공공 행정 전문가
KSCO,8,4,2711,판사 및 검사,2620,정부 및 공공 행정 전문가
KSCO,8,4,2711,판사 및 검사,2611,판사 및 검사
KSCO,8,4,2712,변호사,2620,정부 및 공공 행정 전문가
KSCO,8,4,2712,변호사,2612,변호사
KSCO,8,4,2713,법무사 및 집행관,2613,법무사 및 집행관
KSCO,8,4,2713,법무사 및 집행관,2620,정부 및 공공 행정 전문가
KSCO,8,4,2714,변리사,2614,변리사
KSCO,8,4,2714,변리사,2620,정부 및 공공 행정 전문가
KSCO,8,4,2719,기타 법률 전문가,2620,정부 및 공공 행정 전문가
KSCO,8,4,2719,기타 법률 전문가,2619,기타 법률 전문가
KSCO,8,4,2721,정부 행정 전문가,2620,정부 및 공공 행정 전문가
KSCO,8,4,2722,행정사,3999,기타 사무원
KSCO,8,4,2722,행정사,2620,정부 및 공공 행정 전문가
KSCO,8,4,2811,인사 및 노사 관련 전문가,2620,정부 및 공공 행정 전문가
KSCO,8,4,2811,인사 및 노사 관련 전문가,2711,인사 및 노사 관련 전문가
KSCO,8,4,2812,회계사,2620,정부 및 공공 행정 전문가
KSCO,8,4,2812,회계사,2712,회계사
KSCO,8,4,2813,세무사,2713,세무사
KSCO,8,4,2813,세무사,2620,정부 및 공공 행정 전문가
KSCO,8,4,2814,관세사,2714,관세사
KSCO,8,4,2814,관세사,2620,정부 및 공공 행정 전문가
KSCO,8,4,2815,경영 및 진단 전문가,2620,정부 및 공공 행정 전문가
KSCO,8,4,2815,경영 및 진단 전문가,2715,경영 및 진단 전문가
KSCO,8,4,2821,투자 및 신용 분석가,2721,투자 및 신용 분석가
KSCO,8,4,2821,투자 및 신용 분석가,2620,정부 및 공공 행정 전문가
KSCO,8,4,2822,자산 운용가,2722,자산 운용가
KSCO,8,4,2822,자산 운용가,2620,정부 및 공공 행정 전문가
KSCO,8,4,2823,보험 및 금융 상품 개발자,2723,보험 및 금융 상품 개발자
KSCO,8,4,2823,보험 및 금융 상품 개발자,2620,정부 및 공공 행정 전문가
KSCO,8,4,2824,증권 및 외환 딜러,2724,증권 및 외환 딜러
KSCO,8,4,2824,증권 및 외환 딜러,2620,정부 및 공공 행정 전문가
KSCO,8,4,2825,손해 사정사,2725,손해 사정사
KSCO,8,4,2825,손해 사정사,2620,정부 및 공공 행정 전문가
KSCO,8,4,2829,기타 금융 및 보험 관련 전문가,2620,정부 및 공공 행정 전문가
KSCO,8,4,2829,기타 금융 및 보험 관련 전문가,2729,기타 금융 및 보험 관련 전문가
KSCO,8,4,2831,상품 기획 전문가,2731,상품 기획 전문가
KSCO,8,4,2831,상품 기획 전문가,2620,정부 및 공공 행정 전문가
KSCO,8,4,2832,여행 상품 개발자,2620,정부 및 공공 행정 전문가
KSCO,8,4,2832,여행 상품 개발자,2732,여행 상품 개발자
KSCO,8,4,2833,광고 및 홍보 전문가,2733,광고 및 홍보 전문가
KSCO,8,4,2833,광고 및 홍보 전문가,2620,정부 및 공공 행정 전문가
KSCO,8,4,2834,조사 전문가,2620,정부 및 공공 행정 전문가
KSCO,8,4,2834,조사 전문가,2734,조사 전문가
KSCO,8,4,2835,행사·전시 및 회의 기획자,2620,정부 및 공공 행정 전문가
KSCO,8,4,2835,행사·전시 및 회의 기획자,2735,행사 기획자
KSCO,8,4,2841,감정 관련 전문가,2741,감정 관련 전문가
KSCO,8,4,2841,감정 관련 전문가,2620,정부 및 공공 행정 전문가
KSCO,8,4,2842,해외 영업원,2620,정부 및 공공 행정 전문가
KSCO,8,4,2842,해외 영업원,2742,해외 영업원
KSCO,8,4,2843,기술 영업원,2620,정부 및 공공 행정 전문가
KSCO,8,4,2843,기술 영업원,2743,기술 영업원
KSCO,8,4,2844,상품 중개인 및 경매사,2620,정부 및 공공 행정 전문가
KSCO,8,4,2844,상품 중개인 및 경매사,2744,상품 중개인 및 경매사
KSCO,8,4,2845,부동산 컨설턴트 및 중개사,2745,부동산 컨설턴트 및 중개사
KSCO,8,4,2845,부동산 컨설턴트 및 중개사,2620,정부 및 공공 행정 전문가
KSCO,8,4,2849,기타 기술 영업 및 중개 관련 종사원,2620,정부 및 공공 행정 전문가
KSCO,8,4,2849,기타 기술 영업 및 중개 관련 종사원,2749,기타 기술 영업 및 중개 관련 종사원
KSCO,8,4,2911,작가,2620,정부 및 공공 행정 전문가
KSCO,8,4,2911,작가,2811,작가
KSCO,8,4,2912,출판물 전문가,2620,정부 및 공공 행정 전문가
KSCO,8,4,2912,출판물 전문가,2812,출판물 전문가
KSCO,8,4,2913,기자 및 언론 관련 전문가,2620,정부 및 공공 행정 전문가
KSCO,8,4,2913,기자 및 언론 관련 전문가,2813,기자 및 언론 관련 전문가
KSCO,8,4,2914,번역가 및 통역가,2620,정부 및 공공 행정 전문가
KSCO,8,4,2914,번역가 및 통역가,2814,번역가 및 통역가
KSCO,8,4,2921,학예사 및 문화재 보존원,2620,정부 및 공공 행정 전문가
KSCO,8,4,2921,학예사 및 문화재 보존원,2821,학예사 및 문화재 보존원
KSCO,8,4,2922,사서 및 기록물 관리사,2620,정부 및 공공 행정 전문가
KSCO,8,4,2922,사서 및 기록물 관리사,2822,사서 및 기록물 관리사
KSCO,8,4,2931,감독 및 기술 감독,2831,감독 및 기술 감독
KSCO,8,4,2931,감독 및 기술 감독,2620,정부 및 공공 행정 전문가
KSCO,8,4,2932,배우 및 모델,2832,배우 및 모델
KSCO,8,4,2932,배우 및 모델,2620,정부 및 공공 행정 전문가
KSCO,8,4,2933,아나운서 및 리포터,2620,정부 및 공공 행정 전문가
KSCO,8,4,2933,아나운서 및 리포터,2833,아나운서 및 리포터
KSCO,8,4,2934,촬영기사,2620,정부 및 공공 행정 전문가
KSCO,8,4,2934,촬영기사,2834,촬영기사
KSCO,8,4,2935,음향 및 녹음 기사,2620,정부 및 공공 행정 전문가
KSCO,8,4,2935,음향 및 녹음 기사,2835,음향 및 녹음 기사
KSCO,8,4,2936,영상ㆍ녹화 및 편집 기사,2836,영상·녹화 및 편집 기사
KSCO,8,4,2936,영상ㆍ녹화 및 편집 기사,2620,정부 및 공공 행정 전문가
KSCO,8,4,2937,조명기사 및 영사기사,2837,조명기사 및 영사기사
KSCO,8,4,2937,조명기사 및 영사기사,2620,정부 및 공공 행정 전문가
KSCO,8,4,2938,미디어 콘텐츠 창작자,2620,정부 및 공공 행정 전문가
KSCO,8,4,2938,미디어 콘텐츠 창작자,2839,기타 연극·영화 및 영상 관련 종사원
KSCO,8,4,2939,기타 연극ㆍ영화 및 영상 관련 종사원,2839,기타 연극·영화 및 영상 관련 종사원
KSCO,8,4,2939,기타 연극ㆍ영화 및 영상 관련 종사원,2620,정부 및 공공 행정 전문가
KSCO,8,4,2941,화가 및 조각가,2841,화가 및 조각가
KSCO,8,4,2941,화가 및 조각가,2620,정부 및 공공 행정 전문가
KSCO,8,4,2942,사진기자 및 사진가,2842,사진기자 및 사진가
KSCO,8,4,2942,사진기자 및 사진가,2620,정부 및 공공 행정 전문가
KSCO,8,4,2943,만화가 및 만화영화 작가,2620,정부 및 공공 행정 전문가
KSCO,8,4,2943,만화가 및 만화영화 작가,2843,만화가 및 만화영화 작가
KSCO,8,4,2944,국악 및 전통 예능인,2620,정부 및 공공 행정 전문가
KSCO,8,4,2944,국악 및 전통 예능인,2844,국악 및 전통 예능인
KSCO,8,4,2945,지휘자ㆍ작곡가 및 연주가,2620,정부 및 공공 행정 전문가
KSCO,8,4,2945,지휘자ㆍ작곡가 및 연주가,2845,지휘자·작곡가 및 연주가
KSCO,8,4,2946,가수 및 성악가,2620,정부 및 공공 행정 전문가
KSCO,8,4,2946,가수 및 성악가,2846,가수 및 성악가
KSCO,8,4,2947,무용가 및 안무가,2620,정부 및 공공 행정 전문가
KSCO,8,4,2947,무용가 및 안무가,2847,무용가 및 안무가
KSCO,8,4,2949,기타 시각 및 공연 예술가,2620,정부 및 공공 행정 전문가
KSCO,8,4,2949,기타 시각 및 공연 예술가,2849,기타 시각 및 공연 예술가
KSCO,8,4,2951,제품 디자이너,2851,제품 디자이너
KSCO,8,4,2951,제품 디자이너,2620,정부 및 공공 행정 전문가
KSCO,8,4,2952,패션 디자이너,2852,패션 디자이너
KSCO,8,4,2952,패션 디자이너,2620,정부 및 공공 행정 전문가
KSCO,8,4,2953,실내장식 디자이너,2620,정부 및 공공 행정 전문가
KSCO,8,4,2953,실내장식 디자이너,2853,실내장식 디자이너
KSCO,8,4,2954,시각 디자이너,2854,시각 디자이너
KSCO,8,4,2954,시각 디자이너,2620,정부 및 공공 행정 전문가
KSCO,8,4,2955,미디어 콘텐츠 디자이너,2855,미디어 콘텐츠 디자이너
KSCO,8,4,2955,미디어 콘텐츠 디자이너,2620,정부 및 공공 행정 전문가
KSCO,8,4,2961,스포츠 감독 및 코치,2861,스포츠 감독 및 코치
KSCO,8,4,2961,스포츠 감독 및 코치,2620,정부 및 공공 행정 전문가
KSCO,8,4,2962,직업 운동선수,2862,직업 운동선수
KSCO,8,4,2962,직업 운동선수,2620,정부 및 공공 행정 전문가
KSCO,8,4,2963,경기 심판 및 경기 기록원,2863,경기 심판 및 경기 기록원
KSCO,8,4,2963,경기 심판 및 경기 기록원,2620,정부 및 공공 행정 전문가
KSCO,8,4,2964,스포츠 강사 및 트레이너,2869,기타 스포츠 및 레크리에이션 관련 전문가
KSCO,8,4,2964,스포츠 강사 및 트레이너,2620,정부 및 공공 행정 전문가
KSCO,8,4,2969,기타 스포츠 및 레크리에이션 관련 전문가,2620,정부 및 공공 행정 전문가
KSCO,8,4,2969,기타 스포츠 및 레크리에이션 관련 전문가,2869,기타 스포츠 및 레크리에이션 관련 전문가
KSCO,8,4,2970,주방장 및 요리 연구가,2870,주방장 및 요리 연구가
KSCO,8,4,2970,주방장 및 요리 연구가,2620,정부 및 공공 행정 전문가
KSCO,8,4,2981,공연 및 시각예술 기획자,2620,정부 및 공공 행정 전문가
KSCO,8,4,2981,공연 및 시각예술 기획자,2881,공연·영화 및 음반 기획자
KSCO,8,4,2982,영화 및 음반 기획자,2620,정부 및 공공 행정 전문가
KSCO,8,4,2982,영화 및 음반 기획자,2881,공연·영화 및 음반 기획자
KSCO,8,4,3111,경영 기획 사무원,3121,기획 및 마케팅 사무원
KSCO,8,4,3111,경영 기획 사무원,3115,공공행정 사무원
KSCO,8,4,3112,영업 및 마케팅 사무원,3121,기획 및 마케팅 사무원
KSCO,8,4,3112,영업 및 마케팅 사무원,3115,공공행정 사무원
KSCO,8,4,3121,인사 및 노무 사무원,3115,공공행정 사무원
KSCO,8,4,3121,인사 및 노무 사무원,3122,인사 및 교육·훈련 사무원
KSCO,8,4,3122,교육 및 훈련 사무원,3122,인사 및 교육·훈련 사무원
KSCO,8,4,3122,교육 및 훈련 사무원,3115,공공행정 사무원
KSCO,8,4,3211,자재관리 사무원,3123,자재 관리 사무원
KSCO,8,4,3211,자재관리 사무원,3115,공공행정 사무원
KSCO,8,4,3212,생산 및 품질관리 사무원,3124,생산 및 품질 관리 사무원
KSCO,8,4,3212,생산 및 품질관리 사무원,3115,공공행정 사무원
KSCO,8,4,3221,도로 및 철도운송 사무원,3115,공공행정 사무원
KSCO,8,4,3221,도로 및 철도운송 사무원,3126,운송 사무원
KSCO,8,4,3222,수상 및 항공운송 사무원,3115,공공행정 사무원
KSCO,8,4,3222,수상 및 항공운송 사무원,3126,운송 사무원
KSCO,8,4,3223,무역 사무원,3115,공공행정 사무원
KSCO,8,4,3223,무역 사무원,3125,무역 사무원
KSCO,8,4,3229,기타 운송 및 무역 사무원,3115,공공행정 사무원
KSCO,8,4,3229,기타 운송 및 무역 사무원,3126,운송 사무원
KSCO,8,4,3311,회계 사무원,3115,공공행정 사무원
KSCO,8,4,3311,회계 사무원,3131,회계 사무원
KSCO,8,4,3312,경리 사무원,3132,경리 사무원
KSCO,8,4,3312,경리 사무원,3115,공공행정 사무원
KSCO,8,4,3320,통계ㆍ데이터 관련 사무원,3910,통계 관련 사무원
KSCO,8,4,3320,통계ㆍ데이터 관련 사무원,3115,공공행정 사무원
KSCO,8,4,3401,출납 창구 사무원,3201,출납 창구 사무원
KSCO,8,4,3401,출납 창구 사무원,3115,공공행정 사무원
KSCO,8,4,3402,보험 심사원 및 사무원,3115,공공행정 사무원
KSCO,8,4,3402,보험 심사원 및 사무원,3202,보험 심사원 및 사무원
KSCO,8,4,3403,은행 사무원,3203,은행 사무원
KSCO,8,4,3403,은행 사무원,3115,공공행정 사무원
KSCO,8,4,3404,증권 사무원,3204,증권 사무원
KSCO,8,4,3404,증권 사무원,3115,공공행정 사무원
KSCO,8,4,3405,수금원 및 신용 추심원,3115,공공행정 사무원
KSCO,8,4,3405,수금원 및 신용 추심원,3205,수금원 및 신용 추심원
KSCO,8,4,3409,기타 금융 사무원,3115,공공행정 사무원
KSCO,8,4,3409,기타 금융 사무원,3209,기타 금융 사무원
KSCO,8,4,3511,법률 관련 사무원,3115,공공행정 사무원
KSCO,8,4,3511,법률 관련 사무원,3301,법률 관련 사무원
KSCO,8,4,3512,감사 사무원,3115,공공행정 사무원
KSCO,8,4,3512,감사 사무원,3302,감사 사무원
KSCO,8,4,3521,조세 행정 사무원,3111,조세행정 사무원
KSCO,8,4,3522,관세 행정 사무원,3112,관세행정 사무원
KSCO,8,4,3523,병무 행정 사무원,3113,병무행정 사무원
KSCO,8,4,3529,기타 정부 행정 사무원,3114,국가 및 지방 행정 사무원
KSCO,8,4,3611,여행 사무원,3921,여행 사무원
KSCO,8,4,3611,여행 사무원,3115,공공행정 사무원
KSCO,8,4,3612,안내ㆍ접수원 및 전화교환원,3922,안내·접수원 및 전화교환원
KSCO,8,4,3612,안내ㆍ접수원 및 전화교환원,3115,공공행정 사무원
KSCO,8,4,3620,고객 상담 및 모니터 요원,3999,기타 사무원
KSCO,8,4,3620,고객 상담 및 모니터 요원,3115,공공행정 사무원
KSCO,8,4,3620,고객 상담 및 모니터 요원,3991,고객 상담 및 모니터 요원
KSCO,8,4,3710,총무 사무원 및 대학 행정조교,3127,총무 사무원 및 대학 행정조교
KSCO,8,4,3710,총무 사무원 및 대학 행정조교,3115,공공행정 사무원
KSCO,8,4,3721,비서,3141,비서
KSCO,8,4,3721,비서,3115,공공행정 사무원
KSCO,8,4,3722,연예인 및 스포츠 매니저,3115,공공행정 사무원
KSCO,8,4,3722,연예인 및 스포츠 매니저,2882,연예인 및 스포츠 매니저
KSCO,8,4,3723,전산 자료 입력원,3115,공공행정 사무원
KSCO,8,4,3723,전산 자료 입력원,3142,전산 자료 입력원 및 사무 보조원
KSCO,8,4,3724,속기사,3115,공공행정 사무원
KSCO,8,4,3724,속기사,3999,기타 사무원
KSCO,8,4,3725,자원봉사 관리원,3115,공공행정 사무원
KSCO,8,4,3725,자원봉사 관리원,3999,기타 사무원
KSCO,8,4,3729,기타 사무 지원 종사원 ,3115,공공행정 사무원
KSCO,8,4,3729,기타 사무 지원 종사원 ,3142,전산 자료 입력원 및 사무 보조원
KSCO,8,4,3729,기타 사무 지원 종사원 ,3999,기타 사무원
KSCO,8,4,4111,경찰관 및 수사관,4111,경찰관 및 수사관
KSCO,8,4,4112,소방관,4112,소방관
KSCO,8,4,4113,소년원 학교 교사 및 교도관,4113,소년원 학교 교사 및 교도관
KSCO,8,4,4121,경호원,4121,경호원
KSCO,8,4,4122,청원경찰,4122,청원경찰
KSCO,8,4,4123,시설 및 특수 경비원,4123,시설 및 특수 경비원
KSCO,8,4,4124,보안 관제원,4129,기타 경호 및 보안 관련 종사원
KSCO,8,4,4129,기타 경호 및 보안 관련 종사원,4129,기타 경호 및 보안 관련 종사원
KSCO,8,4,4211,교사 보조 및 관련 종사원,4212,보육 및 교사 보조 서비스 종사원
KSCO,8,4,4212,보육 관련 시설 돌봄 종사원,4212,보육 및 교사 보조 서비스 종사원
KSCO,8,4,4219,기타 교사 보조 및 아동 돌봄 종사원,4219,기타 돌봄 및 보건 서비스 종사원
KSCO,8,4,4221,요양보호사,4211,돌봄 서비스 종사원
KSCO,8,4,4222,간병인,4211,돌봄 서비스 종사원
KSCO,8,4,4231,노인 돌봄 종사원,4211,돌봄 서비스 종사원
KSCO,8,4,4232,장애인 돌봄 종사원,4211,돌봄 서비스 종사원
KSCO,8,4,4290,기타 돌봄 및 보건 서비스 종사원,4219,기타 돌봄 및 보건 서비스 종사원
KSCO,8,4,4311,이용사,4221,이용사
KSCO,8,4,4312,미용사,4222,미용사
KSCO,8,4,4313,네일 관리사,4223,피부 및 체형 관리사
KSCO,8,4,4314,피부 및 체형 관리사,4223,피부 및 체형 관리사
KSCO,8,4,4315,메이크업 아티스트 및 분장사,4224,메이크업 아티스트 및 분장사
KSCO,8,4,4319,기타 미용 관련 서비스 종사원,4229,기타 미용 관련 서비스 종사원
KSCO,8,4,4321,결혼 상담원 및 웨딩플레너,4231,결혼상담원 및 웨딩플래너
KSCO,8,4,4322,혼례 종사원,4232,혼례 종사원
KSCO,8,4,4323,장례 상담원 및 장례 지도사,4233,장례 상담원 및 장례 지도사
KSCO,8,4,4331,수의사 보조원,4291,반려동물 미용 및 관리 종사원
KSCO,8,4,4332,반려동물 훈련사 및 행동 상담사,4291,반려동물 미용 및 관리 종사원
KSCO,8,4,4333,반려동물 관리 종사원,4233,장례 상담원 및 장례 지도사
KSCO,8,4,4333,반려동물 관리 종사원,4291,반려동물 미용 및 관리 종사원
KSCO,8,4,4391,점술가 및 민속신앙 종사원,4292,점술가 및 민속신앙 종사원
KSCO,8,4,4399,기타 개인 생활 서비스 종사원,4293,개인 생활 서비스 종사원
KSCO,8,4,4411,항공기 객실 승무원,4311,항공기 객실 승무원
KSCO,8,4,4412,선박 및 열차 객실 승무원,4312,선박 및 열차 객실 승무원
KSCO,8,4,4421,관광 서비스 종사원,4321,여가 및 관광 서비스 종사원
KSCO,8,4,4422,숙박시설 서비스 종사원,4322,숙박시설 서비스 종사원
KSCO,8,4,4423,오락시설 서비스 종사원,4323,오락시설 서비스 종사원
KSCO,8,4,4429,기타 여가 서비스 종사원,4329,기타 여가 서비스 종사원
KSCO,8,4,4511,한식 조리사,4411,한식 조리사
KSCO,8,4,4512,중식 조리사,4412,중식 조리사
KSCO,8,4,4513,양식 조리사,4413,양식 조리사
KSCO,8,4,4514,일식 조리사,4414,일식 조리사
KSCO,8,4,4515,단체급식 조리사,4411,한식 조리사
KSCO,8,4,4519,기타 조리사,4419,기타 조리사
KSCO,8,4,4521,음료 조리원,4415,음료 조리사
KSCO,8,4,4522,바텐더,4421,바텐더
KSCO,8,4,4531,식음료 서비스 종사원,4422,웨이터
KSCO,8,4,4539,기타 식음료 서비스 종사원,4429,기타 음식 서비스 종사원
KSCO,8,4,5101,자동차 영업원,5101,자동차 영업원
KSCO,8,4,5102,제품 영업원,5102,제품 및 광고 영업원
KSCO,8,4,5103,보험 모집인 및 투자 권유 대행인,5103,보험 모집인 및 투자 권유 대행인
KSCO,8,4,5104,대출 및 신용카드 모집인,5104,대출 및 신용카드 모집인
KSCO,8,4,5105,홍보 도우미 및 판촉원,5323,홍보 도우미 및 판촉원
KSCO,8,4,5109,기타 영업원,5102,제품 및 광고 영업원
KSCO,8,4,5211,소규모 상점 경영 및 일선 관리 종사원,5211,소규모 상점 경영 및 일선 관리 종사원
KSCO,8,4,5212,상점 판매원,5212,상점 판매원
KSCO,8,4,5213,매표원 및 복권 판매원,5213,매표원 및 복권 판매원
KSCO,8,4,5214,매장 계산원 및 요금 정산원,5214,매장 계산원 및 요금 정산원
KSCO,8,4,5220,상품 대여원,5220,상품 대여원
KSCO,8,4,5311,단말기 및 통신 서비스 판매원,5311,단말기 및 통신 서비스 판매원
KSCO,8,4,5312,온라인 쇼핑 판매원,5312,온라인 쇼핑 판매원
KSCO,8,4,5313,텔레마케터,5313,텔레마케터
KSCO,8,4,5321,방문 판매원,5321,방문 판매원
KSCO,8,4,5322,노점 및 이동 판매원,5322,노점 및 이동 판매원
KSCO,8,4,6111,곡식작물 재배원,6111,곡식작물 재배원
KSCO,8,4,6112,채소 및 특용작물 재배원,6112,채소 및 특용작물 재배원
KSCO,8,4,6113,과수작물 재배원,6113,과수작물 재배원
KSCO,8,4,6121,원예작물 재배원,6121,원예작물 재배원
KSCO,8,4,6122,조경원,6122,조경원
KSCO,8,4,6131,낙농 관련 종사원,6131,낙농업 관련 종사원
KSCO,8,4,6132,한우 및 육우 사육원,6132,가축 사육 종사원
KSCO,8,4,6133,돼지 사육원,6132,가축 사육 종사원
KSCO,8,4,6134,가금 사육원,6132,가축 사육 종사원
KSCO,8,4,6139,기타 축산 및 사육 관련 종사원,6139,기타 사육 관련 종사원
KSCO,8,4,6139,기타 축산 및 사육 관련 종사원,6132,가축 사육 종사원
KSCO,8,4,6201,조림ㆍ산림 경영인 및 벌목원,6201,조림·산림경영인 및 벌목원
KSCO,8,4,6209,기타 임업 관련 종사원,6209,임산물 채취 및 기타 임업 관련 종사원
KSCO,8,4,6301,양식원,6301,양식원
KSCO,8,4,6302,어부 및 해녀,6302,어부 및 해녀
KSCO,8,4,7101,제빵사 및 제과원,7101,제빵사 및 제과원
KSCO,8,4,7102,떡 제조원,7102,떡 제조원
KSCO,8,4,7103,정육 가공원 및 도축원,7103,정육가공원 및 도축원
KSCO,8,4,7104,식품 및 담배 등급원,7104,식품 및 담배 등급원
KSCO,8,4,7105,김치 및 밑반찬 제조 종사원,7105,김치 및 밑반찬 제조 종사원
KSCO,8,4,7106,도시락 제조원,7109,기타 식품가공 관련 종사원
KSCO,8,4,7109,기타 식품 가공 관련 기능 종사원,7109,기타 식품가공 관련 종사원
KSCO,8,4,7211,패턴사,7211,패턴사
KSCO,8,4,7212,재단사,7212,재단사
KSCO,8,4,7213,재봉사,7213,재봉사
KSCO,8,4,7214,제화원,7214,제화원
KSCO,8,4,7219,기타 섬유 및 가죽 관련 기능 종사원,7219,기타 섬유 및 가죽 관련 기능 종사원
KSCO,8,4,7221,한복 제조원,7221,한복 제조원
KSCO,8,4,7222,양장 및 양복 제조원,7222,양장 및 양복 제조원
KSCO,8,4,7223,모피 및 가죽 의복 제조원,7223,모피 및 가죽 의복 제조원
KSCO,8,4,7224,의복ㆍ가죽 및 모피 수선원,7224,의복·가죽 및 모피 수선원
KSCO,8,4,7229,기타 의복 제조 관련 기능 종사원,7229,기타 의복 제조 관련 기능 종사원
KSCO,8,4,7301,목제품 제조 관련 종사원,7301,목제품 제조 관련 종사원
KSCO,8,4,7302,가구 제조 및 수리원,7302,가구 제조 및 수리원
KSCO,8,4,7303,악기 제조 및 조율사,7303,악기 제조 및 조율사
KSCO,8,4,7304,간판 제작 및 설치원,7304,간판 제작 및 설치원
KSCO,8,4,7401,금형원,7411,금형원
KSCO,8,4,7402,주조원,7412,주조원
KSCO,8,4,7403,단조원,7413,단조원
KSCO,8,4,7404,제관원,7421,제관원
KSCO,8,4,7405,판금원,7422,판금원
KSCO,8,4,7406,용접원,7430,용접원
KSCO,8,4,7510,자동차 정비원,7510,자동차 정비원
KSCO,8,4,7521,항공기 정비원,7521,항공기 정비원
KSCO,8,4,7522,선박 정비원,7522,선박 정비원
KSCO,8,4,7523,철도 기관차 및 전동차 정비원,7523,철도 기관차 및 전동차 정비원
KSCO,8,4,7529,기타 운송장비 정비원,7529,기타 운송장비 정비원
KSCO,8,4,7531,로봇 설치 및 정비원,7531,공업기계 설치 및 정비원
KSCO,8,4,7532,공업기계 설치 및 정비원,7531,공업기계 설치 및 정비원
KSCO,8,4,7533,승강기 설치 및 정비원,7532,승강기 설치 및 정비원
KSCO,8,4,7534,물품 이동 장비 설치 및 정비원,7533,물품 이동 장비 설치 및 정비원
KSCO,8,4,7535,냉동ㆍ냉장ㆍ공조기 설치 및 정비원,7534,냉동·냉장·공조기 설치 및 정비원
KSCO,8,4,7536,보일러 설치 및 정비원,7535,보일러 설치 및 정비원
KSCO,8,4,7537,건설ㆍ광업기계 설치 및 정비원,7536,건설·광업기계 설치 및 정비원
KSCO,8,4,7539,농업용ㆍ기타 기계장비 설치 및 정비원,7539,농업용·기타 기계장비 설치 및 정비원
KSCO,8,4,7611,사무용 전자기기 설치 및 수리원,7611,사무용 전자기기 설치 및 수리원
KSCO,8,4,7612,가전제품 설치 및 수리원,7612,가전제품 설치 및 수리원
KSCO,8,4,7619,기타 전기ㆍ전자기기 설치 및 수리원,7619,기타 전기·전자기기 설치 및 수리원
KSCO,8,4,7621,산업 전기공,7621,산업 전기공
KSCO,8,4,7622,내선 전기공,7622,내선 전기공
KSCO,8,4,7623,외선 전기공,7623,외선 전기공
KSCO,8,4,7711,컴퓨터 설치 및 수리원,7711,컴퓨터 설치 및 수리원
KSCO,8,4,7712,이동전화기 수리원,7712,이동전화기 수리원
KSCO,8,4,7719,기타 정보 통신기기 설치 및 수리원,7719,기타 정보 통신기기 설치 및 수리원
KSCO,8,4,7721,방송 관련 장비 설치 및 수리원,7721,방송 관련 장비 설치 및 수리원
KSCO,8,4,7722,통신 관련 장비 설치 및 수리원,7722,통신 관련 장비 설치 및 수리원
KSCO,8,4,7723,통신ㆍ방송ㆍ인터넷 케이블 설치 및 수리원,7723,통신·방송·인터넷케이블 설치 및 수리원
KSCO,8,4,7811,강구조물 가공원 및 건립원,7811,강구조물 가공원 및 건립원
KSCO,8,4,7812,경량 철골공,7812,경량 철골공
KSCO,8,4,7821,철근공,7821,철근공
KSCO,8,4,7822,콘크리트공,7822,콘크리트공
KSCO,8,4,7823,건축 석공,7823,건축 석공
KSCO,8,4,7824,건축 목공,7824,건축 목공
KSCO,8,4,7825,조적공 및 석재 부설원,7825,조적공 및 석재 부설원
KSCO,8,4,7829,기타 건설 관련 기능 종사원,7829,기타 건설 관련 기능 종사원
KSCO,8,4,7831,미장공,7831,미장공
KSCO,8,4,7832,방수공,7832,방수공
KSCO,8,4,7833,단열공,7833,단열공
KSCO,8,4,7834,바닥재 시공원,7834,바닥재 시공원
KSCO,8,4,7835,도배공 및 유리 부착원,7835,도배공 및 유리 부착원
KSCO,8,4,7836,건축 도장공,7836,건축 도장공
KSCO,8,4,7837,새시 조립 및 설치원,7837,새시 조립 및 설치원
KSCO,8,4,7839,기타 건축 마감 관련 기능 종사원,7839,기타 건축 마감 관련 기능 종사원
KSCO,8,4,7841,광원ㆍ채석원 및 석재 절단원,7841,광원·채석원 및 석재 절단원
KSCO,8,4,7842,철로 설치 및 보수원,7842,철로 설치 및 보수원
KSCO,8,4,7849,기타 채굴 및 토목 관련 종사원,7849,기타 채굴 및 토목 관련 종사원
KSCO,8,4,7911,공예원,7911,공예원
KSCO,8,4,7912,귀금속 및 보석 세공원,7912,귀금속 및 보석 세공원
KSCO,8,4,7921,건설 배관공,7921,건설 배관공
KSCO,8,4,7922,공업 배관공,7922,공업 배관공
KSCO,8,4,7929,기타 배관공,7929,기타 배관공
KSCO,8,4,7991,세정원,7991,배관 세정원 및 방역원
KSCO,8,4,7992,방역원,7991,배관 세정원 및 방역원
KSCO,8,4,7999,기타 기능 관련 종사원,7999,기타 기능 관련 종사원
KSCO,8,4,8111,제분 및 도정 관련 기계 조작원,8111,제분 및 도정 관련 기계 조작원
KSCO,8,4,8112,곡물가공 제품 기계 조작원,8112,곡물가공 제품 기계 조작원
KSCO,8,4,8113,육류ㆍ어패류 및 낙농품 가공 기계 조작원,8113,육류·어패류 및 낙농품 가공 기계 조작원
KSCO,8,4,8114,과실 및 채소가공 관련 기계 조작원,8114,과실 및 채소 가공 관련 기계 조작원
KSCO,8,4,8120,음료 제조 관련 기계 조작원,8120,음료 제조 관련 기계 조작원
KSCO,8,4,8190,기타 식품가공 관련 기계 조작원,8190,기타 식품가공 관련 기계 조작원
KSCO,8,4,8211,섬유 제조 기계 조작원,8211,섬유 제조 기계 조작원
KSCO,8,4,8212,표백 및 염색 관련 기계 조작원,8212,표백 및 염색 관련 기계 조작원
KSCO,8,4,8221,직조기 및 편직기 조작원,8221,직조기 및 편직기 조작원
KSCO,8,4,8222,신발 제조기 조작원,8222,신발 제조기 조작원 및 조립원
KSCO,8,4,8229,기타 직물ㆍ신발 관련 기계 조작원,8229,기타 직물·신발 관련 기계 조작원 및 조립원
KSCO,8,4,8230,세탁 기계 조작원,8230,세탁 관련 기계 조작원
KSCO,8,4,8311,석유 및 천연가스 제조 관련 제어 장치 조작원,8311,석유 및 천연가스 제조 관련 제어 장치 조작원
KSCO,8,4,8312,화학물 가공 장치 조작원,8312,화학물 가공 장치 조작원
KSCO,8,4,8319,기타 석유 및 화학물 가공 장치 조작원,8319,기타 석유 및 화학물 가공 장치 조작원
KSCO,8,4,8321,화학제품 생산기 조작원,8321,화학제품 생산기 조작원
KSCO,8,4,8322,타이어 및 고무제품 생산기 조작원,8322,타이어 및 고무제품 생산기 조작원
KSCO,8,4,8323,플라스틱제품 생산기 조작원,8323,플라스틱제품 생산기 조작원
KSCO,8,4,8324,고무 및 플라스틱제품 조립원,8324,고무 및 플라스틱제품 조립원
KSCO,8,4,8411,주조기 조작원,8411,주조기 조작원
KSCO,8,4,8412,단조기 조작원,8412,단조기 조작원
KSCO,8,4,8413,용접기 조작원,8413,용접기 조작원
KSCO,8,4,8414,금속가공 관련 제어 장치 조작원,8414,금속가공 관련 제어 장치 조작원
KSCO,8,4,8415,금속가공 기계 조작원,8415,금속가공 기계 조작원
KSCO,8,4,8416,제관기 조작원,8416,제관기 조작원
KSCO,8,4,8417,판금기 조작원,8417,판금기 조작원
KSCO,8,4,8421,도장기 조작원,8421,도장기 조작원
KSCO,8,4,8422,도금 및 금속 분무기 조작원,8422,도금 및 금속 분무기 조작원
KSCO,8,4,8431,유리 제조 및 가공기 조작원,8431,유리 제조 및 가공기 조작원
KSCO,8,4,8432,점토제품 생산기 조작원,8432,점토제품 생산기 조작원
KSCO,8,4,8433,시멘트 및 광물제품 제조기 조작원,8433,시멘트 및 광물제품 제조기 조작원
KSCO,8,4,8434,광석 및 석제품 가공기 조작원,8434,광석 및 석제품 가공기 조작원
KSCO,8,4,8439,기타 비금속제품 관련 생산기 조작원,8439,기타 비금속제품 관련 생산기 조작원
KSCO,8,4,8510,금속 공작 기계 조작원,8510,금속 공작 기계 조작원
KSCO,8,4,8520,냉난방 관련 설비 조작원,8520,냉난방 관련 설비 조작원
KSCO,8,4,8530,자동 조립라인 및 산업용로봇 조작원,8530,자동 조립라인 및 산업용로봇 조작원
KSCO,8,4,8541,자동차 조립원,8541,자동차 조립원
KSCO,8,4,8542,자동차 부품 조립원,8542,자동차 부품 조립원
KSCO,8,4,8543,운송장비 조립원,8543,운송장비 조립원
KSCO,8,4,8551,일반기계 조립원,8544,일반기계 조립원
KSCO,8,4,8552,기계 부품 조립원,8550,금속기계 부품 조립원
KSCO,8,4,8610,발전 및 배전 장치 조작원,8610,발전 및 배전장치 조작원
KSCO,8,4,8620,전기 및 전자설비 조작원,8620,전기 및 전자설비 조작원
KSCO,8,4,8631,일차전지 및 이차전지 제조 기계 조작원,8631,전기 부품 및 제품 제조 기계 조작원
KSCO,8,4,8632,전기 부품 및 제품 제조 기계 조작원,8631,전기 부품 및 제품 제조 기계 조작원
KSCO,8,4,8633,전자 부품 및 제품 제조 기계 조작원,8632,전자 부품 및 제품 제조 기계 조작원
KSCO,8,4,8640,전기ㆍ전자 부품 및 제품 조립원,8640,전기·전자 부품 및 제품 조립원
KSCO,8,4,8711,철도 및 전동차 기관사,8710,철도 및 전동차 기관사
KSCO,8,4,8712,철도운송 관련 종사원,8720,철도운송 관련 종사원
KSCO,8,4,8721,택시 운전원,8731,택시 운전원
KSCO,8,4,8722,버스 운전원,8732,버스 운전원
KSCO,8,4,8723,화물차 및 특수차 운전원,8733,화물차 및 특수차 운전원
KSCO,8,4,8729,기타 자동차 운전원,8739,기타 자동차 운전원
KSCO,8,4,8730,물품 이동 장비 조작원,8740,물품 이동 장비 조작원
KSCO,8,4,8740,건설 및 채굴기계 운전원,8750,건설 및 채굴기계 운전원
KSCO,8,4,8750,선박 승무원 및 관련 종사원,8760,선박 승무원 및 관련 종사원
KSCO,8,4,8810,상하수도 처리 장치 조작원,8810,상하수도 처리 장치 조작원
KSCO,8,4,8820,재활용 처리 및 소각로 조작원,8820,재활용 처리 및 소각로 조작원
KSCO,8,4,8911,목재 가공 관련 기계 조작원,8911,목재가공 관련 기계 조작원
KSCO,8,4,8912,펄프 및 종이 제조 장치 조작원,8913,펄프 및 종이 제조 장치 조작원
KSCO,8,4,8913,종이제품 생산기 조작원,8914,종이제품 생산기 조작원
KSCO,8,4,8919,기타 목재 및 종이 관련 기계 조작원,8919,기타 목재 및 종이 관련 기계 조작원
KSCO,8,4,8921,인쇄 관련 기계 조작원,8921,인쇄기 조작원
KSCO,8,4,8922,사진 인화 및 현상기 조작원,8922,사진 인화 및 현상기 조작원
KSCO,8,4,8990,기타 기계 조작원,8990,기타 기계 조작원
KSCO,8,4,9100,건설 및 광업 단순 종사원,9100,건설 및 광업 단순 종사원
KSCO,8,4,9211,하역 및 적재 단순 종사원,9210,하역 및 적재 단순 종사원
KSCO,8,4,9212,화물 분류원,9210,하역 및 적재 단순 종사원
KSCO,8,4,9221,우편집배원,9221,우편집배원
KSCO,8,4,9222,택배원,9222,택배원
KSCO,8,4,9223,늘찬배달원,9222,택배원
KSCO,8,4,9224,정기배달원,9229,기타 배달원
KSCO,8,4,9229,기타 배달원,9223,음식 배달원
KSCO,8,4,9229,기타 배달원,9229,기타 배달원
KSCO,8,4,9301,가구 조립원,8912,가구 조립원
KSCO,8,4,9309,기타 제조 관련 단순 종사원,9300,제조 관련 단순 종사원
KSCO,8,4,9411,건물 청소원,9411,청소원
KSCO,8,4,9412,운송 및 시설장비 청소원,9411,청소원
KSCO,8,4,9413,거리 및 공공장소 청소원,9412,환경미화원 및 재활용품 수거원
KSCO,8,4,9414,재활용품 및 쓰레기 수거원,9412,환경미화원 및 재활용품 수거원
KSCO,8,4,9419,기타 청소 관련 종사원 ,9411,청소원
KSCO,8,4,9419,기타 청소 관련 종사원 ,9412,환경미화원 및 재활용품 수거원
KSCO,8,4,9420,건물 관리원,9421,건물 관리원
KSCO,8,4,9511,가사 도우미,9511,가사 도우미
KSCO,8,4,9512,육아 도우미,9512,육아 도우미
KSCO,8,4,9521,패스트푸드 준비원,9521,패스트푸드 준비원
KSCO,8,4,9522,주방 보조원,9522,주방 보조원
KSCO,8,4,9531,주유원,9531,주유원
KSCO,8,4,9539,기타 판매 관련 단순 종사원,9539,기타 판매 관련 단순 종사원
KSCO,8,4,9911,농업 관련 단순 종사원,9910,농림·어업 관련 단순 종사원
KSCO,8,4,9912,임업 관련 단순 종사원,9910,농림·어업 관련 단순 종사원
KSCO,8,4,9913,어업 관련 단순 종사원,9910,농림·어업 관련 단순 종사원
KSCO,8,4,9921,계기 검침원 및 가스 점검원,9921,계기 검침원 및 가스 점검원
KSCO,8,4,9922,자동판매기 관리원,9922,자동판매기 관리원
KSCO,8,4,9923,주차 관리원 및 안내원,9923,주차 관리원 및 안내원
KSCO,8,4,9991,구두 미화원,9991,구두 미화원
KSCO,8,4,9992,세탁원 및 다림질원,9992,세탁원 및 다림질원
KSCO,8,4,9993,검표원,9422,검표원
KSCO,8,4,9994,대여 제품 방문 점검원,9999,기타 서비스 관련 단순 종사원
KSCO,8,4,9999,기타 서비스 관련 단순 종사원,9999,기타 서비스 관련 단순 종사원
KSCO,8,4,A011,영관급 이상 장교,A011,영관급 이상 장교
KSCO,8,4,A012,위관급 장교,A012,위관급 장교
KSCO,8,4,A020,준사관,A012,위관급 장교
KSCO,8,4,A030,부사관,A020,부사관
KSCO,8,4,A090,기타 군인,A090,기타 군인
KSCO,8,5,11111,국회의원,11101,국회의원
KSCO,8,5,11112,지방의회 의원 및 교육 의원,11102,지방의회 의원 및 교육 의원
KSCO,8,5,11121,중앙정부 고위 공무원,11103,중앙정부 고위 공무원
KSCO,8,5,11122,지방정부 고위 공무원,11104,지방정부 고위 공무원
KSCO,8,5,11123,정당 및 특수 단체 임원,11106,정당 및 특수 단체 임원
KSCO,8,5,11201,기업 대표이사,11201,기업 대표이사
KSCO,8,5,11202,기업 고위 임원,11202,기업 고위 임원
KSCO,8,5,11202,기업 고위 임원,11105,공공 기관 임원
KSCO,8,5,12110,정부 행정 관리자,12110,정부행정 관리자
KSCO,8,5,12121,총무 및 인사 관리자,12121,총무 및 인사 관리자
KSCO,8,5,12122,기획 관리자,12122,기획 관리자
KSCO,8,5,12123,재무 관리자,12123,재무 관리자
KSCO,8,5,12124,자재 및 구매 관리자,12124,자재 및 구매 관리자
KSCO,8,5,12129,그 외 경영 지원 관리자,12129,그 외 경영 지원 관리자
KSCO,8,5,12201,마케팅 관리자,12201,마케팅 관리자
KSCO,8,5,12202,광고 및 홍보 관리자,12202,광고 및 홍보 관리자
KSCO,8,5,12209,그 외 마케팅 및 광고ㆍ홍보 관리자,12209,그 외 마케팅 및 광고ㆍ홍보 관리자
KSCO,8,5,13111,인문과학 연구 관리자,13111,인문과학 연구 관리자
KSCO,8,5,13112,사회과학 연구 관리자,13112,사회과학 연구 관리자
KSCO,8,5,13113,생명 및 자연과학 연구 관리자,13113,생명 및 자연과학 연구 관리자
KSCO,8,5,13114,공학 연구 관리자,13114,공학 연구 관리자
KSCO,8,5,13119,그 외 연구 관리자,13119,그 외 연구 관리자
KSCO,8,5,13121,대학교 총장 및 대학 학장,13121,대학교 총장 및 대학 학장
KSCO,8,5,13122,중ㆍ고등학교 교장 및 교감,13122,중ㆍ고등학교 교장 및 교감
KSCO,8,5,13123,초등학교 교장 및 교감,13123,초등학교 교장 및 교감
KSCO,8,5,13124,유치원 원장,13124,유치원 원장
KSCO,8,5,13125,직업교육훈련 및 평생교육 기관 관리자,13129,그 외 교육 관련 관리자
KSCO,8,5,13129,그 외 교육 관련 관리자,13129,그 외 교육 관련 관리자
KSCO,8,5,13131,법률 관리자,13131,법률 관리자
KSCO,8,5,13132,경찰 관리자,13132,경찰 관리자
KSCO,8,5,13133,소방 관리자,13133,소방 관리자
KSCO,8,5,13134,교도 관리자,13134,교도 관리자
KSCO,8,5,13201,보험 관리자,13201,보험 관리자
KSCO,8,5,13202,금융 관리자,13202,금융 관리자
KSCO,8,5,13310,보건 의료 관련 관리자,13310,보건 의료 관련 관리자
KSCO,8,5,13320,사회복지 관련 관리자,13320,사회복지 관련 관리자
KSCO,8,5,13401,공연ㆍ시각예술 관련 관리자,13401,공연ㆍ전시 예술 관련 관리자
KSCO,8,5,13402,디자인 관련 관리자,13402,디자인 관련 관리자
KSCO,8,5,13403,방송ㆍ출판 및 영상 관련 관리자,13403,방송ㆍ출판 및 영상 관련 관리자
KSCO,8,5,13501,컴퓨터 하드웨어 개발 관리자,13501,컴퓨터 하드웨어 개발 관리자
KSCO,8,5,13502,컴퓨터 소프트웨어 개발 관리자,13502,컴퓨터 소프트웨어 개발 관리자
KSCO,8,5,13503,네트워크 및 정보보안 관리자,13503,컴퓨터 운영 관리자
KSCO,8,5,13504,통신 관리자,13504,통신 관리자
KSCO,8,5,13509,그 외 정보 통신 관련 관리자,13509,그 외 정보 통신 관련 관리자
KSCO,8,5,13901,시장 및 여론 조사 관리자,13901,시장 및 여론 조사 관리자
KSCO,8,5,13902,부동산 임대 및 토지개발 서비스 관리자,13902,부동산 및 임대업 관리자
KSCO,8,5,13903,공동주택 관리자,13903,공동주택 관리자
KSCO,8,5,13904,인력 공급 및 알선 서비스 관리자,13904,인력 공급 및 알선 서비스 관리자
KSCO,8,5,13905,장비 및 기계임대 서비스 관리자,13902,부동산 및 임대업 관리자
KSCO,8,5,13909,그 외 전문 서비스 관리자,13909,그 외 전문 서비스 관리자
KSCO,8,5,14111,건축 관련 관리자,14111,건축 관련 관리자
KSCO,8,5,14112,토목 관련 관리자,14112,토목 관련 관리자
KSCO,8,5,14113,조경 관련 관리자,14113,조경 관련 관리자
KSCO,8,5,14114,광업 관련 관리자,14114,광업 관련 관리자
KSCO,8,5,14121,전기 관련 관리자,14121,전기 관련 관리자
KSCO,8,5,14122,가스 관련 관리자,14122,가스 관련 관리자
KSCO,8,5,14123,수도 관련 관리자,14123,수도 관련 관리자
KSCO,8,5,14124,증기 및 온수 관련 관리자,14124,증기 및 온수 관련 관리자
KSCO,8,5,14125,신재생에너지 관련 관리자,14121,전기 관련 관리자
KSCO,8,5,14125,신재생에너지 관련 관리자,14122,가스 관련 관리자
KSCO,8,5,14131,식품 생산 관리자,14131,식품 생산 관리자
KSCO,8,5,14132,섬유 및 의복 제품 생산 관리자,14132,섬유 및 의복 제품 생산 관리자
KSCO,8,5,14133,화학제품 생산 관리자,14133,화학제품 생산 관리자
KSCO,8,5,14134,금속제품 생산 관리자,14134,금속제품 생산 관리자
KSCO,8,5,14135,기계제품 생산 관리자,14135,기계제품 생산 관리자
KSCO,8,5,14136,전기 및 전자 제품 생산 관리자,14136,전기 및 전자 제품 생산 관리자
KSCO,8,5,14139,그 외 제품 생산 관련 관리자,14139,그 외 제품 생산 관련 관리자
KSCO,8,5,14901,농림어업 관련 관리자,14901,농림ㆍ어업 관련 관리자
KSCO,8,5,14902,수리 및 정비 관련 관리자,14902,수리 및 정비 관련 관리자
KSCO,8,5,14909,그 외 건설ㆍ전기 및 생산 관련 관리자,14909,그 외 건설ㆍ전기 및 생산 관련 관리자
KSCO,8,5,15111,영업 관련 관리자,15111,영업 관련 관리자
KSCO,8,5,15112,판매 관련 관리자,15112,판매 관련 관리자
KSCO,8,5,15113,무역 관련 관리자,15113,무역 관련 관리자
KSCO,8,5,15121,육상운송 관리자,15121,육상운송 관련 관리자
KSCO,8,5,15122,해상운송 관리자,15122,해상운송 관련 관리자
KSCO,8,5,15123,항공운송 관리자,15123,항공운송 관련 관리자
KSCO,8,5,15129,그 외 운송 관련 관리자,15121,육상운송 관련 관리자
KSCO,8,5,15211,숙박 관련 관리자,15211,숙박 관련 관리자
KSCO,8,5,15212,여행 관련 관리자,15212,여행 관련 관리자
KSCO,8,5,15213,오락 및 스포츠 관련 관리자,15213,오락 및 스포츠 관련 관리자
KSCO,8,5,15219,그 외 숙박ㆍ여행ㆍ오락 및 스포츠 관련 관리자,15219,그 외 숙박ㆍ여행ㆍ오락 및 스포츠 관련 관리자
KSCO,8,5,15220,음식 서비스 관련 관리자,15220,음식 서비스 관련 관리자
KSCO,8,5,15301,환경 관련 관리자,15301,환경 관련 관리자
KSCO,8,5,15302,청소 관련 관리자,15302,청소 관련 관리자
KSCO,8,5,15303,경비 및 보안 관련 관리자,15303,경비 관련 관리자
KSCO,8,5,15901,회원 단체 관련 관리자,15901,회원 단체 관련 관리자
KSCO,8,5,15909,그 외 판매 및 고객 서비스 관리자,15909,그 외 판매 및 고객 서비스 관리자
KSCO,8,5,21111,생물학 연구원,26202,공공행정 전문가
KSCO,8,5,21111,생물학 연구원,21111,생물학 연구원
KSCO,8,5,21112,의학 연구원,21112,의학 연구원
KSCO,8,5,21112,의학 연구원,26202,공공행정 전문가
KSCO,8,5,21113,약학 연구원,26202,공공행정 전문가
KSCO,8,5,21113,약학 연구원,21113,약학 연구원
KSCO,8,5,21114,농학 연구원,21114,농학 연구원
KSCO,8,5,21114,농학 연구원,26202,공공행정 전문가
KSCO,8,5,21115,임학 연구원,21115,임학 연구원
KSCO,8,5,21115,임학 연구원,26202,공공행정 전문가
KSCO,8,5,21116,수산학 연구원,26202,공공행정 전문가
KSCO,8,5,21116,수산학 연구원,21116,수산학 연구원
KSCO,8,5,21117,식품학 연구원,26202,공공행정 전문가
KSCO,8,5,21117,식품학 연구원,21117,식품학 연구원
KSCO,8,5,21118,축산 및 수의학 연구원,21118,축산 및 수의학 연구원
KSCO,8,5,21118,축산 및 수의학 연구원,26202,공공행정 전문가
KSCO,8,5,21119,그 외 생명과학 연구원,26202,공공행정 전문가
KSCO,8,5,21119,그 외 생명과학 연구원,21119,그 외 생명과학 연구원
KSCO,8,5,21121,물리학 연구원,21121,물리학 연구원
KSCO,8,5,21121,물리학 연구원,26202,공공행정 전문가
KSCO,8,5,21122,화학 연구원,26202,공공행정 전문가
KSCO,8,5,21122,화학 연구원,21122,화학 연구원
KSCO,8,5,21123,수학 및 통계학 연구원,26202,공공행정 전문가
KSCO,8,5,21123,수학 및 통계학 연구원,21123,수학 및 통계학 연구원
KSCO,8,5,21124,지구 및 기상 과학 연구원,21124,지구 및 기상 과학 연구원
KSCO,8,5,21124,지구 및 기상 과학 연구원,26202,공공행정 전문가
KSCO,8,5,21125,천문 및 우주 과학 연구원,21125,천문 및 우주 과학 연구원
KSCO,8,5,21125,천문 및 우주 과학 연구원,26202,공공행정 전문가
KSCO,8,5,21129,그 외 자연과학 연구원,21129,그 외 자연과학 연구원
KSCO,8,5,21129,그 외 자연과학 연구원,26202,공공행정 전문가
KSCO,8,5,21211,철학 연구원,21211,철학 연구원
KSCO,8,5,21211,철학 연구원,26202,공공행정 전문가
KSCO,8,5,21212,역사학 연구원,21212,역사학 연구원
KSCO,8,5,21212,역사학 연구원,26202,공공행정 전문가
KSCO,8,5,21213,언어학 및 문학 연구원,21213,언어학 및 문학 연구원
KSCO,8,5,21213,언어학 및 문학 연구원,26202,공공행정 전문가
KSCO,8,5,21214,인류학 및 고고학 연구원,21214,인류학 연구원
KSCO,8,5,21214,인류학 및 고고학 연구원,26202,공공행정 전문가
KSCO,8,5,21215,교육학 연구원,26202,공공행정 전문가
KSCO,8,5,21215,교육학 연구원,21215,교육학 연구원
KSCO,8,5,21216,심리학 연구원,26202,공공행정 전문가
KSCO,8,5,21216,심리학 연구원,21216,심리학 연구원
KSCO,8,5,21219,그 외 인문과학 연구원,26202,공공행정 전문가
KSCO,8,5,21219,그 외 인문과학 연구원,21219,그 외 인문과학 연구원
KSCO,8,5,21221,정치학 연구원,21221,정치학 연구원
KSCO,8,5,21221,정치학 연구원,26202,공공행정 전문가
KSCO,8,5,21222,경제학 연구원,21222,경제학 연구원
KSCO,8,5,21222,경제학 연구원,26202,공공행정 전문가
KSCO,8,5,21223,경영학 연구원,26202,공공행정 전문가
KSCO,8,5,21223,경영학 연구원,21223,경영학 연구원
KSCO,8,5,21224,사회학 연구원,26202,공공행정 전문가
KSCO,8,5,21224,사회학 연구원,21224,사회학 연구원
KSCO,8,5,21225,사회복지학 연구원,26202,공공행정 전문가
KSCO,8,5,21225,사회복지학 연구원,21225,사회복지학 연구원
KSCO,8,5,21226,언론학 연구원,21226,언론학 연구원
KSCO,8,5,21226,언론학 연구원,26202,공공행정 전문가
KSCO,8,5,21229,그 외 사회과학 연구원,26202,공공행정 전문가
KSCO,8,5,21229,그 외 사회과학 연구원,21229,그 외 사회과학 연구원
KSCO,8,5,21311,생물학 시험원,21311,생물학 시험원
KSCO,8,5,21311,생물학 시험원,26202,공공행정 전문가
KSCO,8,5,21312,의료과학 시험원,26202,공공행정 전문가
KSCO,8,5,21312,의료과학 시험원,21312,의료과학 시험원
KSCO,8,5,21319,그 외 생명과학 시험원,26202,공공행정 전문가
KSCO,8,5,21319,그 외 생명과학 시험원,21319,그 외 생명과학 시험원
KSCO,8,5,21321,농업 시험원,26202,공공행정 전문가
KSCO,8,5,21321,농업 시험원,21321,농업 시험원
KSCO,8,5,21322,임업 시험원,21322,임업 시험원
KSCO,8,5,21322,임업 시험원,26202,공공행정 전문가
KSCO,8,5,21323,어업 시험원,26202,공공행정 전문가
KSCO,8,5,21323,어업 시험원,21323,어업 시험원
KSCO,8,5,21331,물리학 시험원,26202,공공행정 전문가
KSCO,8,5,21331,물리학 시험원,21331,물리학 시험원
KSCO,8,5,21332,화학 시험원,26202,공공행정 전문가
KSCO,8,5,21332,화학 시험원,21332,화학 시험원
KSCO,8,5,21333,지구 및 기상 과학 시험원,26202,공공행정 전문가
KSCO,8,5,21333,지구 및 기상 과학 시험원,21333,지구 및 기상 과학 시험원
KSCO,8,5,21334,천문 및 우주 과학 시험원,26202,공공행정 전문가
KSCO,8,5,21334,천문 및 우주 과학 시험원,21334,천문 및 우주 과학 시험원
KSCO,8,5,21339,그 외 자연과학 시험원,21339,그 외 자연과학 시험원
KSCO,8,5,21339,그 외 자연과학 시험원,26202,공공행정 전문가
KSCO,8,5,22110,컴퓨터 하드웨어 기술자 및 연구원,26202,공공행정 전문가
KSCO,8,5,22110,컴퓨터 하드웨어 기술자 및 연구원,22110,컴퓨터 하드웨어 기술자 및 연구원
KSCO,8,5,22121,통신기기 기술자 및 연구원,22121,통신기기 기술자 및 연구원
KSCO,8,5,22121,통신기기 기술자 및 연구원,26202,공공행정 전문가
KSCO,8,5,22122,통신장비 기술자 및 연구원,26202,공공행정 전문가
KSCO,8,5,22122,통신장비 기술자 및 연구원,22122,통신장비 기술자 및 연구원
KSCO,8,5,22123,통신기술 기술자 및 연구원,22123,통신기술 기술자 및 연구원
KSCO,8,5,22123,통신기술 기술자 및 연구원,26202,공공행정 전문가
KSCO,8,5,22124,통신망 운영 기술자 및 연구원,26202,공공행정 전문가
KSCO,8,5,22124,통신망 운영 기술자 및 연구원,22124,통신망 운영 기술자 및 연구원
KSCO,8,5,22129,그 외 통신공학 기술자 및 연구원,26202,공공행정 전문가
KSCO,8,5,22129,그 외 통신공학 기술자 및 연구원,22129,그 외 통신공학 기술자 및 연구원
KSCO,8,5,22211,정보통신기술 컨설턴트,22211,정보 통신 컨설턴트
KSCO,8,5,22211,정보통신기술 컨설턴트,26202,공공행정 전문가
KSCO,8,5,22212,컴퓨터 시스템 감리 전문가,26202,공공행정 전문가
KSCO,8,5,22212,컴퓨터 시스템 감리 전문가,22212,컴퓨터 시스템 감리 전문가
KSCO,8,5,22213,컴퓨터 시스템 설계 및 분석가,26202,공공행정 전문가
KSCO,8,5,22213,컴퓨터 시스템 설계 및 분석가,22213,컴퓨터 시스템 설계 및 분석가
KSCO,8,5,22221,시스템 소프트웨어 설계 및 분석가,26202,공공행정 전문가
KSCO,8,5,22221,시스템 소프트웨어 설계 및 분석가,22221,시스템 소프트웨어 설계 및 분석가
KSCO,8,5,22222,시스템 소프트웨어 프로그래머,26202,공공행정 전문가
KSCO,8,5,22222,시스템 소프트웨어 프로그래머,22222,시스템 소프트웨어 프로그래머
KSCO,8,5,22231,범용 소프트웨어 개발자,26202,공공행정 전문가
KSCO,8,5,22231,범용 소프트웨어 개발자,22231,범용 소프트웨어 프로그래머
KSCO,8,5,22232,산업 특화 소프트웨어 개발자,22232,산업 특화 소프트웨어 프로그래머
KSCO,8,5,22232,산업 특화 소프트웨어 개발자,26202,공공행정 전문가
KSCO,8,5,22233,모바일 애플리케이션 개발자,26202,공공행정 전문가
KSCO,8,5,22233,모바일 애플리케이션 개발자,22233,모바일 애플리케이션 프로그래머
KSCO,8,5,22234,게임 개발자 ,22234,게임 프로그래머
KSCO,8,5,22234,게임 개발자 ,26202,공공행정 전문가
KSCO,8,5,22235,네트워크 프로그램 개발자,26202,공공행정 전문가
KSCO,8,5,22235,네트워크 프로그램 개발자,22235,네트워크 프로그래머
KSCO,8,5,22239,그 외 응용 소프트웨어 개발자 ,26202,공공행정 전문가
KSCO,8,5,22239,그 외 응용 소프트웨어 개발자 ,22239,그 외 응용 소프트웨어 프로그래머
KSCO,8,5,22241,웹 기획자,22242,웹 기획자
KSCO,8,5,22241,웹 기획자,26202,공공행정 전문가
KSCO,8,5,22242,웹 프로그래머,22241,웹 프로그래머
KSCO,8,5,22242,웹 프로그래머,26202,공공행정 전문가
KSCO,8,5,22291,소프트웨어 품질관리 전문가,26202,공공행정 전문가
KSCO,8,5,22291,소프트웨어 품질관리 전문가,22290,그 외 컴퓨터 시스템 및 소프트웨어 전문가
KSCO,8,5,22299,그 외 컴퓨터 시스템 및 소프트웨어 전문가,22290,그 외 컴퓨터 시스템 및 소프트웨어 전문가
KSCO,8,5,22299,그 외 컴퓨터 시스템 및 소프트웨어 전문가,26202,공공행정 전문가
KSCO,8,5,22310,네트워크 시스템 개발자,26202,공공행정 전문가
KSCO,8,5,22310,네트워크 시스템 개발자,22320,네트워크 시스템 개발자
KSCO,8,5,22320,정보 보안 전문가,26202,공공행정 전문가
KSCO,8,5,22320,정보 보안 전문가,22330,정보 보안 전문가
KSCO,8,5,22391,디지털 포렌식 전문가,26202,공공행정 전문가
KSCO,8,5,22391,디지털 포렌식 전문가,22390,그 외 데이터 및 네트워크 관련 전문가
KSCO,8,5,22399,그 외 네트워크 및 정보 보안 전문가,22390,그 외 데이터 및 네트워크 관련 전문가
KSCO,8,5,22399,그 외 네트워크 및 정보 보안 전문가,26202,공공행정 전문가
KSCO,8,5,22411,데이터 설계 및 프로그래머,22311,데이터 설계 및 프로그래머
KSCO,8,5,22411,데이터 설계 및 프로그래머,26202,공공행정 전문가
KSCO,8,5,22412,데이터베이스 관리 및 운영자,26202,공공행정 전문가
KSCO,8,5,22412,데이터베이스 관리 및 운영자,22313,데이터 관리 및 운영자
KSCO,8,5,22420,데이터 분석가,26202,공공행정 전문가
KSCO,8,5,22420,데이터 분석가,22312,데이터 분석가
KSCO,8,5,22510,정보 시스템 운영자,22410,정보 시스템 운영자
KSCO,8,5,22510,정보 시스템 운영자,26202,공공행정 전문가
KSCO,8,5,22520,웹 운영자,22420,웹 운영자
KSCO,8,5,22520,웹 운영자,26202,공공행정 전문가
KSCO,8,5,22601,통신 장비 기사,22501,통신장비 기사
KSCO,8,5,22601,통신 장비 기사,26202,공공행정 전문가
KSCO,8,5,22602,방송 송출 장비 기사,22502,방송 송출 장비 기사
KSCO,8,5,22602,방송 송출 장비 기사,26202,공공행정 전문가
KSCO,8,5,23110,건축가,26202,공공행정 전문가
KSCO,8,5,23110,건축가,23110,건축가
KSCO,8,5,23121,건축구조 기술자,26202,공공행정 전문가
KSCO,8,5,23121,건축구조 기술자,23121,건축구조 기술자
KSCO,8,5,23122,건축감리 기술자,26202,공공행정 전문가
KSCO,8,5,23122,건축감리 기술자,23122,건축감리 기술자
KSCO,8,5,23123,건축시공 기술자,26202,공공행정 전문가
KSCO,8,5,23123,건축시공 기술자,23123,건축시공 기술자
KSCO,8,5,23124,건축설비 기술자,23124,건축설비 기술자
KSCO,8,5,23124,건축설비 기술자,26202,공공행정 전문가
KSCO,8,5,23125,건축안전 기술자,26202,공공행정 전문가
KSCO,8,5,23125,건축안전 기술자,23125,건축안전 기술자
KSCO,8,5,23126,건축에너지 관리 및 평가 기술자,23126,건축에너지 관리 및 평가 기술자
KSCO,8,5,23126,건축에너지 관리 및 평가 기술자,26202,공공행정 전문가
KSCO,8,5,23129,그 외 건축 관련 기술자,23129,그 외 건축 관련 기술자
KSCO,8,5,23129,그 외 건축 관련 기술자,26202,공공행정 전문가
KSCO,8,5,23131,토목구조 설계 기술자,23131,토목구조 설계 기술자
KSCO,8,5,23131,토목구조 설계 기술자,26202,공공행정 전문가
KSCO,8,5,23132,토목감리 기술자,23132,토목감리 기술자
KSCO,8,5,23132,토목감리 기술자,26202,공공행정 전문가
KSCO,8,5,23133,토목시공 기술자,26202,공공행정 전문가
KSCO,8,5,23133,토목시공 기술자,23133,토목시공 기술자
KSCO,8,5,23134,토목안전 기술자,26202,공공행정 전문가
KSCO,8,5,23134,토목안전 기술자,23134,토목안전 기술자
KSCO,8,5,23139,그 외 토목 관련 기술자,26202,공공행정 전문가
KSCO,8,5,23139,그 외 토목 관련 기술자,23139,그 외 토목 관련 기술자
KSCO,8,5,23141,조경 계획 및 설계 기술자,23141,조경 계획 및 설계 기술자
KSCO,8,5,23141,조경 계획 및 설계 기술자,26202,공공행정 전문가
KSCO,8,5,23142,조경감리 기술자,23142,조경감리 기술자
KSCO,8,5,23142,조경감리 기술자,26202,공공행정 전문가
KSCO,8,5,23143,조경시공 기술자,23149,그 외 조경 관련 기술자
KSCO,8,5,23143,조경시공 기술자,26202,공공행정 전문가
KSCO,8,5,23149,그 외 조경 관련 기술자,26202,공공행정 전문가
KSCO,8,5,23149,그 외 조경 관련 기술자,23149,그 외 조경 관련 기술자
KSCO,8,5,23151,도시 계획 및 설계가,23151,도시 계획 및 설계가
KSCO,8,5,23151,도시 계획 및 설계가,26202,공공행정 전문가
KSCO,8,5,23152,교통 계획 및 설계가,23152,교통 계획 및 설계가
KSCO,8,5,23152,교통 계획 및 설계가,26202,공공행정 전문가
KSCO,8,5,23153,교통안전 연구원,26202,공공행정 전문가
KSCO,8,5,23153,교통안전 연구원,23153,교통안전 연구원
KSCO,8,5,23154,교통영향 평가원,26202,공공행정 전문가
KSCO,8,5,23154,교통영향 평가원,23154,교통영향 평가원
KSCO,8,5,23159,그 외 도시 및 교통 관련 전문가,26202,공공행정 전문가
KSCO,8,5,23159,그 외 도시 및 교통 관련 전문가,23159,그 외 도시 및 교통 관련 전문가
KSCO,8,5,23161,측량 및 지리정보 기술자,26202,공공행정 전문가
KSCO,8,5,23161,측량 및 지리정보 기술자,23161,측량 및 지리 정보 기술자
KSCO,8,5,23162,사진측량 및 원격탐사 분석가,23162,사진측량 및 분석가
KSCO,8,5,23162,사진측량 및 원격탐사 분석가,26202,공공행정 전문가
KSCO,8,5,23163,지도 제작 기술자,26202,공공행정 전문가
KSCO,8,5,23163,지도 제작 기술자,23163,지도 제작 기술자
KSCO,8,5,23164,공간정보 시스템 전문가,26202,공공행정 전문가
KSCO,8,5,23164,공간정보 시스템 전문가,23164,지리 정보 시스템 전문가
KSCO,8,5,23169,그 외 측량 및 공간정보 전문가,23161,측량 및 지리 정보 기술자
KSCO,8,5,23169,그 외 측량 및 공간정보 전문가,23162,사진측량 및 분석가
KSCO,8,5,23169,그 외 측량 및 공간정보 전문가,23163,지도 제작 기술자
KSCO,8,5,23169,그 외 측량 및 공간정보 전문가,23164,지리 정보 시스템 전문가
KSCO,8,5,23169,그 외 측량 및 공간정보 전문가,26202,공공행정 전문가
KSCO,8,5,23170,건설자재 시험원,23170,건설자재 시험원
KSCO,8,5,23170,건설자재 시험원,26202,공공행정 전문가
KSCO,8,5,23211,석유화학 기술자 및 연구원,23211,석유화학 기술자 및 연구원
KSCO,8,5,23211,석유화학 기술자 및 연구원,26202,공공행정 전문가
KSCO,8,5,23212,고무ㆍ플라스틱 기술자 및 연구원,23212,고무ㆍ플라스틱 기술자 및 연구원
KSCO,8,5,23212,고무ㆍ플라스틱 기술자 및 연구원,26202,공공행정 전문가
KSCO,8,5,23213,농약ㆍ비료 기술자 및 연구원,26202,공공행정 전문가
KSCO,8,5,23213,농약ㆍ비료 기술자 및 연구원,23213,농약ㆍ비료 기술자 및 연구원
KSCO,8,5,23214,도료제품 기술자 및 연구원,26202,공공행정 전문가
KSCO,8,5,23214,도료제품 기술자 및 연구원,23214,도료제품 기술자 및 연구원
KSCO,8,5,23215,화장품ㆍ비누제품 기술자 및 연구원,26202,공공행정 전문가
KSCO,8,5,23215,화장품ㆍ비누제품 기술자 및 연구원,23215,화장품ㆍ비누제품 기술자 및 연구원
KSCO,8,5,23219,그 외 화학공학 기술자 및 연구원,23219,그 외 화학공학 기술자 및 연구원
KSCO,8,5,23219,그 외 화학공학 기술자 및 연구원,26202,공공행정 전문가
KSCO,8,5,23221,석유화학 시험원,26202,공공행정 전문가
KSCO,8,5,23221,석유화학 시험원,23221,석유화학 시험원
KSCO,8,5,23222,고무 및 플라스틱 시험원,23222,고무 및 플라스틱 시험원
KSCO,8,5,23222,고무 및 플라스틱 시험원,26202,공공행정 전문가
KSCO,8,5,23223,농약 및 비료 시험원,26202,공공행정 전문가
KSCO,8,5,23223,농약 및 비료 시험원,23223,농약 및 비료 시험원
KSCO,8,5,23224,도료제품 시험원,26202,공공행정 전문가
KSCO,8,5,23224,도료제품 시험원,23224,도료제품 시험원
KSCO,8,5,23225,화장품 및 비누제품 시험원,26202,공공행정 전문가
KSCO,8,5,23225,화장품 및 비누제품 시험원,23225,화장품 및 비누제품 시험원
KSCO,8,5,23229,그 외 화학공학 시험원,23229,그 외 화학공학 시험원
KSCO,8,5,23229,그 외 화학공학 시험원,26202,공공행정 전문가
KSCO,8,5,23311,금속공학 기술자 및 연구원,26202,공공행정 전문가
KSCO,8,5,23311,금속공학 기술자 및 연구원,23311,금속공학 기술자 및 연구원
KSCO,8,5,23312,요업ㆍ세라믹공학 기술자 및 연구원,23312,요업ㆍ세라믹공학 기술자 및 연구원
KSCO,8,5,23312,요업ㆍ세라믹공학 기술자 및 연구원,26202,공공행정 전문가
KSCO,8,5,23313,시멘트공학 기술자 및 연구원,23313,시멘트공학 기술자 및 연구원
KSCO,8,5,23313,시멘트공학 기술자 및 연구원,26202,공공행정 전문가
KSCO,8,5,23319,그 외 금속ㆍ재료공학 기술자 및 연구원,23319,그 외 금속ㆍ재료 공학 기술자 및 연구원
KSCO,8,5,23319,그 외 금속ㆍ재료공학 기술자 및 연구원,26202,공공행정 전문가
KSCO,8,5,23321,금속공학 시험원,26202,공공행정 전문가
KSCO,8,5,23321,금속공학 시험원,23321,금속공학 시험원
KSCO,8,5,23322,요업 및 세라믹공학 시험원,26202,공공행정 전문가
KSCO,8,5,23322,요업 및 세라믹공학 시험원,23322,요업 및 세라믹 공학 시험원
KSCO,8,5,23323,시멘트공학 시험원,23323,시멘트공학 시험원
KSCO,8,5,23323,시멘트공학 시험원,26202,공공행정 전문가
KSCO,8,5,23329,그 외 금속 및 재료공학 시험원,26202,공공행정 전문가
KSCO,8,5,23329,그 외 금속 및 재료공학 시험원,23329,그 외 금속 및 재료 공학 시험원
KSCO,8,5,23411,전기제품 개발 기술자 및 연구원,26202,공공행정 전문가
KSCO,8,5,23411,전기제품 개발 기술자 및 연구원,23411,전기제품 개발 기술자 및 연구원
KSCO,8,5,23412,발전설비 기술자 및 연구원,26202,공공행정 전문가
KSCO,8,5,23412,발전설비 기술자 및 연구원,23412,발전설비 기술자 및 연구원
KSCO,8,5,23413,송배전설비 기술자 및 연구원,26202,공공행정 전문가
KSCO,8,5,23413,송배전설비 기술자 및 연구원,23413,송배전설비 기술자 및 연구원
KSCO,8,5,23414,전기계측 제어 기술자 및 연구원,26202,공공행정 전문가
KSCO,8,5,23414,전기계측 제어 기술자 및 연구원,23414,전기계측 제어 기술자 및 연구원
KSCO,8,5,23415,전기 감리 기술자 및 연구원,23415,전기 감리 기술자 및 연구원
KSCO,8,5,23415,전기 감리 기술자 및 연구원,26202,공공행정 전문가
KSCO,8,5,23416,전기 안전 기술자 및 연구원,26202,공공행정 전문가
KSCO,8,5,23416,전기 안전 기술자 및 연구원,23416,전기 안전 기술자 및 연구원
KSCO,8,5,23419,그 외 전기공학 기술자 및 연구원,26202,공공행정 전문가
KSCO,8,5,23419,그 외 전기공학 기술자 및 연구원,23419,그 외 전기공학 기술자 및 연구원
KSCO,8,5,23421,메모리반도체 기술자 및 연구원,26202,공공행정 전문가
KSCO,8,5,23421,메모리반도체 기술자 및 연구원,23422,반도체공학 기술자 및 연구원
KSCO,8,5,23422,시스템반도체 기술자 및 연구원,26202,공공행정 전문가
KSCO,8,5,23422,시스템반도체 기술자 및 연구원,23422,반도체공학 기술자 및 연구원
KSCO,8,5,23423,반도체 공정ㆍ장비 기술자 및 연구원,26202,공공행정 전문가
KSCO,8,5,23423,반도체 공정ㆍ장비 기술자 및 연구원,23422,반도체공학 기술자 및 연구원
KSCO,8,5,23424,반도체소재 기술자 및 연구원,26202,공공행정 전문가
KSCO,8,5,23424,반도체소재 기술자 및 연구원,23422,반도체공학 기술자 및 연구원
KSCO,8,5,23431,전자제품 개발 기술자 및 연구원,26202,공공행정 전문가
KSCO,8,5,23431,전자제품 개발 기술자 및 연구원,23421,전자제품 개발 기술자 및 연구원
KSCO,8,5,23432,전자계측 제어 기술자 및 연구원,26202,공공행정 전문가
KSCO,8,5,23432,전자계측 제어 기술자 및 연구원,23423,전자계측 제어 기술자 및 연구원
KSCO,8,5,23433,전자 의료기기 개발 기술자 및 연구원,26202,공공행정 전문가
KSCO,8,5,23433,전자 의료기기 개발 기술자 및 연구원,23424,전자 의료기기 개발 기술자 및 연구원
KSCO,8,5,23439,그 외 전자공학 기술자 및 연구원,26202,공공행정 전문가
KSCO,8,5,23439,그 외 전자공학 기술자 및 연구원,23429,그 외 전자공학 기술자 및 연구원
KSCO,8,5,23441,전기공학 시험원,23431,전기공학 시험원
KSCO,8,5,23441,전기공학 시험원,26202,공공행정 전문가
KSCO,8,5,23442,반도체공학 시험원,23432,전자공학 시험원
KSCO,8,5,23442,반도체공학 시험원,26202,공공행정 전문가
KSCO,8,5,23443,전자공학 시험원,26202,공공행정 전문가
KSCO,8,5,23443,전자공학 시험원,23432,전자공학 시험원
KSCO,8,5,23511,금형공학 기술자 및 연구원,23511,금형공학 기술자 및 연구원
KSCO,8,5,23511,금형공학 기술자 및 연구원,26202,공공행정 전문가
KSCO,8,5,23512,플랜트공학 기술자 및 연구원,23512,플랜트공학 기술자 및 연구원
KSCO,8,5,23512,플랜트공학 기술자 및 연구원,26202,공공행정 전문가
KSCO,8,5,23513,냉난방ㆍ공조공학 기술자 및 연구원,26202,공공행정 전문가
KSCO,8,5,23513,냉난방ㆍ공조공학 기술자 및 연구원,23513,냉난방ㆍ공조공학 기술자 및 연구원
KSCO,8,5,23514,건설기계공학 기술자 및 연구원,26202,공공행정 전문가
KSCO,8,5,23514,건설기계공학 기술자 및 연구원,23514,건설기계공학 기술자 및 연구원
KSCO,8,5,23515,산업기계공학 기술자 및 연구원,23515,산업기계공학 기술자 및 연구원
KSCO,8,5,23515,산업기계공학 기술자 및 연구원,26202,공공행정 전문가
KSCO,8,5,23516,자동차공학 기술자 및 연구원,26202,공공행정 전문가
KSCO,8,5,23516,자동차공학 기술자 및 연구원,23516,자동차공학 기술자 및 연구원
KSCO,8,5,23517,조선공학 기술자 및 연구원,26202,공공행정 전문가
KSCO,8,5,23517,조선공학 기술자 및 연구원,23517,조선공학 기술자 및 연구원
KSCO,8,5,23518,항공기ㆍ철도차량공학 기술자 및 연구원,26202,공공행정 전문가
KSCO,8,5,23518,항공기ㆍ철도차량공학 기술자 및 연구원,23518,항공기ㆍ철도 차량 공학 기술자 및 연구원
KSCO,8,5,23519,그 외 기계공학 기술자 및 연구원,23519,그 외 기계공학 기술자 및 연구원
KSCO,8,5,23519,그 외 기계공학 기술자 및 연구원,26202,공공행정 전문가
KSCO,8,5,23520,로봇공학 기술자 및 연구원,26202,공공행정 전문가
KSCO,8,5,23520,로봇공학 기술자 및 연구원,23520,로봇공학 기술자 및 연구원
KSCO,8,5,23531,기계공학 시험원,26202,공공행정 전문가
KSCO,8,5,23531,기계공학 시험원,23531,기계공학 시험원
KSCO,8,5,23532,로봇공학 시험원,23532,로봇공학 시험원
KSCO,8,5,23532,로봇공학 시험원,26202,공공행정 전문가
KSCO,8,5,23610,방재 기술자 및 연구원,26202,공공행정 전문가
KSCO,8,5,23610,방재 기술자 및 연구원,23610,방재 기술자 및 연구원
KSCO,8,5,23621,소방설계 기술자 및 연구원,26202,공공행정 전문가
KSCO,8,5,23621,소방설계 기술자 및 연구원,23621,소방설계 기술자 및 연구원
KSCO,8,5,23622,소방시설 공사 기술자 및 연구원,26202,공공행정 전문가
KSCO,8,5,23622,소방시설 공사 기술자 및 연구원,23622,소방시설 공사 기술자 및 연구원
KSCO,8,5,23623,소방 공사 감리 기술자 및 연구원,26202,공공행정 전문가
KSCO,8,5,23623,소방 공사 감리 기술자 및 연구원,23623,소방 공사 감리 기술자 및 연구원
KSCO,8,5,23629,그 외 소방공학 기술자 및 연구원,23629,그 외 소방공학 기술자 및 연구원
KSCO,8,5,23629,그 외 소방공학 기술자 및 연구원,26202,공공행정 전문가
KSCO,8,5,23631,산업안전 관리원,23641,산업 안전원
KSCO,8,5,23631,산업안전 관리원,26202,공공행정 전문가
KSCO,8,5,23632,산업위험 관리원,23642,위험 관리원
KSCO,8,5,23632,산업위험 관리원,26202,공공행정 전문가
KSCO,8,5,23641,산업보건 관리원,23651,보건 위생 검사원
KSCO,8,5,23641,산업보건 관리원,26202,공공행정 전문가
KSCO,8,5,23642,산업환경 관리원,23652,환경 검사원
KSCO,8,5,23642,산업환경 관리원,26202,공공행정 전문가
KSCO,8,5,23651,소방공학 시험원,26202,공공행정 전문가
KSCO,8,5,23651,소방공학 시험원,23630,소방공학 시험원
KSCO,8,5,23652,안전 관련 비파괴 검사원,26202,공공행정 전문가
KSCO,8,5,23652,안전 관련 비파괴 검사원,23660,비파괴 검사원
KSCO,8,5,23659,그 외 소방ㆍ방재 및 산업안전 시험원,26202,공공행정 전문가
KSCO,8,5,23659,그 외 소방ㆍ방재 및 산업안전 시험원,23649,그 외 산업 안전 및 위험 관리원
KSCO,8,5,23711,대기 환경 기술자 및 연구원,26202,공공행정 전문가
KSCO,8,5,23711,대기 환경 기술자 및 연구원,23711,대기 환경 기술자 및 연구원
KSCO,8,5,23712,수질 환경 기술자 및 연구원,26202,공공행정 전문가
KSCO,8,5,23712,수질 환경 기술자 및 연구원,23712,수질 환경 기술자 및 연구원
KSCO,8,5,23713,토양 환경 기술자 및 연구원,23713,토양 환경 기술자 및 연구원
KSCO,8,5,23713,토양 환경 기술자 및 연구원,26202,공공행정 전문가
KSCO,8,5,23714,소음 진동 기술자 및 연구원,26202,공공행정 전문가
KSCO,8,5,23714,소음 진동 기술자 및 연구원,23714,소음 진동 기술자 및 연구원
KSCO,8,5,23715,폐기물 처리 기술자 및 연구원,23715,폐기물 처리 기술자 및 연구원
KSCO,8,5,23715,폐기물 처리 기술자 및 연구원,26202,공공행정 전문가
KSCO,8,5,23716,환경 영향 평가원,26202,공공행정 전문가
KSCO,8,5,23716,환경 영향 평가원,23716,환경 영향 평가원
KSCO,8,5,23719,그 외 환경공학 기술자 및 연구원,26202,공공행정 전문가
KSCO,8,5,23719,그 외 환경공학 기술자 및 연구원,23719,그 외 환경공학 기술자 및 연구원
KSCO,8,5,23720,신재생에너지 기술자 및 연구원,26202,공공행정 전문가
KSCO,8,5,23720,신재생에너지 기술자 및 연구원,23720,가스ㆍ에너지 기술자 및 연구원
KSCO,8,5,23730,가스ㆍ에너지 기술자 및 연구원,26202,공공행정 전문가
KSCO,8,5,23730,가스ㆍ에너지 기술자 및 연구원,23720,가스ㆍ에너지 기술자 및 연구원
KSCO,8,5,23741,대기 환경 시험원,26202,공공행정 전문가
KSCO,8,5,23741,대기 환경 시험원,23731,대기 환경 시험원
KSCO,8,5,23742,수질 환경 시험원,23732,수질 환경 시험원
KSCO,8,5,23742,수질 환경 시험원,26202,공공행정 전문가
KSCO,8,5,23743,토양 환경 시험원,26202,공공행정 전문가
KSCO,8,5,23743,토양 환경 시험원,23733,토양 환경 시험원
KSCO,8,5,23744,소음 진동 시험원,23734,소음 진동 시험원
KSCO,8,5,23744,소음 진동 시험원,26202,공공행정 전문가
KSCO,8,5,23745,폐기물 처리 시험원,23735,폐기물 처리 시험원
KSCO,8,5,23745,폐기물 처리 시험원,26202,공공행정 전문가
KSCO,8,5,23746,환경 영향 시험원,26202,공공행정 전문가
KSCO,8,5,23746,환경 영향 시험원,23736,환경 영향 시험원
KSCO,8,5,23749,그 외 환경공학 관련 시험원,26202,공공행정 전문가
KSCO,8,5,23749,그 외 환경공학 관련 시험원,23739,그 외 환경공학 관련 시험원
KSCO,8,5,23750,신재생에너지 시험원,26202,공공행정 전문가
KSCO,8,5,23750,신재생에너지 시험원,23740,가스 및 에너지 시험원
KSCO,8,5,23760,가스 및 에너지 시험원,26202,공공행정 전문가
KSCO,8,5,23760,가스 및 에너지 시험원,23740,가스 및 에너지 시험원
KSCO,8,5,23811,비행기 조종사,26202,공공행정 전문가
KSCO,8,5,23811,비행기 조종사,23811,비행기 조종사
KSCO,8,5,23812,헬리콥터 조종사,26202,공공행정 전문가
KSCO,8,5,23812,헬리콥터 조종사,23812,헬리콥터 조종사
KSCO,8,5,23821,선장,26202,공공행정 전문가
KSCO,8,5,23821,선장,23821,선장
KSCO,8,5,23822,항해사,26202,공공행정 전문가
KSCO,8,5,23822,항해사,23822,항해사
KSCO,8,5,23823,선박 기관사,23823,선박 기관사
KSCO,8,5,23823,선박 기관사,26202,공공행정 전문가
KSCO,8,5,23824,도선사,23824,도선사
KSCO,8,5,23824,도선사,26202,공공행정 전문가
KSCO,8,5,23831,항공교통 관제사,26202,공공행정 전문가
KSCO,8,5,23831,항공교통 관제사,23831,항공교통 관제사
KSCO,8,5,23832,선박교통 관제사,23832,선박교통 관제사
KSCO,8,5,23832,선박교통 관제사,26202,공공행정 전문가
KSCO,8,5,23833,철도교통 관제사,23833,철도교통 관제사
KSCO,8,5,23833,철도교통 관제사,26202,공공행정 전문가
KSCO,8,5,23910,식품공학 기술자 및 연구원,23910,식품공학 기술자 및 연구원
KSCO,8,5,23910,식품공학 기술자 및 연구원,26202,공공행정 전문가
KSCO,8,5,23921,섬유 소재 개발 기술자 및 연구원,26202,공공행정 전문가
KSCO,8,5,23921,섬유 소재 개발 기술자 및 연구원,23921,섬유 소재 개발 기술자 및 연구원
KSCO,8,5,23922,섬유 공정 개발 기술자 및 연구원,26202,공공행정 전문가
KSCO,8,5,23922,섬유 공정 개발 기술자 및 연구원,23922,섬유 공정 개발 기술자 및 연구원
KSCO,8,5,23923,염색 개발 공학 기술자 및 연구원,23923,염색 개발 공학 기술자 및 연구원
KSCO,8,5,23923,염색 개발 공학 기술자 및 연구원,26202,공공행정 전문가
KSCO,8,5,23930,식품공학 시험원,26202,공공행정 전문가
KSCO,8,5,23930,식품공학 시험원,23930,식품공학 시험원
KSCO,8,5,23940,섬유공학 시험원,26202,공공행정 전문가
KSCO,8,5,23940,섬유공학 시험원,23940,섬유공학 시험원
KSCO,8,5,23951,건축 제도사,23951,건축 제도사
KSCO,8,5,23951,건축 제도사,26202,공공행정 전문가
KSCO,8,5,23952,토목 제도사,26202,공공행정 전문가
KSCO,8,5,23952,토목 제도사,23952,토목 제도사
KSCO,8,5,23953,기계 제도사,26202,공공행정 전문가
KSCO,8,5,23953,기계 제도사,23953,기계 제도사
KSCO,8,5,23954,전기 및 전자 장비 제도사,23954,전기 및 전자 장비 제도사
KSCO,8,5,23954,전기 및 전자 장비 제도사,26202,공공행정 전문가
KSCO,8,5,23959,그 외 제도사,26202,공공행정 전문가
KSCO,8,5,23959,그 외 제도사,23959,그 외 제도사
KSCO,8,5,23990,그 외 공학 관련 기술자 및 시험원,23990,그 외 공학 관련 기술자 및 시험원
KSCO,8,5,23990,그 외 공학 관련 기술자 및 시험원,26202,공공행정 전문가
KSCO,8,5,24111,내과 전문 의사,26202,공공행정 전문가
KSCO,8,5,24111,내과 전문 의사,24111,내과 전문 의사
KSCO,8,5,24112,외과 전문 의사,26202,공공행정 전문가
KSCO,8,5,24112,외과 전문 의사,24112,외과 전문 의사
KSCO,8,5,24113,소아청소년과 전문 의사,26202,공공행정 전문가
KSCO,8,5,24113,소아청소년과 전문 의사,24113,소아청소년과 전문 의사
KSCO,8,5,24114,산부인과 전문 의사,26202,공공행정 전문가
KSCO,8,5,24114,산부인과 전문 의사,24114,산부인과 전문 의사
KSCO,8,5,24115,정신건강의학과 및 신경과 전문 의사,26202,공공행정 전문가
KSCO,8,5,24115,정신건강의학과 및 신경과 전문 의사,24115,정신건강의학과 및 신경과 전문 의사
KSCO,8,5,24116,안과 및 이비인후과 전문 의사,26202,공공행정 전문가
KSCO,8,5,24116,안과 및 이비인후과 전문 의사,24116,안과 및 이비인후과 전문 의사
KSCO,8,5,24117,피부과 및 비뇨의학과 전문 의사,24117,피부과 및 비뇨기과 전문 의사
KSCO,8,5,24117,피부과 및 비뇨의학과 전문 의사,26202,공공행정 전문가
KSCO,8,5,24118,영상의학과 및 병리과 전문 의사,26202,공공행정 전문가
KSCO,8,5,24118,영상의학과 및 병리과 전문 의사,24118,영상의학과 및 병리과 전문 의사
KSCO,8,5,24119,그 외 전문 의사,24119,그 외 전문 의사
KSCO,8,5,24119,그 외 전문 의사,26202,공공행정 전문가
KSCO,8,5,24120,일반 의사,24120,일반 의사
KSCO,8,5,24120,일반 의사,26202,공공행정 전문가
KSCO,8,5,24131,전문 한의사,24131,전문 한의사
KSCO,8,5,24131,전문 한의사,26202,공공행정 전문가
KSCO,8,5,24132,일반 한의사,26202,공공행정 전문가
KSCO,8,5,24132,일반 한의사,24132,일반 한의사
KSCO,8,5,24141,전문 치과의사,26202,공공행정 전문가
KSCO,8,5,24141,전문 치과의사,24141,치과 전문 의사
KSCO,8,5,24142,일반 치과의사,26202,공공행정 전문가
KSCO,8,5,24142,일반 치과의사,24142,치과 일반 의사
KSCO,8,5,24201,동물병원 수의사,24150,수의사
KSCO,8,5,24201,동물병원 수의사,26202,공공행정 전문가
KSCO,8,5,24209,그 외 수의사,24150,수의사
KSCO,8,5,24209,그 외 수의사,26202,공공행정 전문가
KSCO,8,5,24311,전문 약사,24201,약사
KSCO,8,5,24311,전문 약사,26202,공공행정 전문가
KSCO,8,5,24312,일반 약사,24201,약사
KSCO,8,5,24312,일반 약사,26202,공공행정 전문가
KSCO,8,5,24320,한약사,24202,한약사
KSCO,8,5,24320,한약사,26202,공공행정 전문가
KSCO,8,5,24401,전문 간호사,26202,공공행정 전문가
KSCO,8,5,24401,전문 간호사,24301,전문 간호사
KSCO,8,5,24402,일반 간호사,26202,공공행정 전문가
KSCO,8,5,24402,일반 간호사,24302,일반 간호사
KSCO,8,5,24403,보건교사,24303,보건교사
KSCO,8,5,24403,보건교사,26202,공공행정 전문가
KSCO,8,5,24404,조산사,24304,조산사
KSCO,8,5,24404,조산사,26202,공공행정 전문가
KSCO,8,5,24501,임상 영양사,24401,임상영양사
KSCO,8,5,24501,임상 영양사,26202,공공행정 전문가
KSCO,8,5,24502,일반 영양사,24402,일반영양사
KSCO,8,5,24502,일반 영양사,26202,공공행정 전문가
KSCO,8,5,24503,영양교사,24403,영양교사
KSCO,8,5,24503,영양교사,26202,공공행정 전문가
KSCO,8,5,24610,임상병리사,26202,공공행정 전문가
KSCO,8,5,24610,임상병리사,24510,임상병리사
KSCO,8,5,24620,방사선사,24520,방사선사
KSCO,8,5,24620,방사선사,26202,공공행정 전문가
KSCO,8,5,24630,치과기공사,24530,치과기공사
KSCO,8,5,24630,치과기공사,26202,공공행정 전문가
KSCO,8,5,24640,치과위생사,24540,치과위생사
KSCO,8,5,24640,치과위생사,26202,공공행정 전문가
KSCO,8,5,24651,의지 보조기 기사,26202,공공행정 전문가
KSCO,8,5,24651,의지 보조기 기사,24551,의지 보조기기사
KSCO,8,5,24652,보조공학사,24552,보조공학사
KSCO,8,5,24652,보조공학사,26202,공공행정 전문가
KSCO,8,5,24661,물리치료사,26202,공공행정 전문가
KSCO,8,5,24661,물리치료사,24561,물리치료사
KSCO,8,5,24662,작업치료사,26202,공공행정 전문가
KSCO,8,5,24662,작업치료사,24562,작업치료사
KSCO,8,5,24670,임상심리사,24570,임상심리사
KSCO,8,5,24670,임상심리사,26202,공공행정 전문가
KSCO,8,5,24681,언어 재활사,26202,공공행정 전문가
KSCO,8,5,24681,언어 재활사,24592,언어재활사
KSCO,8,5,24682,청각능력 재활사,24592,언어재활사
KSCO,8,5,24682,청각능력 재활사,26202,공공행정 전문가
KSCO,8,5,24691,전통 의료치료사,24591,전통 의료치료사
KSCO,8,5,24691,전통 의료치료사,26202,공공행정 전문가
KSCO,8,5,24692,음악 및 미술치료사,24593,음악 및 미술치료사
KSCO,8,5,24692,음악 및 미술치료사,26202,공공행정 전문가
KSCO,8,5,24693,놀이 및 행동치료사,24594,놀이 및 행동치료사
KSCO,8,5,24693,놀이 및 행동치료사,26202,공공행정 전문가
KSCO,8,5,24699,그 외 치료ㆍ재활사 및 의료기사,24599,그 외 치료ㆍ재활사 및 의료기사
KSCO,8,5,24699,그 외 치료ㆍ재활사 및 의료기사,26202,공공행정 전문가
KSCO,8,5,24911,119 구조대원,24611,119 구조대원
KSCO,8,5,24911,119 구조대원,26202,공공행정 전문가
KSCO,8,5,24912,구급 요원,26202,공공행정 전문가
KSCO,8,5,24912,구급 요원,24612,구급 요원
KSCO,8,5,24920,위생사,24620,위생사
KSCO,8,5,24920,위생사,26202,공공행정 전문가
KSCO,8,5,24930,안경사,24630,안경사
KSCO,8,5,24930,안경사,26202,공공행정 전문가
KSCO,8,5,24940,보건의료정보 관리사,26202,공공행정 전문가
KSCO,8,5,24940,보건의료정보 관리사,24640,의무 기록사
KSCO,8,5,24950,간호조무사,26202,공공행정 전문가
KSCO,8,5,24950,간호조무사,24650,간호조무사
KSCO,8,5,24960,안마사,26202,공공행정 전문가
KSCO,8,5,24960,안마사,24660,안마사
KSCO,8,5,24970,환자안전 관리사,26202,공공행정 전문가
KSCO,8,5,24970,환자안전 관리사,24111,내과 전문 의사
KSCO,8,5,24970,환자안전 관리사,24112,외과 전문 의사
KSCO,8,5,24970,환자안전 관리사,24113,소아청소년과 전문 의사
KSCO,8,5,24970,환자안전 관리사,24114,산부인과 전문 의사
KSCO,8,5,24970,환자안전 관리사,24115,정신건강의학과 및 신경과 전문 의사
KSCO,8,5,24970,환자안전 관리사,24116,안과 및 이비인후과 전문 의사
KSCO,8,5,24970,환자안전 관리사,24117,피부과 및 비뇨기과 전문 의사
KSCO,8,5,24970,환자안전 관리사,24118,영상의학과 및 병리과 전문 의사
KSCO,8,5,24970,환자안전 관리사,24119,그 외 전문 의사
KSCO,8,5,24970,환자안전 관리사,24120,일반 의사
KSCO,8,5,24970,환자안전 관리사,24131,전문 한의사
KSCO,8,5,24970,환자안전 관리사,24132,일반 한의사
KSCO,8,5,24970,환자안전 관리사,24141,치과 전문 의사
KSCO,8,5,24970,환자안전 관리사,24142,치과 일반 의사
KSCO,8,5,24970,환자안전 관리사,24201,약사
KSCO,8,5,24970,환자안전 관리사,24202,한약사
KSCO,8,5,24970,환자안전 관리사,24301,전문 간호사
KSCO,8,5,24970,환자안전 관리사,24302,일반 간호사
KSCO,8,5,25100,보육교사,26202,공공행정 전문가
KSCO,8,5,25100,보육교사,24720,보육교사
KSCO,8,5,25200,시민사회 활동가,26202,공공행정 전문가
KSCO,8,5,25200,시민사회 활동가,24760,시민 단체 활동가
KSCO,8,5,25310,사회복지사,24710,사회복지사
KSCO,8,5,25310,사회복지사,26202,공공행정 전문가
KSCO,8,5,25321,장애인 직업상담사,24710,사회복지사
KSCO,8,5,25321,장애인 직업상담사,26202,공공행정 전문가
KSCO,8,5,25322,직업상담사,26202,공공행정 전문가
KSCO,8,5,25322,직업상담사,24730,직업상담사
KSCO,8,5,25330,상담 전문가,26202,공공행정 전문가
KSCO,8,5,25330,상담 전문가,24740,상담 전문가
KSCO,8,5,25340,청소년 지도사,26202,공공행정 전문가
KSCO,8,5,25340,청소년 지도사,24750,청소년 지도사
KSCO,8,5,25391,복지시설 생활 지도원,24791,복지시설 생활 지도원
KSCO,8,5,25391,복지시설 생활 지도원,26202,공공행정 전문가
KSCO,8,5,25399,그 외 사회복지 전문가 및 관련 종사원,26202,공공행정 전문가
KSCO,8,5,25399,그 외 사회복지 전문가 및 관련 종사원,24799,그 외 사회복지 관련 종사원
KSCO,8,5,25411,목사,26202,공공행정 전문가
KSCO,8,5,25411,목사,24811,목사
KSCO,8,5,25412,신부,24812,신부
KSCO,8,5,25412,신부,26202,공공행정 전문가
KSCO,8,5,25413,승려,24813,승려
KSCO,8,5,25413,승려,26202,공공행정 전문가
KSCO,8,5,25414,교무,26202,공공행정 전문가
KSCO,8,5,25414,교무,24814,교무
KSCO,8,5,25419,그 외 성직자,24819,그 외 성직자
KSCO,8,5,25419,그 외 성직자,26202,공공행정 전문가
KSCO,8,5,25491,수녀 및 수사,24891,수녀 및 수사
KSCO,8,5,25491,수녀 및 수사,26202,공공행정 전문가
KSCO,8,5,25492,전도사,26202,공공행정 전문가
KSCO,8,5,25492,전도사,24892,전도사
KSCO,8,5,25499,그 외 종교 관련 종사원,24899,그 외 종교 관련 종사원
KSCO,8,5,25499,그 외 종교 관련 종사원,26202,공공행정 전문가
KSCO,8,5,26111,교육 분야 교수,25111,교육 분야 교수
KSCO,8,5,26111,교육 분야 교수,26202,공공행정 전문가
KSCO,8,5,26112,예술 및 인문학 교수,26202,공공행정 전문가
KSCO,8,5,26112,예술 및 인문학 교수,25112,예술 및 인문학 교수
KSCO,8,5,26113,사회과학ㆍ경영 및 법학 교수,26202,공공행정 전문가
KSCO,8,5,26113,사회과학ㆍ경영 및 법학 교수,25113,사회과학ㆍ경영 및 법학 교수
KSCO,8,5,26114,자연과학ㆍ수학 및 통계학 교수,25114,자연과학ㆍ수학 및 통계학 교수
KSCO,8,5,26114,자연과학ㆍ수학 및 통계학 교수,26202,공공행정 전문가
KSCO,8,5,26115,정보 통신기술 분야 교수,25115,정보 통신기술 분야 교수
KSCO,8,5,26115,정보 통신기술 분야 교수,26202,공공행정 전문가
KSCO,8,5,26116,공학ㆍ제조 및 건설 분야 교수,25116,공학ㆍ제조 및 건설 분야 교수
KSCO,8,5,26116,공학ㆍ제조 및 건설 분야 교수,26202,공공행정 전문가
KSCO,8,5,26117,농림어업 및 수의학 교수,25117,농림ㆍ수산업 및 수의학 교수
KSCO,8,5,26117,농림어업 및 수의학 교수,26202,공공행정 전문가
KSCO,8,5,26118,보건 및 복지 분야 교수,26202,공공행정 전문가
KSCO,8,5,26118,보건 및 복지 분야 교수,25118,보건 및 복지 교수
KSCO,8,5,26119,체육 및 그 외 분야 교수,26202,공공행정 전문가
KSCO,8,5,26119,체육 및 그 외 분야 교수,25119,체육 및 그 외 분야 교수
KSCO,8,5,26121,교육 분야 강사,26202,공공행정 전문가
KSCO,8,5,26121,교육 분야 강사,25121,교육 분야 시간강사
KSCO,8,5,26122,예술 및 인문학 강사,26202,공공행정 전문가
KSCO,8,5,26122,예술 및 인문학 강사,25122,예술 및 인문학 시간강사
KSCO,8,5,26123,사회과학ㆍ경영 및 법학 강사,25123,사회과학ㆍ경영 및 법학 시간강사
KSCO,8,5,26123,사회과학ㆍ경영 및 법학 강사,26202,공공행정 전문가
KSCO,8,5,26124,자연과학ㆍ수학 및 통계학 강사,25124,자연과학ㆍ수학 및 통계학 시간강사
KSCO,8,5,26124,자연과학ㆍ수학 및 통계학 강사,26202,공공행정 전문가
KSCO,8,5,26125,정보 통신기술 분야 강사,25125,정보 통신기술 분야 시간강사
KSCO,8,5,26125,정보 통신기술 분야 강사,26202,공공행정 전문가
KSCO,8,5,26126,공학ㆍ제조 및 건설 분야 강사,26202,공공행정 전문가
KSCO,8,5,26126,공학ㆍ제조 및 건설 분야 강사,25126,공학ㆍ제조 및 건설 분야 시간강사
KSCO,8,5,26127,농림어업 및 수의학 강사,25127,농림ㆍ수산업 및 수의학 시간강사
KSCO,8,5,26127,농림어업 및 수의학 강사,26202,공공행정 전문가
KSCO,8,5,26128,보건 및 복지 분야 강사,25128,보건 및 복지 시간강사
KSCO,8,5,26128,보건 및 복지 분야 강사,26202,공공행정 전문가
KSCO,8,5,26129,체육 및 그 외 분야 강사,26202,공공행정 전문가
KSCO,8,5,26129,체육 및 그 외 분야 강사,25129,체육 및 그 외 분야 시간강사
KSCO,8,5,26211,국어 교사,25211,국어 교사
KSCO,8,5,26211,국어 교사,26202,공공행정 전문가
KSCO,8,5,26212,수학 교사,26202,공공행정 전문가
KSCO,8,5,26212,수학 교사,25212,수학 교사
KSCO,8,5,26213,사회 교사,26202,공공행정 전문가
KSCO,8,5,26213,사회 교사,25213,사회 교사
KSCO,8,5,26214,과학 교사,25214,과학 교사
KSCO,8,5,26214,과학 교사,26202,공공행정 전문가
KSCO,8,5,26215,예체능 교사,26202,공공행정 전문가
KSCO,8,5,26215,예체능 교사,25215,예체능 교사
KSCO,8,5,26216,전문기술 교사,26202,공공행정 전문가
KSCO,8,5,26216,전문기술 교사,25216,실업 교사
KSCO,8,5,26217,외국어 교사,26202,공공행정 전문가
KSCO,8,5,26217,외국어 교사,25217,외국어 교사
KSCO,8,5,26219,그 외 중ㆍ고등학교 교사,26202,공공행정 전문가
KSCO,8,5,26219,그 외 중ㆍ고등학교 교사,25219,그 외 중ㆍ고등학교 교사
KSCO,8,5,26220,초등학교 교사,25220,초등학교 교사
KSCO,8,5,26220,초등학교 교사,26202,공공행정 전문가
KSCO,8,5,26231,시각장애인 특수교육 교사,26202,공공행정 전문가
KSCO,8,5,26231,시각장애인 특수교육 교사,25231,시각장애인 특수교육 교사
KSCO,8,5,26232,청각장애인 특수교육 교사,26202,공공행정 전문가
KSCO,8,5,26232,청각장애인 특수교육 교사,25232,청각장애인 특수교육 교사
KSCO,8,5,26239,그 외 특수교육 교사,26202,공공행정 전문가
KSCO,8,5,26239,그 외 특수교육 교사,25239,그 외 특수교육 교사
KSCO,8,5,26300,유치원 교사,26202,공공행정 전문가
KSCO,8,5,26300,유치원 교사,25300,유치원 교사
KSCO,8,5,26411,영어 강사,25415,외국어 강사
KSCO,8,5,26411,영어 강사,26202,공공행정 전문가
KSCO,8,5,26412,중국어 강사,25415,외국어 강사
KSCO,8,5,26412,중국어 강사,26202,공공행정 전문가
KSCO,8,5,26419,그 외 외국어 강사,25415,외국어 강사
KSCO,8,5,26419,그 외 외국어 강사,26202,공공행정 전문가
KSCO,8,5,26421,국어 강사,26202,공공행정 전문가
KSCO,8,5,26421,국어 강사,25411,국어 강사
KSCO,8,5,26422,수학 강사,25412,수학 강사
KSCO,8,5,26422,수학 강사,26202,공공행정 전문가
KSCO,8,5,26423,사회 강사,25413,사회 강사
KSCO,8,5,26423,사회 강사,26202,공공행정 전문가
KSCO,8,5,26424,과학 강사,25414,과학 강사
KSCO,8,5,26424,과학 강사,26202,공공행정 전문가
KSCO,8,5,26429,그 외 문리 강사,25419,그 외 문리 및 어학 강사
KSCO,8,5,26429,그 외 문리 강사,26202,공공행정 전문가
KSCO,8,5,26430,정보통신기술 강사,25420,컴퓨터 강사
KSCO,8,5,26430,정보통신기술 강사,26202,공공행정 전문가
KSCO,8,5,26441,간호조무 강사,25439,그 외 기술 및 기능계 강사
KSCO,8,5,26441,간호조무 강사,26202,공공행정 전문가
KSCO,8,5,26442,요양보호 강사,25439,그 외 기술 및 기능계 강사
KSCO,8,5,26442,요양보호 강사,26202,공공행정 전문가
KSCO,8,5,26450,자동차 운전 강사,25433,자동차 운전 강사
KSCO,8,5,26450,자동차 운전 강사,26202,공공행정 전문가
KSCO,8,5,26461,디자인 강사,25431,디자인 강사
KSCO,8,5,26461,디자인 강사,26202,공공행정 전문가
KSCO,8,5,26462,이ㆍ미용 강사,25432,이ㆍ미용 강사
KSCO,8,5,26462,이ㆍ미용 강사,26202,공공행정 전문가
KSCO,8,5,26463,요리 강사,25434,요리 강사
KSCO,8,5,26463,요리 강사,26202,공공행정 전문가
KSCO,8,5,26469,그 외 기술 및 기능계 강사,26202,공공행정 전문가
KSCO,8,5,26469,그 외 기술 및 기능계 강사,25439,그 외 기술 및 기능계 강사
KSCO,8,5,26471,국악 강사,25441,음악 강사
KSCO,8,5,26471,국악 강사,26202,공공행정 전문가
KSCO,8,5,26472,음악 강사,25441,음악 강사
KSCO,8,5,26472,음악 강사,26202,공공행정 전문가
KSCO,8,5,26473,미술 강사,25442,미술 강사
KSCO,8,5,26473,미술 강사,26202,공공행정 전문가
KSCO,8,5,26474,무용 강사,26202,공공행정 전문가
KSCO,8,5,26474,무용 강사,25443,무용 강사
KSCO,8,5,26479,그 외 예능 강사,26202,공공행정 전문가
KSCO,8,5,26479,그 외 예능 강사,25449,그 외 예능 강사
KSCO,8,5,26481,학습지 방문강사,25451,학습지 방문강사
KSCO,8,5,26481,학습지 방문강사,26202,공공행정 전문가
KSCO,8,5,26482,교육 교구 방문강사,25452,교육 교구 방문강사
KSCO,8,5,26482,교육 교구 방문강사,26202,공공행정 전문가
KSCO,8,5,26489,그 외 학습ㆍ교구 관련 방문강사,25451,학습지 방문강사
KSCO,8,5,26489,그 외 학습ㆍ교구 관련 방문강사,26202,공공행정 전문가
KSCO,8,5,26489,그 외 학습ㆍ교구 관련 방문강사,25452,교육 교구 방문강사
KSCO,8,5,26491,교육 연수 기관 강사,26202,공공행정 전문가
KSCO,8,5,26491,교육 연수 기관 강사,25491,교육 연수 기관 강사
KSCO,8,5,26492,기업체 직무 훈련 강사,26202,공공행정 전문가
KSCO,8,5,26492,기업체 직무 훈련 강사,25492,기업체 직무 훈련 강사
KSCO,8,5,26499,그 외 문리ㆍ기술 및 예능 강사,25499,그 외 문리ㆍ기술 및 예능 강사
KSCO,8,5,26499,그 외 문리ㆍ기술 및 예능 강사,26202,공공행정 전문가
KSCO,8,5,26911,장학관 및 장학사,26202,공공행정 전문가
KSCO,8,5,26911,장학관 및 장학사,25911,장학관 및 장학사
KSCO,8,5,26912,교육 연구관 및 교육 연구사,25912,교육 연구관 및 교육 연구사
KSCO,8,5,26912,교육 연구관 및 교육 연구사,26202,공공행정 전문가
KSCO,8,5,26913,입학 사정관,26202,공공행정 전문가
KSCO,8,5,26913,입학 사정관,25913,입학 사정관
KSCO,8,5,26919,그 외 교육 전문가,26202,공공행정 전문가
KSCO,8,5,26919,그 외 교육 전문가,25919,그 외 교육 전문가
KSCO,8,5,26920,대학 교육 조교,26202,공공행정 전문가
KSCO,8,5,26920,대학 교육 조교,25920,대학 교육 조교
KSCO,8,5,26990,그 외 교사,26202,공공행정 전문가
KSCO,8,5,26990,그 외 교사,25990,그 외 교사
KSCO,8,5,27111,판사,26111,판사
KSCO,8,5,27111,판사,26202,공공행정 전문가
KSCO,8,5,27112,검사,26112,검사
KSCO,8,5,27112,검사,26202,공공행정 전문가
KSCO,8,5,27120,변호사,26120,변호사
KSCO,8,5,27120,변호사,26202,공공행정 전문가
KSCO,8,5,27131,법무사,26131,법무사
KSCO,8,5,27131,법무사,26202,공공행정 전문가
KSCO,8,5,27132,집행관,26132,집행관
KSCO,8,5,27132,집행관,26202,공공행정 전문가
KSCO,8,5,27140,변리사,26202,공공행정 전문가
KSCO,8,5,27140,변리사,26140,변리사
KSCO,8,5,27190,그 외 법률 전문가,26202,공공행정 전문가
KSCO,8,5,27190,그 외 법률 전문가,26190,그 외 법률 전문가
KSCO,8,5,27210,정부 행정 전문가,26201,정부행정 전문가
KSCO,8,5,27220,행정사,26202,공공행정 전문가
KSCO,8,5,27220,행정사,39993,행정사
KSCO,8,5,28111,노무사,27111,노무사
KSCO,8,5,28111,노무사,26202,공공행정 전문가
KSCO,8,5,28112,인사 컨설턴트,27112,인사 컨설턴트
KSCO,8,5,28112,인사 컨설턴트,26202,공공행정 전문가
KSCO,8,5,28113,헤드헌터,27113,헤드헌터
KSCO,8,5,28113,헤드헌터,26202,공공행정 전문가
KSCO,8,5,28119,그 외 인사 및 노사 관련 전문가,26202,공공행정 전문가
KSCO,8,5,28119,그 외 인사 및 노사 관련 전문가,27119,그 외 인사 및 노사 관련 전문가
KSCO,8,5,28120,회계사,27120,회계사
KSCO,8,5,28120,회계사,26202,공공행정 전문가
KSCO,8,5,28130,세무사,26202,공공행정 전문가
KSCO,8,5,28130,세무사,27130,세무사
KSCO,8,5,28140,관세사,26202,공공행정 전문가
KSCO,8,5,28140,관세사,27140,관세사
KSCO,8,5,28151,경영 컨설턴트,27151,경영 컨설턴트
KSCO,8,5,28151,경영 컨설턴트,26202,공공행정 전문가
KSCO,8,5,28152,기업 인수 및 합병 전문가,27152,기업 인수 및 합병 전문가
KSCO,8,5,28152,기업 인수 및 합병 전문가,26202,공공행정 전문가
KSCO,8,5,28153,품질 인증 심사 전문가,26202,공공행정 전문가
KSCO,8,5,28153,품질 인증 심사 전문가,27153,품질 인증 심사 전문가
KSCO,8,5,28159,그 외 경영 및 진단 전문가,26202,공공행정 전문가
KSCO,8,5,28159,그 외 경영 및 진단 전문가,27159,그 외 경영 및 진단 전문가
KSCO,8,5,28211,투자 및 증권 분석가,26202,공공행정 전문가
KSCO,8,5,28211,투자 및 증권 분석가,27211,투자 및 증권 분석가
KSCO,8,5,28212,신용 분석가,27212,신용 분석가
KSCO,8,5,28212,신용 분석가,26202,공공행정 전문가
KSCO,8,5,28221,금융자산 운용가,27221,금융자산 운용가
KSCO,8,5,28221,금융자산 운용가,26202,공공행정 전문가
KSCO,8,5,28229,그 외 자산 운용가,26202,공공행정 전문가
KSCO,8,5,28229,그 외 자산 운용가,27229,그 외 자산 운용가
KSCO,8,5,28231,보험 상품 개발자,26202,공공행정 전문가
KSCO,8,5,28231,보험 상품 개발자,27231,보험 상품 개발자
KSCO,8,5,28232,금융 상품 개발자,26202,공공행정 전문가
KSCO,8,5,28232,금융 상품 개발자,27232,금융 상품 개발자
KSCO,8,5,28241,증권 중개인,27241,증권 중개인
KSCO,8,5,28241,증권 중개인,26202,공공행정 전문가
KSCO,8,5,28242,선물거래 중개인,27242,선물거래 중개인
KSCO,8,5,28242,선물거래 중개인,26202,공공행정 전문가
KSCO,8,5,28243,외환 딜러,27243,외환 딜러
KSCO,8,5,28243,외환 딜러,26202,공공행정 전문가
KSCO,8,5,28250,손해 사정사,27250,손해 사정사
KSCO,8,5,28250,손해 사정사,26202,공공행정 전문가
KSCO,8,5,28291,투자 인수 심사원,27291,투자 인수 심사원
KSCO,8,5,28291,투자 인수 심사원,26202,공공행정 전문가
KSCO,8,5,28292,보험 인수 심사원,26202,공공행정 전문가
KSCO,8,5,28292,보험 인수 심사원,27292,보험 인수 심사원
KSCO,8,5,28293,투자신탁 전문가,26202,공공행정 전문가
KSCO,8,5,28293,투자신탁 전문가,27293,투자신탁 전문가
KSCO,8,5,28299,그 외 금융 및 보험 관련 전문가,27299,그 외 금융 및 보험 관련 전문가
KSCO,8,5,28299,그 외 금융 및 보험 관련 전문가,26202,공공행정 전문가
KSCO,8,5,28311,상품 기획자,27311,상품 기획자
KSCO,8,5,28311,상품 기획자,26202,공공행정 전문가
KSCO,8,5,28312,마케팅 전문가,26202,공공행정 전문가
KSCO,8,5,28312,마케팅 전문가,27312,마케팅 전문가
KSCO,8,5,28320,여행 상품 개발자,27320,여행 상품 개발자
KSCO,8,5,28320,여행 상품 개발자,26202,공공행정 전문가
KSCO,8,5,28331,광고 전문가,26202,공공행정 전문가
KSCO,8,5,28331,광고 전문가,27331,광고 전문가
KSCO,8,5,28332,홍보 전문가,27332,홍보 전문가
KSCO,8,5,28332,홍보 전문가,26202,공공행정 전문가
KSCO,8,5,28340,조사 전문가,26202,공공행정 전문가
KSCO,8,5,28340,조사 전문가,27340,조사 전문가
KSCO,8,5,28351,이벤트 전문가,27351,이벤트 전문가
KSCO,8,5,28351,이벤트 전문가,26202,공공행정 전문가
KSCO,8,5,28352,행사ㆍ전시 기획자,26202,공공행정 전문가
KSCO,8,5,28352,행사ㆍ전시 기획자,27352,행사 전시 기획자
KSCO,8,5,28353,국내 및 국제회의 기획자,27353,국내 및 국제회의 기획자
KSCO,8,5,28353,국내 및 국제회의 기획자,26202,공공행정 전문가
KSCO,8,5,28411,부동산 감정 전문가,27411,부동산 감정 전문가
KSCO,8,5,28411,부동산 감정 전문가,26202,공공행정 전문가
KSCO,8,5,28412,예술품 및 문화재 감정 전문가,27412,동산 감정 전문가
KSCO,8,5,28412,예술품 및 문화재 감정 전문가,26202,공공행정 전문가
KSCO,8,5,28419,동산 및 기타 감정 전문가,26202,공공행정 전문가
KSCO,8,5,28419,동산 및 기타 감정 전문가,27412,동산 감정 전문가
KSCO,8,5,28420,해외 영업원,26202,공공행정 전문가
KSCO,8,5,28420,해외 영업원,27420,해외 영업원
KSCO,8,5,28431,자동차 부품 기술 영업원,27431,자동차 부품 기술 영업원
KSCO,8,5,28431,자동차 부품 기술 영업원,26202,공공행정 전문가
KSCO,8,5,28432,전자 및 통신장비 기술 영업원,27432,전자 및 통신장비 기술 영업원
KSCO,8,5,28432,전자 및 통신장비 기술 영업원,26202,공공행정 전문가
KSCO,8,5,28433,의료장비 기술 영업원,27433,의료장비 기술 영업원
KSCO,8,5,28433,의료장비 기술 영업원,26202,공공행정 전문가
KSCO,8,5,28434,농업용 기계장비 기술 영업원,26202,공공행정 전문가
KSCO,8,5,28434,농업용 기계장비 기술 영업원,27434,농업용 기계장비 기술 영업원
KSCO,8,5,28435,산업용 기계장비 기술 영업원,26202,공공행정 전문가
KSCO,8,5,28435,산업용 기계장비 기술 영업원,27435,산업용 기계장비 기술 영업원
KSCO,8,5,28436,의약품 영업원,26202,공공행정 전문가
KSCO,8,5,28436,의약품 영업원,27436,의약품 영업원
KSCO,8,5,28439,그 외 기술 영업원,26202,공공행정 전문가
KSCO,8,5,28439,그 외 기술 영업원,27439,그 외 기술 영업원
KSCO,8,5,28441,농수산물 중개인 및 경매사,26202,공공행정 전문가
KSCO,8,5,28441,농수산물 중개인 및 경매사,27441,농수산물 중개인 및 경매사
KSCO,8,5,28442,예술품 중개인 및 경매사,26202,공공행정 전문가
KSCO,8,5,28442,예술품 중개인 및 경매사,27442,예술품 중개인 및 경매사
KSCO,8,5,28449,그 외 상품 중개인 및 경매사,26202,공공행정 전문가
KSCO,8,5,28449,그 외 상품 중개인 및 경매사,27449,그 외 상품 중개인 및 경매사
KSCO,8,5,28451,부동산 컨설턴트,27451,부동산 컨설턴트
KSCO,8,5,28451,부동산 컨설턴트,26202,공공행정 전문가
KSCO,8,5,28452,부동산 중개사,26202,공공행정 전문가
KSCO,8,5,28452,부동산 중개사,27452,부동산 중개사
KSCO,8,5,28490,그 외 기술 영업 및 중개 관련 종사원,27490,그 외 기술 영업 및 중개 관련 종사원
KSCO,8,5,28490,그 외 기술 영업 및 중개 관련 종사원,26202,공공행정 전문가
KSCO,8,5,29111,방송 및 시나리오 작가,28111,방송 및 시나리오 작가
KSCO,8,5,29111,방송 및 시나리오 작가,26202,공공행정 전문가
KSCO,8,5,29112,문학 작가,28112,문학작가
KSCO,8,5,29112,문학 작가,26202,공공행정 전문가
KSCO,8,5,29119,그 외 작가,28119,그 외 작가
KSCO,8,5,29119,그 외 작가,26202,공공행정 전문가
KSCO,8,5,29121,출판물 기획자,28121,출판물 기획자
KSCO,8,5,29121,출판물 기획자,26202,공공행정 전문가
KSCO,8,5,29122,출판물 편집자,28122,출판물 편집자
KSCO,8,5,29122,출판물 편집자,26202,공공행정 전문가
KSCO,8,5,29131,기자,28131,기자
KSCO,8,5,29131,기자,26202,공공행정 전문가
KSCO,8,5,29132,평론가,28132,평론가
KSCO,8,5,29132,평론가,26202,공공행정 전문가
KSCO,8,5,29139,그 외 언론 관련 전문가,28139,그 외 언론 관련 전문가
KSCO,8,5,29139,그 외 언론 관련 전문가,26202,공공행정 전문가
KSCO,8,5,29141,번역가,28141,번역가
KSCO,8,5,29141,번역가,26202,공공행정 전문가
KSCO,8,5,29142,통역가,26202,공공행정 전문가
KSCO,8,5,29142,통역가,28142,통역가
KSCO,8,5,29211,학예사,26202,공공행정 전문가
KSCO,8,5,29211,학예사,28211,학예사
KSCO,8,5,29212,문화재 보존원,28212,문화재 보존원
KSCO,8,5,29212,문화재 보존원,26202,공공행정 전문가
KSCO,8,5,29221,사서,26202,공공행정 전문가
KSCO,8,5,29221,사서,28221,사서
KSCO,8,5,29222,기록물 관리사,28222,기록물 관리사
KSCO,8,5,29222,기록물 관리사,26202,공공행정 전문가
KSCO,8,5,29311,감독 및 연출가,26202,공공행정 전문가
KSCO,8,5,29311,감독 및 연출가,28311,감독 및 연출가
KSCO,8,5,29312,기술 감독,28312,기술 감독
KSCO,8,5,29312,기술 감독,26202,공공행정 전문가
KSCO,8,5,29319,그 외 감독 및 연출가,28319,그 외 감독 및 연출가
KSCO,8,5,29319,그 외 감독 및 연출가,26202,공공행정 전문가
KSCO,8,5,29321,배우,26202,공공행정 전문가
KSCO,8,5,29321,배우,28321,배우
KSCO,8,5,29322,개그맨 및 코미디언,28322,개그맨 및 코미디언
KSCO,8,5,29322,개그맨 및 코미디언,26202,공공행정 전문가
KSCO,8,5,29323,성우,28323,성우
KSCO,8,5,29323,성우,26202,공공행정 전문가
KSCO,8,5,29324,모델,26202,공공행정 전문가
KSCO,8,5,29324,모델,28324,모델
KSCO,8,5,29329,그 외 배우 및 모델,28329,그 외 배우 및 모델
KSCO,8,5,29329,그 외 배우 및 모델,26202,공공행정 전문가
KSCO,8,5,29331,아나운서,26202,공공행정 전문가
KSCO,8,5,29331,아나운서,28331,아나운서
KSCO,8,5,29332,리포터,26202,공공행정 전문가
KSCO,8,5,29332,리포터,28332,리포터
KSCO,8,5,29333,쇼핑호스트,28333,쇼핑호스트
KSCO,8,5,29333,쇼핑호스트,26202,공공행정 전문가
KSCO,8,5,29339,그 외 아나운서 및 리포터,26202,공공행정 전문가
KSCO,8,5,29339,그 외 아나운서 및 리포터,28339,그 외 아나운서 및 리포터
KSCO,8,5,29340,촬영기사,26202,공공행정 전문가
KSCO,8,5,29340,촬영기사,28340,촬영기사
KSCO,8,5,29350,음향 및 녹음 기사,26202,공공행정 전문가
KSCO,8,5,29350,음향 및 녹음 기사,28350,음향 및 녹음 기사
KSCO,8,5,29360,영상ㆍ녹화 및 편집 기사,28360,영상ㆍ녹화 및 편집 기사
KSCO,8,5,29360,영상ㆍ녹화 및 편집 기사,26202,공공행정 전문가
KSCO,8,5,29371,조명기사,26202,공공행정 전문가
KSCO,8,5,29371,조명기사,28371,조명기사
KSCO,8,5,29372,영사기사,26202,공공행정 전문가
KSCO,8,5,29372,영사기사,28372,영사기사
KSCO,8,5,29380,미디어 콘텐츠 창작자,28391,미디어 콘텐츠 창작자
KSCO,8,5,29380,미디어 콘텐츠 창작자,26202,공공행정 전문가
KSCO,8,5,29391,스크립터,28392,스크립터
KSCO,8,5,29391,스크립터,26202,공공행정 전문가
KSCO,8,5,29392,무대의상 관리원,28393,무대의상 관리원
KSCO,8,5,29392,무대의상 관리원,26202,공공행정 전문가
KSCO,8,5,29393,소품 관리원,26202,공공행정 전문가
KSCO,8,5,29393,소품 관리원,28394,소품 관리원
KSCO,8,5,29394,방송 및 영화 연출 보조원,26202,공공행정 전문가
KSCO,8,5,29394,방송 및 영화 연출 보조원,28395,방송 및 영화연출 보조원
KSCO,8,5,29395,보조 연기자,26202,공공행정 전문가
KSCO,8,5,29395,보조 연기자,28396,보조 연기자
KSCO,8,5,29399,그 외 연극ㆍ영화 및 영상 관련 종사원,26202,공공행정 전문가
KSCO,8,5,29399,그 외 연극ㆍ영화 및 영상 관련 종사원,28399,그 외 연극ㆍ영화 및 영상 관련 종사원
KSCO,8,5,29411,화가,26202,공공행정 전문가
KSCO,8,5,29411,화가,28411,화가
KSCO,8,5,29412,조각가,28412,조각가
KSCO,8,5,29412,조각가,26202,공공행정 전문가
KSCO,8,5,29413,서예가,28413,서예가
KSCO,8,5,29413,서예가,26202,공공행정 전문가
KSCO,8,5,29421,사진작가,26202,공공행정 전문가
KSCO,8,5,29421,사진작가,28421,사진작가
KSCO,8,5,29422,사진기자,26202,공공행정 전문가
KSCO,8,5,29422,사진기자,28422,사진기자
KSCO,8,5,29423,사진가,26202,공공행정 전문가
KSCO,8,5,29423,사진가,28423,사진가
KSCO,8,5,29431,만화가,26202,공공행정 전문가
KSCO,8,5,29431,만화가,28431,만화가
KSCO,8,5,29432,만화영화 작가,28432,만화영화 작가
KSCO,8,5,29432,만화영화 작가,26202,공공행정 전문가
KSCO,8,5,29441,국악인,26202,공공행정 전문가
KSCO,8,5,29441,국악인,28441,국악인
KSCO,8,5,29442,국악 연주가,28442,국악 연주가
KSCO,8,5,29442,국악 연주가,26202,공공행정 전문가
KSCO,8,5,29443,국악 작곡 및 편곡가,28443,국악 작곡 및 편곡가
KSCO,8,5,29443,국악 작곡 및 편곡가,26202,공공행정 전문가
KSCO,8,5,29444,전통 예능인,26202,공공행정 전문가
KSCO,8,5,29444,전통 예능인,28444,전통 예능인
KSCO,8,5,29451,지휘자,26202,공공행정 전문가
KSCO,8,5,29451,지휘자,28451,지휘자
KSCO,8,5,29452,작곡가 및 편곡가,26202,공공행정 전문가
KSCO,8,5,29452,작곡가 및 편곡가,28452,작곡가 및 편곡가
KSCO,8,5,29453,연주가,28453,연주가
KSCO,8,5,29453,연주가,26202,공공행정 전문가
KSCO,8,5,29461,가수,28461,가수
KSCO,8,5,29461,가수,26202,공공행정 전문가
KSCO,8,5,29462,성악가,28462,성악가
KSCO,8,5,29462,성악가,26202,공공행정 전문가
KSCO,8,5,29471,무용가,26202,공공행정 전문가
KSCO,8,5,29471,무용가,28471,무용가
KSCO,8,5,29472,안무가,26202,공공행정 전문가
KSCO,8,5,29472,안무가,28472,안무가
KSCO,8,5,29491,영상 및 미디어 예술가,28490,그 외 시각 및 공연 예술가
KSCO,8,5,29491,영상 및 미디어 예술가,26202,공공행정 전문가
KSCO,8,5,29499,그 외 시각 및 공연 예술가,26202,공공행정 전문가
KSCO,8,5,29499,그 외 시각 및 공연 예술가,28490,그 외 시각 및 공연 예술가
KSCO,8,5,29511,자동차 디자이너,28511,자동차 디자이너
KSCO,8,5,29511,자동차 디자이너,26202,공공행정 전문가
KSCO,8,5,29512,가구 디자이너,28512,가구 디자이너
KSCO,8,5,29512,가구 디자이너,26202,공공행정 전문가
KSCO,8,5,29519,그 외 제품 디자이너,28519,그 외 제품 디자이너
KSCO,8,5,29519,그 외 제품 디자이너,26202,공공행정 전문가
KSCO,8,5,29521,직물 디자이너,28521,직물 디자이너
KSCO,8,5,29521,직물 디자이너,26202,공공행정 전문가
KSCO,8,5,29522,의상 디자이너,28522,의상 디자이너
KSCO,8,5,29522,의상 디자이너,26202,공공행정 전문가
KSCO,8,5,29523,액세서리 디자이너,28523,액세서리 디자이너
KSCO,8,5,29523,액세서리 디자이너,26202,공공행정 전문가
KSCO,8,5,29524,가방 및 신발 디자이너,28524,가방 및 신발 디자이너
KSCO,8,5,29524,가방 및 신발 디자이너,26202,공공행정 전문가
KSCO,8,5,29531,인테리어 디자이너,28531,인테리어 디자이너
KSCO,8,5,29531,인테리어 디자이너,26202,공공행정 전문가
KSCO,8,5,29532,디스플레이 디자이너,28532,디스플레이 디자이너
KSCO,8,5,29532,디스플레이 디자이너,26202,공공행정 전문가
KSCO,8,5,29533,무대 및 세트 디자이너,26202,공공행정 전문가
KSCO,8,5,29533,무대 및 세트 디자이너,28533,무대 및 세트 디자이너
KSCO,8,5,29541,광고 디자이너,28541,광고 디자이너
KSCO,8,5,29541,광고 디자이너,26202,공공행정 전문가
KSCO,8,5,29542,포장 디자이너,28542,포장 디자이너
KSCO,8,5,29542,포장 디자이너,26202,공공행정 전문가
KSCO,8,5,29543,책 디자이너,28543,책 디자이너
KSCO,8,5,29543,책 디자이너,26202,공공행정 전문가
KSCO,8,5,29544,삽화가,28544,삽화가
KSCO,8,5,29544,삽화가,26202,공공행정 전문가
KSCO,8,5,29545,색채 전문가,26202,공공행정 전문가
KSCO,8,5,29545,색채 전문가,28545,색채 전문가
KSCO,8,5,29546,활자 디자이너,28546,활자 디자이너
KSCO,8,5,29546,활자 디자이너,26202,공공행정 전문가
KSCO,8,5,29549,그 외 시각 디자이너,26202,공공행정 전문가
KSCO,8,5,29549,그 외 시각 디자이너,28549,그 외 시각 디자이너
KSCO,8,5,29551,웹 디자이너,28551,웹 디자이너
KSCO,8,5,29551,웹 디자이너,26202,공공행정 전문가
KSCO,8,5,29552,멀티미디어 디자이너,28552,멀티미디어 디자이너
KSCO,8,5,29552,멀티미디어 디자이너,26202,공공행정 전문가
KSCO,8,5,29553,게임 디자이너,28553,게임 그래픽 디자이너
KSCO,8,5,29553,게임 디자이너,26202,공공행정 전문가
KSCO,8,5,29554,사용자 경험 및 인터페이스 디자이너,28554,사용자 경험 및 인터페이스 디자이너
KSCO,8,5,29554,사용자 경험 및 인터페이스 디자이너,26202,공공행정 전문가
KSCO,8,5,29555,실감형 콘텐츠 디자이너,28559,그 외 미디어 콘텐츠 디자이너
KSCO,8,5,29555,실감형 콘텐츠 디자이너,26202,공공행정 전문가
KSCO,8,5,29559,그 외 미디어 콘텐츠 디자이너,28559,그 외 미디어 콘텐츠 디자이너
KSCO,8,5,29559,그 외 미디어 콘텐츠 디자이너,26202,공공행정 전문가
KSCO,8,5,29611,스포츠 감독,28611,스포츠 감독
KSCO,8,5,29611,스포츠 감독,26202,공공행정 전문가
KSCO,8,5,29612,스포츠 코치,26202,공공행정 전문가
KSCO,8,5,29612,스포츠 코치,28612,스포츠 코치
KSCO,8,5,29620,직업 운동선수,28620,직업 운동선수
KSCO,8,5,29620,직업 운동선수,26202,공공행정 전문가
KSCO,8,5,29631,경기 심판,28631,경기 심판
KSCO,8,5,29631,경기 심판,26202,공공행정 전문가
KSCO,8,5,29632,경기 기록원,26202,공공행정 전문가
KSCO,8,5,29632,경기 기록원,28632,경기 기록원
KSCO,8,5,29640,스포츠 강사 및 트레이너,28691,스포츠 강사 및 트레이너
KSCO,8,5,29640,스포츠 강사 및 트레이너,26202,공공행정 전문가
KSCO,8,5,29691,레크리에이션 전문가,28692,레크리에이션 전문가
KSCO,8,5,29691,레크리에이션 전문가,26202,공공행정 전문가
KSCO,8,5,29699,그 외 스포츠 및 레크리에이션 관련 전문가,26202,공공행정 전문가
KSCO,8,5,29699,그 외 스포츠 및 레크리에이션 관련 전문가,28699,그 외 스포츠 및 레크리에이션 관련 전문가
KSCO,8,5,29701,주방장,26202,공공행정 전문가
KSCO,8,5,29701,주방장,28701,주방장
KSCO,8,5,29702,요리 연구가,26202,공공행정 전문가
KSCO,8,5,29702,요리 연구가,28702,요리 연구가
KSCO,8,5,29709,그 외 식문화 관련 전문가,26202,공공행정 전문가
KSCO,8,5,29709,그 외 식문화 관련 전문가,28709,그 외 식문화 관련 전문가
KSCO,8,5,29810,공연 및 시각예술 기획자,26202,공공행정 전문가
KSCO,8,5,29810,공연 및 시각예술 기획자,28810,공연ㆍ영화 및 음반 기획자
KSCO,8,5,29820,영화 및 음반 기획자,26202,공공행정 전문가
KSCO,8,5,29820,영화 및 음반 기획자,28810,공연ㆍ영화 및 음반 기획자
KSCO,8,5,31110,경영 기획 사무원,31211,경영 기획 사무원
KSCO,8,5,31110,경영 기획 사무원,31150,공공행정 사무원
KSCO,8,5,31121,영업 관리 사무원,31212,영업 관리 사무원
KSCO,8,5,31121,영업 관리 사무원,31150,공공행정 사무원
KSCO,8,5,31122,광고 및 홍보 사무원,31213,광고 및 홍보 사무원
KSCO,8,5,31122,광고 및 홍보 사무원,31150,공공행정 사무원
KSCO,8,5,31123,분양 및 임대 사무원,31214,분양 및 임대 사무원
KSCO,8,5,31123,분양 및 임대 사무원,31150,공공행정 사무원
KSCO,8,5,31124,판매 사무원,31215,판매 사무원
KSCO,8,5,31124,판매 사무원,31150,공공행정 사무원
KSCO,8,5,31129,그 외 영업 및 마케팅 사무원,31219,그 외 기획 및 마케팅 사무원
KSCO,8,5,31129,그 외 영업 및 마케팅 사무원,31150,공공행정 사무원
KSCO,8,5,31210,인사 및 노무 사무원,31150,공공행정 사무원
KSCO,8,5,31210,인사 및 노무 사무원,31221,인사 및 노무 사무원
KSCO,8,5,31220,교육 및 훈련 사무원,31150,공공행정 사무원
KSCO,8,5,31220,교육 및 훈련 사무원,31222,교육 및 훈련 사무원
KSCO,8,5,32110,자재관리 사무원,31150,공공행정 사무원
KSCO,8,5,32110,자재관리 사무원,31230,자재 관리 사무원
KSCO,8,5,32121,생산관리 사무원,31241,생산관리 사무원
KSCO,8,5,32121,생산관리 사무원,31150,공공행정 사무원
KSCO,8,5,32122,품질관리 사무원,31150,공공행정 사무원
KSCO,8,5,32122,품질관리 사무원,31242,품질 관리 사무원
KSCO,8,5,32211,도로운송 사무원,31261,도로운송 사무원
KSCO,8,5,32211,도로운송 사무원,31150,공공행정 사무원
KSCO,8,5,32212,철도운송 사무원,31262,철도운송 사무원
KSCO,8,5,32212,철도운송 사무원,31150,공공행정 사무원
KSCO,8,5,32221,수상운송 사무원,31150,공공행정 사무원
KSCO,8,5,32221,수상운송 사무원,31263,수상운송 사무원
KSCO,8,5,32222,항공운송 사무원,31264,항공운송 사무원
KSCO,8,5,32222,항공운송 사무원,31150,공공행정 사무원
KSCO,8,5,32230,무역 사무원,31250,무역 사무원
KSCO,8,5,32230,무역 사무원,31150,공공행정 사무원
KSCO,8,5,32290,그 외 운송 및 무역 사무원,31261,도로운송 사무원
KSCO,8,5,32290,그 외 운송 및 무역 사무원,31150,공공행정 사무원
KSCO,8,5,33110,회계 사무원,31310,회계 사무원
KSCO,8,5,33110,회계 사무원,31150,공공행정 사무원
KSCO,8,5,33120,경리 사무원,31320,경리 사무원
KSCO,8,5,33120,경리 사무원,31150,공공행정 사무원
KSCO,8,5,33201,통계ㆍ데이터 사무원,31150,공공행정 사무원
KSCO,8,5,33201,통계ㆍ데이터 사무원,39101,통계 사무원
KSCO,8,5,33202,통계 및 설문 조사 사무원,39102,통계 및 설문 조사 사무원
KSCO,8,5,33202,통계 및 설문 조사 사무원,31150,공공행정 사무원
KSCO,8,5,33209,그 외 통계ㆍ데이터 관련 사무원,31150,공공행정 사무원
KSCO,8,5,33209,그 외 통계ㆍ데이터 관련 사무원,39109,그 외 통계 관련 사무원
KSCO,8,5,34010,출납 창구 사무원,31150,공공행정 사무원
KSCO,8,5,34010,출납 창구 사무원,32010,출납 창구 사무원
KSCO,8,5,34021,보험 심사원,32021,보험 심사원
KSCO,8,5,34021,보험 심사원,31150,공공행정 사무원
KSCO,8,5,34022,보험 사무원,32022,보험 사무원
KSCO,8,5,34022,보험 사무원,31150,공공행정 사무원
KSCO,8,5,34030,은행 사무원,32030,은행 사무원
KSCO,8,5,34030,은행 사무원,31150,공공행정 사무원
KSCO,8,5,34040,증권 사무원,31150,공공행정 사무원
KSCO,8,5,34040,증권 사무원,32040,증권 사무원
KSCO,8,5,34051,수금원,32051,수금원
KSCO,8,5,34051,수금원,31150,공공행정 사무원
KSCO,8,5,34052,신용 추심원,32052,신용 추심원
KSCO,8,5,34052,신용 추심원,31150,공공행정 사무원
KSCO,8,5,34090,그 외 금융 사무원,32090,그 외 금융 사무원
KSCO,8,5,34090,그 외 금융 사무원,31150,공공행정 사무원
KSCO,8,5,35111,법무 사무원,33011,법무 사무원
KSCO,8,5,35111,법무 사무원,31150,공공행정 사무원
KSCO,8,5,35112,특허 사무원,33012,특허 사무원
KSCO,8,5,35112,특허 사무원,31150,공공행정 사무원
KSCO,8,5,35119,그 외 법률 관련 사무원,33019,그 외 법률 관련 사무원
KSCO,8,5,35119,그 외 법률 관련 사무원,31150,공공행정 사무원
KSCO,8,5,35120,감사 사무원,31150,공공행정 사무원
KSCO,8,5,35120,감사 사무원,33020,감사 사무원
KSCO,8,5,35210,조세 행정 사무원,31110,조세행정 사무원
KSCO,8,5,35220,관세 행정 사무원,31120,관세행정 사무원
KSCO,8,5,35230,병무 행정 사무원,31130,병무행정 사무원
KSCO,8,5,35290,그 외 정부 행정 사무원,31141,국가행정 사무원
KSCO,8,5,35290,그 외 정부 행정 사무원,31142,지방행정 사무원
KSCO,8,5,36110,여행 사무원,39210,여행 사무원
KSCO,8,5,36110,여행 사무원,31150,공공행정 사무원
KSCO,8,5,36121,예약 및 접수 사무원,31150,공공행정 사무원
KSCO,8,5,36121,예약 및 접수 사무원,39221,예약 및 접수 사무원
KSCO,8,5,36122,데스크 안내원,39222,데스크 안내원
KSCO,8,5,36122,데스크 안내원,31150,공공행정 사무원
KSCO,8,5,36123,방송 안내원,31150,공공행정 사무원
KSCO,8,5,36123,방송 안내원,39223,방송 안내원
KSCO,8,5,36124,전화교환 및 전화번호 안내원,39224,전화교환 및 전화번호 안내원
KSCO,8,5,36124,전화교환 및 전화번호 안내원,31150,공공행정 사무원
KSCO,8,5,36129,그 외 안내ㆍ접수원 및 전화교환원,39229,그 외 안내ㆍ접수원 및 전화교환원
KSCO,8,5,36129,그 외 안내ㆍ접수원 및 전화교환원,31150,공공행정 사무원
KSCO,8,5,36201,의료 서비스 상담 종사원,39911,의료 서비스 상담 종사원
KSCO,8,5,36201,의료 서비스 상담 종사원,31150,공공행정 사무원
KSCO,8,5,36202,전화 상담원,31150,공공행정 사무원
KSCO,8,5,36202,전화 상담원,39912,전화 상담원
KSCO,8,5,36203,방문 고객 상담원,39913,방문 고객 상담원
KSCO,8,5,36203,방문 고객 상담원,31150,공공행정 사무원
KSCO,8,5,36204,모니터 요원,31150,공공행정 사무원
KSCO,8,5,36204,모니터 요원,39914,모니터 요원
KSCO,8,5,36205,중개 사무원,39915,중개 사무원
KSCO,8,5,36205,중개 사무원,31150,공공행정 사무원
KSCO,8,5,36206,취업 알선원,31150,공공행정 사무원
KSCO,8,5,36206,취업 알선원,39994,취업 알선원
KSCO,8,5,36209,그 외 고객 상담 사무원,39919,그 외 고객 상담 사무원
KSCO,8,5,36209,그 외 고객 상담 사무원,31150,공공행정 사무원
KSCO,8,5,37101,총무 사무원,31150,공공행정 사무원
KSCO,8,5,37101,총무 사무원,31271,총무 사무원
KSCO,8,5,37102,대학 행정조교,31272,대학 행정조교
KSCO,8,5,37102,대학 행정조교,31150,공공행정 사무원
KSCO,8,5,37211,관리 비서,31411,관리 비서
KSCO,8,5,37211,관리 비서,31150,공공행정 사무원
KSCO,8,5,37212,일반 비서,31412,일반 비서
KSCO,8,5,37212,일반 비서,31150,공공행정 사무원
KSCO,8,5,37221,연예인 매니저,28821,연예인 매니저
KSCO,8,5,37221,연예인 매니저,31150,공공행정 사무원
KSCO,8,5,37222,스포츠 매니저,28822,스포츠 매니저
KSCO,8,5,37222,스포츠 매니저,31150,공공행정 사무원
KSCO,8,5,37231,약국 전산 관리원,31421,약국 전산 관리원
KSCO,8,5,37231,약국 전산 관리원,31150,공공행정 사무원
KSCO,8,5,37239,그 외 전산 자료 입력원,31150,공공행정 사무원
KSCO,8,5,37239,그 외 전산 자료 입력원,31422,전산 자료 입력원
KSCO,8,5,37240,속기사,39992,속기사
KSCO,8,5,37240,속기사,31150,공공행정 사무원
KSCO,8,5,37250,자원봉사 관리원,39999,그 외 사무원
KSCO,8,5,37250,자원봉사 관리원,31150,공공행정 사무원
KSCO,8,5,37291,출판 및 자료 편집 사무원,39991,출판 및 자료편집 사무원
KSCO,8,5,37291,출판 및 자료 편집 사무원,31150,공공행정 사무원
KSCO,8,5,37299,그 외 사무 지원 종사원,31423,사무 보조원
KSCO,8,5,37299,그 외 사무 지원 종사원,31150,공공행정 사무원
KSCO,8,5,37299,그 외 사무 지원 종사원,39999,그 외 사무원
KSCO,8,5,41111,해양 경찰관 및 수사관,41111,해양 경찰관 및 수사관
KSCO,8,5,41112,일반 경찰관 및 수사관,41112,일반 경찰관 및 수사관
KSCO,8,5,41120,소방관,41120,소방관
KSCO,8,5,41131,소년원 학교 교사,41131,소년원 학교 교사
KSCO,8,5,41132,교도관,41132,교도관
KSCO,8,5,41210,경호원,41210,경호원
KSCO,8,5,41220,청원경찰,41220,청원경찰
KSCO,8,5,41231,시설 경비원,41231,시설 경비원
KSCO,8,5,41232,호송 경비원,41232,호송 경비원
KSCO,8,5,41233,기계 경비원,41233,기계 경비원
KSCO,8,5,41234,특수 경비원,41234,특수 경비원
KSCO,8,5,41239,그 외 시설 및 특수 경비원,41239,그 외 시설 및 특수 경비원
KSCO,8,5,41240,보안 관제원,41291,보안 관제원
KSCO,8,5,41291,유통 및 매장 감시원,41292,유통 및 매장 감시원
KSCO,8,5,41292,주차 단속원,41293,주차 단속원
KSCO,8,5,41299,그 외 경호 및 보안 관련 종사원,41299,그 외 경호 및 보안 관련 종사원
KSCO,8,5,42111,유치원교사 보조원,42122,교사 교육 보조원
KSCO,8,5,42112,학교교사 보조원,42122,교사 교육 보조원
KSCO,8,5,42113,유치원 및 학교 돌봄 종사원,42121,보육 관련 시설 서비스 종사원
KSCO,8,5,42120,보육 관련 시설 돌봄 종사원,42121,보육 관련 시설 서비스 종사원
KSCO,8,5,42191,방문 아동 돌봄 종사원,42199,그 외 돌봄 및 보건 서비스 종사원
KSCO,8,5,42199,그 외 교사 보조 및 아동 돌봄 종사원,42199,그 외 돌봄 및 보건 서비스 종사원
KSCO,8,5,42210,요양보호사,42111,요양 보호사
KSCO,8,5,42220,간병인,42112,간병인
KSCO,8,5,42310,노인 돌봄 종사원,42113,노인 및 장애인 돌봄 서비스 종사원
KSCO,8,5,42320,장애인 돌봄 종사원,42113,노인 및 장애인 돌봄 서비스 종사원
KSCO,8,5,42901,산후조리 종사원,42191,산후조리 종사원
KSCO,8,5,42902,치료사 보조원,42192,치료사 보조원
KSCO,8,5,42909,그 외 돌봄 및 보건 서비스 종사원,42199,그 외 돌봄 및 보건 서비스 종사원
KSCO,8,5,43110,이용사,42210,이용사
KSCO,8,5,43120,미용사,42220,미용사
KSCO,8,5,43130,네일 관리사,42233,손톱 관리사
KSCO,8,5,43141,피부 관리사,42231,피부 관리사
KSCO,8,5,43142,체형 관리사,42232,체형 관리사
KSCO,8,5,43143,목욕 관리사,42234,목욕 관리사
KSCO,8,5,43149,그 외 피부 및 체형 관리 종사원,42239,그 외 피부 및 체형 관리 종사원
KSCO,8,5,43151,메이크업 아티스트,42241,메이크업 아티스트
KSCO,8,5,43152,특수 분장사,42242,특수 분장사
KSCO,8,5,43153,분장사,42243,분장사
KSCO,8,5,43191,패션 코디네이터,42291,패션 코디네이터
KSCO,8,5,43192,이미지 컨설턴트,42292,이미지컨설턴트
KSCO,8,5,43199,그 외 미용 관련 서비스 종사원,42299,그 외 미용 관련 서비스 종사원
KSCO,8,5,43211,결혼 상담원,42311,결혼상담원
KSCO,8,5,43212,웨딩플래너,42312,웨딩플래너
KSCO,8,5,43220,혼례 종사원,42320,혼례 종사원
KSCO,8,5,43231,장례 상담원,42331,장례 상담원
KSCO,8,5,43232,장례 지도사,42332,장례 지도사
KSCO,8,5,43311,동물 보건사,42913,수의사 보조원
KSCO,8,5,43319,그 외 수의사 보조원,42913,수의사 보조원
KSCO,8,5,43321,반려동물 훈련사,42912,반려동물 훈련사
KSCO,8,5,43322,반려동물 행동 상담사,42912,반려동물 훈련사
KSCO,8,5,43331,반려동물 미용사,42911,반려동물 미용사
KSCO,8,5,43339,그 외 반려동물 관리 종사원,42332,장례 지도사
KSCO,8,5,43911,점술가,42921,점술가
KSCO,8,5,43912,민속신앙 관련 종사원,42922,민속신앙 관련 종사원
KSCO,8,5,43990,그 외 개인 생활 서비스 종사원,42930,개인 생활 서비스 종사원
KSCO,8,5,44110,항공기 객실 승무원,43110,항공기 객실 승무원
KSCO,8,5,44121,선박 객실 승무원,43121,선박 객실 승무원
KSCO,8,5,44122,열차 객실 승무원,43122,열차 객실 승무원
KSCO,8,5,44211,국내 여행 안내사,43211,국내여행 안내원
KSCO,8,5,44212,국외 여행 안내사,43212,국외여행 안내원
KSCO,8,5,44213,관광 통역 안내사,43213,관광 통역 안내원
KSCO,8,5,44214,미술관ㆍ박물관 해설 및 안내원,43214,미술관ㆍ박물관 해설 및 안내원
KSCO,8,5,44215,전시 및 시설 견학 안내원,43215,전시 및 시설 견학 안내원
KSCO,8,5,44216,문화 관광 및 숲ㆍ자연환경 해설사,43216,문화 관광 및 숲ㆍ자연환경 해설사
KSCO,8,5,44219,그 외 관광 서비스 종사원,43211,국내여행 안내원
KSCO,8,5,44221,호텔 서비스원,43221,호텔 서비스원
KSCO,8,5,44229,그 외 숙박시설 서비스원,43229,그 외 숙박시설 서비스원
KSCO,8,5,44231,유원시설 및 테마파크 서비스원,43231,유원시설 및 테마파크 서비스원
KSCO,8,5,44232,노래방 서비스원,43232,노래방 서비스원
KSCO,8,5,44239,그 외 오락시설 서비스원,43239,그 외 오락시설 서비스원
KSCO,8,5,44291,카지노 딜러,43291,카지노 딜러
KSCO,8,5,44292,골프장 캐디,43292,골프장 캐디
KSCO,8,5,44293,응원단원,43293,응원단원
KSCO,8,5,44299,그 외 여가 서비스원,43299,그 외 여가 서비스원
KSCO,8,5,45110,한식 조리사,44110,한식 조리사
KSCO,8,5,45120,중식 조리사,44120,중식 조리사
KSCO,8,5,45130,양식 조리사,44130,양식 조리사
KSCO,8,5,45140,일식 조리사,44140,일식 조리사
KSCO,8,5,45150,단체급식 조리사,44110,한식 조리사
KSCO,8,5,45191,분식 조리사,44191,분식 조리사
KSCO,8,5,45199,그 외 조리사,44199,그 외 조리사
KSCO,8,5,45211,커피 조리원,44151,커피 조리사
KSCO,8,5,45212,전통차 조리원,44152,전통차 조리사
KSCO,8,5,45219,그 외 음료 조리원 ,44159,그 외 음료 조리사
KSCO,8,5,45220,바텐더,44210,바텐더
KSCO,8,5,45311,음식 서비스 종사원,44221,음식 서비스 종사원
KSCO,8,5,45312,음료 서비스 종사원,44222,음료 서비스 종사원
KSCO,8,5,45313,주류 서비스 종사원,44223,주류 서비스 종사원
KSCO,8,5,45391,병원 배식원,44290,그 외 음식 서비스 종사원
KSCO,8,5,45399,그 외 식음료 서비스 종사원,44290,그 외 음식 서비스 종사원
KSCO,8,5,51011,신차 영업원,51011,신차 영업원
KSCO,8,5,51012,중고차 영업원,51012,중고차 영업원
KSCO,8,5,51021,건축자재 영업원,51021,건축자재 영업원
KSCO,8,5,51022,식품 영업원,51023,식품 영업원
KSCO,8,5,51029,그 외 제품 영업원,51029,그 외 일반 영업원
KSCO,8,5,51031,보험 중개인,51031,보험 중개인
KSCO,8,5,51032,보험 설계사,51032,보험 설계사
KSCO,8,5,51033,투자 권유 대행인,51033,투자 권유 대행인
KSCO,8,5,51041,대출 모집인,51041,대출 모집인
KSCO,8,5,51042,신용카드 모집인,51042,신용카드 모집인
KSCO,8,5,51051,행사 및 홍보 도우미,53231,행사 및 홍보 도우미
KSCO,8,5,51052,판촉원,53232,판촉원
KSCO,8,5,51091,인쇄 및 광고 영업원,51022,인쇄 및 광고 영업원
KSCO,8,5,51092,체인점 모집 및 관리 영업원,51024,체인점 모집 및 관리 영업원
KSCO,8,5,51099,그 외 영업원,51029,그 외 일반 영업원
KSCO,8,5,52111,소규모 상점 경영자,52111,소규모 상점 경영자
KSCO,8,5,52112,소규모 상점 일선 관리 종사원,52112,소규모 상점 일선 관리 종사원
KSCO,8,5,52121,의류 판매원,52121,의류 판매원
KSCO,8,5,52122,화장품 판매원,52122,화장품 판매원
KSCO,8,5,52123,가전제품 판매원,52123,가전제품 판매원
KSCO,8,5,52124,가구 판매원,52124,가구 판매원
KSCO,8,5,52125,신발 및 액세서리 판매원,52125,신발 및 액세서리 판매원
KSCO,8,5,52126,서적ㆍ문구 및 음반 판매원,52126,서적ㆍ문구 및 음반 판매원
KSCO,8,5,52127,원예작물 판매원,52127,원예작물 판매원
KSCO,8,5,52128,음식료품 판매원,52128,음식료품 판매원
KSCO,8,5,52129,그 외 상점 판매원,52129,그 외 상점 판매원
KSCO,8,5,52131,항공권 판매원,52131,항공권 판매원
KSCO,8,5,52132,승차권 판매원,52132,승차권 판매원
KSCO,8,5,52133,입장권 판매원,52133,입장권 판매원
KSCO,8,5,52134,복권 및 마권 판매원,52134,복권 및 마권 판매원
KSCO,8,5,52139,그 외 매표원 및 복권 판매원,52139,그 외 매표원 및 복권 판매원
KSCO,8,5,52141,매장 계산원,52141,매장 계산원
KSCO,8,5,52142,요금 정산원,52142,요금 정산원
KSCO,8,5,52201,자동차 대여원,52201,자동차 대여원
KSCO,8,5,52202,생활용품 대여원,52202,생활용품 대여원
KSCO,8,5,52203,사무용품 대여원,52203,사무용품 대여원
KSCO,8,5,52204,오락 및 스포츠용품 대여원,52204,오락 및 스포츠용품 대여원
KSCO,8,5,52205,도서 및 영상 기록 매체 대여원,52205,도서 및 영상 기록 매체 대여원
KSCO,8,5,52209,그 외 상품 대여원,52209,그 외 상품 대여원
KSCO,8,5,53110,단말기 및 통신 서비스 판매원,53110,단말기 및 통신 서비스 판매원
KSCO,8,5,53120,온라인 쇼핑 판매원,53120,온라인 쇼핑 판매원
KSCO,8,5,53130,텔레마케터,53130,텔레마케터
KSCO,8,5,53210,방문 판매원,53210,방문 판매원
KSCO,8,5,53220,노점 및 이동 판매원,53220,노점 및 이동 판매원
KSCO,8,5,61110,곡식작물 재배원,61110,곡식작물 재배원
KSCO,8,5,61121,채소작물 재배원,61121,채소작물 재배원
KSCO,8,5,61122,특용작물 재배원,61122,특용작물 재배원
KSCO,8,5,61130,과수작물 재배원,61130,과수작물 재배원
KSCO,8,5,61211,육묘작물 재배원,61211,육묘작물 재배원
KSCO,8,5,61212,화훼작물 재배원,61212,화훼작물 재배원
KSCO,8,5,61220,조경원,61220,조경원
KSCO,8,5,61311,젖소 사육원,61311,젖소 사육자
KSCO,8,5,61319,그 외 낙농 관련 종사원,61319,그 외 낙농업 관련 종사원
KSCO,8,5,61320,한우 및 육우 사육원,61321,육우 사육자
KSCO,8,5,61330,돼지 사육원,61322,돼지 사육자
KSCO,8,5,61341,육계 사육원,61323,가금 사육자
KSCO,8,5,61342,산란계 사육원,61323,가금 사육자
KSCO,8,5,61349,그 외 가금 사육원,61323,가금 사육자
KSCO,8,5,61391,양봉 종사원,61391,양봉 종사원
KSCO,8,5,61392,수렵원,61392,수렵 종사원
KSCO,8,5,61393,동물 부화원,61393,동물 부화원
KSCO,8,5,61394,병아리 감별사,61394,감별사
KSCO,8,5,61395,동물원 사육사,61395,동물원 사육사
KSCO,8,5,61399,그 외 축산 및 사육 관련 종사원,61399,그 외 사육 관련 종사원
KSCO,8,5,61399,그 외 축산 및 사육 관련 종사원,61329,그 외 가축 사육 종사원
KSCO,8,5,62011,조림원 및 산림 경영인,62011,조림원 및 산림경영인
KSCO,8,5,62012,벌목원,62012,벌목원
KSCO,8,5,62091,임산물 채취원,62091,임산물 채취 종사원
KSCO,8,5,62099,그 외 임업 관련 종사원,62099,그 외 임업 관련 종사원
KSCO,8,5,63011,어패류 양식원,63011,어패류 양식원
KSCO,8,5,63012,해조류 양식원,63012,해조류 양식원
KSCO,8,5,63019,그 외 양식원,63019,그 외 양식원
KSCO,8,5,63021,원근해 어부,63021,원근해 어부
KSCO,8,5,63022,내수면 어부,63022,내수면 어부
KSCO,8,5,63023,해녀,63023,해녀
KSCO,8,5,71010,제빵사 및 제과원,71010,제빵사 및 제과원
KSCO,8,5,71020,떡 제조원,71020,떡 제조원
KSCO,8,5,71031,정육 가공원,71031,정육가공원
KSCO,8,5,71032,도축원,71032,도축원
KSCO,8,5,71039,그 외 정육 가공 및 도축 관련 종사원,71039,그 외 정육가공 및 도축 관련 종사원
KSCO,8,5,71041,식품 등급원,71041,식품 등급원
KSCO,8,5,71042,담배 등급원,71042,담배 등급원
KSCO,8,5,71051,김치 제조 종사원,71051,김치 제조 종사원
KSCO,8,5,71052,밑반찬 제조 종사원,71052,밑반찬 제조 종사원
KSCO,8,5,71060,도시락 제조원,71099,그 외 수제 식품 제조 종사원
KSCO,8,5,71091,건강원 및 탕제원 종사원,71091,건강원 및 탕제원 종사원
KSCO,8,5,71092,수산물 가공 및 염장원,71092,수산물가공 및 염장원
KSCO,8,5,71099,그 외 식품 가공 관련 기능 종사원,71099,그 외 수제 식품 제조 종사원
KSCO,8,5,72111,직물 패턴사,72111,직물 패턴사
KSCO,8,5,72112,가죽 패턴사,72112,가죽 패턴사
KSCO,8,5,72113,모피 패턴사,72113,모피 패턴사
KSCO,8,5,72119,그 외 패턴사,72119,그 외 패턴사
KSCO,8,5,72121,의복 재단사,72121,의복 재단사
KSCO,8,5,72122,신발 및 구두 재단사,72122,신발 및 구두 재단사
KSCO,8,5,72129,그 외 재단사,72129,그 외 재단사
KSCO,8,5,72131,직물 재봉사,72131,직물 재봉사
KSCO,8,5,72132,가죽 및 모피 재봉사,72132,가죽 및 모피 재봉사
KSCO,8,5,72133,신발 재봉사,72133,신발 재봉사
KSCO,8,5,72134,기계 자수사,72134,기계 자수사
KSCO,8,5,72139,그 외 재봉사,72139,그 외 재봉사
KSCO,8,5,72140,제화원,72140,제화원
KSCO,8,5,72191,모자 제조원,72191,모자 제조원
KSCO,8,5,72192,카펫 및 가발 제조원,72192,카펫 및 가발 제조원
KSCO,8,5,72193,시트 제품 제조원,72193,시트 제품 제조원
KSCO,8,5,72194,수날염원,72194,수날염원
KSCO,8,5,72195,섬유 및 펠트 관련 선별원,72195,섬유 및 펠트 관련 선별원
KSCO,8,5,72199,그 외 섬유 및 가죽 관련 기능 종사원,72199,그 외 섬유 및 가죽 관련 기능 종사원
KSCO,8,5,72210,한복 제조원,72210,한복 제조원
KSCO,8,5,72221,양장 제조원,72221,양장 제조원
KSCO,8,5,72222,양복 제조원,72222,양복 제조원
KSCO,8,5,72230,모피 및 가죽 의복 제조원,72230,모피 및 가죽 의복 제조원
KSCO,8,5,72241,의복 수선원,72241,의복 수선원
KSCO,8,5,72242,가죽 및 모피 수선원,72242,가죽 및 모피 수선원
KSCO,8,5,72243,구두 수선원,72243,구두 수선원
KSCO,8,5,72249,그 외 수선원,72249,그 외 수선원
KSCO,8,5,72290,그 외 의복 제조 관련 기능 종사원,72290,그 외 의복 제조 관련 기능 종사원
KSCO,8,5,73011,목재 케이스 및 나무 상자 제조원,73011,목재케이스 및 나무상자 제조원
KSCO,8,5,73019,그 외 목제품 제조 관련 종사원,73019,그 외 목제품 제조 관련 종사원
KSCO,8,5,73021,가구 제조원,73021,가구 제조원
KSCO,8,5,73022,가구 수리원,73022,가구 수리원
KSCO,8,5,73031,악기 제조 및 수리원,73031,악기 제조 및 수리원
KSCO,8,5,73032,조율사,73032,조율사
KSCO,8,5,73040,간판 제작 및 설치원,73040,간판 제작 및 설치원
KSCO,8,5,74010,금형원,74110,금형원
KSCO,8,5,74021,목형원,74121,목형원
KSCO,8,5,74022,주형원,74122,주형원
KSCO,8,5,74023,금속 주입원,74123,금속 주입원
KSCO,8,5,74030,단조원,74130,단조원
KSCO,8,5,74040,제관원,74210,제관원
KSCO,8,5,74050,판금원,74220,판금원
KSCO,8,5,74061,가스 용접원,74301,가스 용접원
KSCO,8,5,74062,전기 용접원,74302,전기 용접원
KSCO,8,5,74069,그 외 용접원,74309,그 외 용접원
KSCO,8,5,75101,자동차 엔진 정비원,75101,자동차 엔진 정비원
KSCO,8,5,75102,자동차 섀시 정비원,75102,자동차 섀시 정비원
KSCO,8,5,75103,자동차 전기 및 전자 정비원,75103,자동차 전기 및 전자 정비원
KSCO,8,5,75104,자동차 판금 및 도장 정비원,75105,자동차 도장 정비원
KSCO,8,5,75104,자동차 판금 및 도장 정비원,75104,자동차 판금 정비원
KSCO,8,5,75105,전기자동차 모터 정비원,75109,그 외 자동차 정비원
KSCO,8,5,75106,전기자동차 배터리 정비원,75109,그 외 자동차 정비원
KSCO,8,5,75107,자동차 경정비원,75106,자동차 경정비원
KSCO,8,5,75108,자동차 튜닝원,75107,자동차 튜닝원
KSCO,8,5,75109,그 외 자동차 정비원,75109,그 외 자동차 정비원
KSCO,8,5,75211,비행기 정비원,75211,비행기 정비원
KSCO,8,5,75212,헬리콥터 정비원,75212,헬리콥터 정비원
KSCO,8,5,75220,선박 정비원,75220,선박 정비원
KSCO,8,5,75231,고속철 기관차 정비원,75231,고속철 기관차 정비원
KSCO,8,5,75232,철도 기관차 정비원,75232,철도 기관차 정비원
KSCO,8,5,75233,전동차 정비원,75233,전동차 정비원
KSCO,8,5,75234,여객차 및 화차 정비원,75234,여객차 및 화차 정비원
KSCO,8,5,75291,오토바이 정비원,75291,오토바이 정비원
KSCO,8,5,75292,자전거 정비원,75292,자전거 정비원
KSCO,8,5,75299,그 외 운송장비 정비원,75299,그 외 운송장비 정비원
KSCO,8,5,75310,로봇 설치 및 정비원,75319,그 외 공업기계 설치 및 정비원
KSCO,8,5,75310,로봇 설치 및 정비원,75315,전자 제품 기계 설치 및 정비원
KSCO,8,5,75310,로봇 설치 및 정비원,75314,공작기계 설치 및 정비원
KSCO,8,5,75310,로봇 설치 및 정비원,75311,식품기계 설치 및 정비원
KSCO,8,5,75310,로봇 설치 및 정비원,75313,화학기계 설치 및 정비원
KSCO,8,5,75310,로봇 설치 및 정비원,75312,섬유기계 설치 및 정비원
KSCO,8,5,75320,공업기계 설치 및 정비원,75319,그 외 공업기계 설치 및 정비원
KSCO,8,5,75320,공업기계 설치 및 정비원,75315,전자 제품 기계 설치 및 정비원
KSCO,8,5,75320,공업기계 설치 및 정비원,75314,공작기계 설치 및 정비원
KSCO,8,5,75320,공업기계 설치 및 정비원,75313,화학기계 설치 및 정비원
KSCO,8,5,75320,공업기계 설치 및 정비원,75312,섬유기계 설치 및 정비원
KSCO,8,5,75320,공업기계 설치 및 정비원,75311,식품기계 설치 및 정비원
KSCO,8,5,75331,엘리베이터 설치 및 정비원,75321,엘리베이터 설치 및 정비원
KSCO,8,5,75332,에스컬레이터 설치 및 정비원,75322,에스컬레이터 설치 및 정비원
KSCO,8,5,75333,휠체어 리프트 설치 및 정비원,75323,휠체어 리프트 설치 및 정비원
KSCO,8,5,75341,크레인 설치 및 정비원,75331,크레인 설치 및 정비원
KSCO,8,5,75342,호이스트 설치 및 정비원,75332,호이스트 설치 및 정비원
KSCO,8,5,75343,지게차 정비원,75333,지게차 정비원
KSCO,8,5,75349,그 외 물품 이동 장비 설치 및 정비원,75339,그 외 물품 이동 장비 설치 및 정비원
KSCO,8,5,75351,건물용 냉동ㆍ냉장ㆍ공조기 설치 및 정비원,75341,건물용 냉동ㆍ냉장ㆍ공조기 설치 및 정비원
KSCO,8,5,75359,그 외 냉동ㆍ냉장ㆍ공조기 설치 및 정비원,75349,그 외 냉동ㆍ냉장ㆍ공조기 설치 및 정비원
KSCO,8,5,75361,건물용 보일러 설치 및 정비원,75351,건물용 보일러 설치 및 정비원
KSCO,8,5,75369,그 외 보일러 설치 및 정비원,75359,그 외 보일러 설치 및 정비원
KSCO,8,5,75371,건설용 굴삭기 정비원,75361,건설용 굴삭기 정비원
KSCO,8,5,75372,광업용 기계 설치 및 정비원,75362,광업용 기계 설치 및 정비원
KSCO,8,5,75379,그 외 건설용 기계 정비원,75369,그 외 건설용 기계 정비원
KSCO,8,5,75391,농업용 기계 설치 및 정비원,75391,농업용 기계 설치 및 정비원
KSCO,8,5,75399,그 외 기계장비 설치 및 정비원,75399,그 외 기계장비 설치 및 정비원
KSCO,8,5,76110,사무용 전자기기 설치 및 수리원,76110,사무용 전자기기 설치 및 수리원
KSCO,8,5,76120,가전제품 설치 및 수리원,76120,가전제품 설치 및 수리원
KSCO,8,5,76191,감시카메라 설치 및 수리원,76191,감시카메라 설치 및 수리원
KSCO,8,5,76192,현금인출기 설치 및 수리원,76192,현금인출기 설치 및 수리원
KSCO,8,5,76193,포스 시스템 설치 및 수리원,76193,포스시스템 설치 및 수리원
KSCO,8,5,76194,영상ㆍ전자음향기기 설치 및 수리원,76194,영상ㆍ전자음향기기 설치 및 수리원
KSCO,8,5,76195,의료기기 설치 및 수리원,76195,의료기기 설치 및 수리원
KSCO,8,5,76196,시계 및 카메라 수리원,76196,시계 및 카메라 수리원
KSCO,8,5,76197,광학기구 수리원,76197,광학기구 수리원
KSCO,8,5,76198,드론기기 수리원,76199,그 외 전기ㆍ전자기기 설치 및 수리원
KSCO,8,5,76199,그 외 전기ㆍ전자기기 설치 및 수리원,76199,그 외 전기ㆍ전자기기 설치 및 수리원
KSCO,8,5,76211,항공기 전기 설치원,76211,항공기 전기 설치원
KSCO,8,5,76212,선박 전기 설치원,76212,선박 전기 설치원
KSCO,8,5,76213,철도차량 전기 설치원,76213,철도차량 전기 설치원
KSCO,8,5,76214,플랜트 전기 설치원,76214,플랜트 전기 설치원
KSCO,8,5,76219,그 외 산업 전기 설치원,76219,그 외 산업 전기 설치원
KSCO,8,5,76221,건물 내 전기 설치 및 정비원,76221,건물 내 전기 설치 및 정비원
KSCO,8,5,76222,비상 발전기 설치 및 정비원,76222,비상 발전기 설치 및 정비원
KSCO,8,5,76223,조명 기구 설치 및 수리원,76223,조명 기구 설치 및 수리원
KSCO,8,5,76224,전기제어장치 설치 및 정비원,76224,전기제어장치 설치 및 정비원
KSCO,8,5,76225,전기기기 설치 및 정비원,76225,전기기기 설치 및 정비원
KSCO,8,5,76229,그 외 내선 설치 및 정비원,76229,그 외 내선 설치 및 정비원
KSCO,8,5,76231,송배전 설비 전기원,76231,송배전설비 전기원
KSCO,8,5,76232,지중 전력 설비 전기원,76232,지중 전력설비 전기원
KSCO,8,5,76233,전기 케이블 접속원,76233,전기케이블 접속원
KSCO,8,5,76234,철도 고가 전선 가설원,76234,철도 고가 전선 가설원
KSCO,8,5,76239,그 외 외선 전기원,76239,그 외 외선 전기원
KSCO,8,5,77110,컴퓨터 설치 및 수리원,77110,컴퓨터 설치 및 수리원
KSCO,8,5,77120,이동전화기 수리원,77120,이동전화기 수리원
KSCO,8,5,77190,기타 정보 통신기기 설치 및 수리원,77190,그 외 정보 통신기기 설치 및 수리원
KSCO,8,5,77211,방송장비 설치 및 수리원,77211,방송장비 설치 및 수리원
KSCO,8,5,77212,위성방송 안테나 설치 및 수리원,77212,위성방송 안테나 설치 및 수리원
KSCO,8,5,77221,통신장비 설치 및 수리원,77221,통신장비 설치 및 수리원
KSCO,8,5,77222,기지국 설치 및 수리원,77222,기지국 설치 및 수리원
KSCO,8,5,77231,통신 케이블 설치 및 수리원,77231,통신케이블 설치 및 수리원
KSCO,8,5,77232,방송 케이블 설치 및 수리원,77232,방송케이블 설치 및 수리원
KSCO,8,5,77233,인터넷 케이블 설치 및 수리원,77233,인터넷케이블 설치 및 수리원
KSCO,8,5,78111,강구조물 가공원,78111,강구조물 가공원
KSCO,8,5,78112,강구조물 건립원,78112,강구조물 건립원
KSCO,8,5,78120,경량 철골공,78120,경량 철골공
KSCO,8,5,78210,철근공,78210,철근공
KSCO,8,5,78221,인조석 설치원,78221,인조석 설치원
KSCO,8,5,78222,콘크리트패널 조립원,78222,콘크리트패널 조립원
KSCO,8,5,78223,콘크리트 타설원,78223,콘크리트 타설원
KSCO,8,5,78230,건축 석공,78230,건축 석공
KSCO,8,5,78241,전통 건물 건축원,78241,전통 건물 건축원
KSCO,8,5,78242,외장 목공,78242,외장 목공
KSCO,8,5,78243,형틀 목공,78243,형틀 목공
KSCO,8,5,78244,내장 목공,78244,내장 목공
KSCO,8,5,78251,조적공,78251,조적공
KSCO,8,5,78252,보도블록 설치원,78252,보도블록 설치원
KSCO,8,5,78253,석재 부설원,78253,석재 부설원
KSCO,8,5,78259,그 외 조적공 및 석재 부설원,78259,그 외 조적공 및 석재 부설원
KSCO,8,5,78291,비계공,78291,비계공
KSCO,8,5,78292,건물 칸막이 설치원,78292,건물 칸막이 설치원
KSCO,8,5,78293,건물 해체원,78293,건물 해체원
KSCO,8,5,78299,그 외 건설 관련 기능 종사원,78299,그 외 건설 관련 기능 종사원
KSCO,8,5,78310,미장공,78310,미장공
KSCO,8,5,78320,방수공,78320,방수공
KSCO,8,5,78330,단열공,78330,단열공
KSCO,8,5,78341,마루 설치원,78341,마루 설치원
KSCO,8,5,78342,타일 부착원,78342,타일 부착원
KSCO,8,5,78343,대리석 부착원,78343,대리석 부착원
KSCO,8,5,78349,그 외 바닥재 시공원,78349,그 외 바닥재 시공원
KSCO,8,5,78351,도배공,78351,도배공
KSCO,8,5,78352,유리 부착원,78352,유리 부착원
KSCO,8,5,78361,건물 도장공,78361,건물 도장공
KSCO,8,5,78369,그 외 건축 도장공,78369,그 외 건축 도장공
KSCO,8,5,78370,새시 조립 및 설치원,78370,새시 조립 및 설치원
KSCO,8,5,78391,건물 수리원,78391,건물 수리원
KSCO,8,5,78399,그 외 건축 마감 관련 기능 종사원,78399,그 외 건축 마감 관련 기능 종사원
KSCO,8,5,78411,광원,78411,광원
KSCO,8,5,78412,채석원,78412,채석원
KSCO,8,5,78413,석재 절단원,78413,석재 절단원
KSCO,8,5,78421,철로 설치원,78421,철로 설치원
KSCO,8,5,78422,철로 보수원,78422,철로 보수원
KSCO,8,5,78491,점화ㆍ발파 및 화약 관리원,78491,점화ㆍ발파 및 화약 관리원
KSCO,8,5,78492,잠수 기능원,78492,잠수 기능원
KSCO,8,5,78493,삭구원 및 케이블 접속원,78493,삭구원 및 케이블 접속원
KSCO,8,5,78494,천일염 생산 종사원,78494,천일염 생산 종사원
KSCO,8,5,78499,그 외 채굴 및 토목 관련 종사원,78499,그 외 채굴 및 토목 관련 종사원
KSCO,8,5,79111,도자 공예원,79111,도자기 공예원
KSCO,8,5,79112,목 공예원,79112,목 공예원
KSCO,8,5,79113,석 공예원,79113,석 공예원
KSCO,8,5,79114,종이 공예원,79114,종이 공예원
KSCO,8,5,79119,그 외 공예원,79119,그 외 공예원
KSCO,8,5,79121,귀금속 세공원,79121,귀금속 세공원
KSCO,8,5,79122,보석 세공원,79122,보석 세공원
KSCO,8,5,79129,그 외 귀금속 및 보석 세공원,79129,그 외 귀금속 및 보석 세공원
KSCO,8,5,79211,상ㆍ하수 배관공,79211,상ㆍ하수 배관공
KSCO,8,5,79212,가스 배관공,79212,가스 배관공
KSCO,8,5,79221,플랜트 배관공,79221,플랜트 배관공
KSCO,8,5,79222,선박 배관공,79222,선박 배관공
KSCO,8,5,79223,항공기 배관공,79223,항공기 배관공
KSCO,8,5,79290,그 외 배관공,79290,그 외 배관공
KSCO,8,5,79911,배관 세정원,79911,배관 세정원
KSCO,8,5,79912,건물 외벽 세정원,79912,건물 외벽 세정원
KSCO,8,5,79919,그 외 세정원,79919,그 외 배관 세정원 및 방역원
KSCO,8,5,79920,방역원,79913,방역원
KSCO,8,5,79991,인쇄 관련 기능 종사원,79991,인쇄 관련 기능 종사원
KSCO,8,5,79992,유리 관련 기능 종사원,79992,유리 관련 기능 종사원
KSCO,8,5,79999,그 외 기능 관련 종사원,79999,그 외 기능 관련 종사원
KSCO,8,5,81111,곡물 및 사료 제분기 조작원,81111,곡물 및 사료 제분기 조작원
KSCO,8,5,81112,조미료 제분기 조작원,81112,조미료 제분기 조작원
KSCO,8,5,81113,도정기 조작원,81113,도정기 조작원
KSCO,8,5,81119,그 외 제분 및 도정 관련 기계 조작원,81119,그 외 제분 및 도정 관련 기계 조작원
KSCO,8,5,81121,빵ㆍ과자 및 떡 제조 기계 조작원,81121,빵ㆍ과자 및 떡 제조 기계 조작원
KSCO,8,5,81122,두부 및 유사 제품 기계 조작원,81122,두부 및 유사 제품 기계 조작원
KSCO,8,5,81123,국수 및 면류 제품 기계 조작원,81123,국수 및 면류 제품 기계 조작원
KSCO,8,5,81124,사탕ㆍ껌 및 초콜릿 제품 기계 조작원,81124,사탕ㆍ껌 및 초콜릿 제품 기계 조작원
KSCO,8,5,81129,그 외 곡물가공 제품 기계 조작원,81129,그 외 곡물가공 제품 기계 조작원
KSCO,8,5,81131,육류가공 기계 조작원,81131,육류가공 기계 조작원
KSCO,8,5,81132,어패류가공 기계 조작원,81132,어패류가공 기계 조작원
KSCO,8,5,81133,낙농품가공 기계 조작원,81133,낙농품가공 기계 조작원
KSCO,8,5,81140,과실 및 채소가공 관련 기계 조작원,81140,과실 및 채소 가공 관련 기계 조작원
KSCO,8,5,81201,알코올성 음료 제조기 조작원,81201,알코올성 음료 제조기 조작원
KSCO,8,5,81202,비알코올성 음료 제조기 조작원,81202,비알코올성 음료 제조기 조작원
KSCO,8,5,81209,그 외 음료 제조 관련 기계 조작원,81209,그 외 음료 제조 관련 기계 조작원
KSCO,8,5,81901,유지 제조기 조작원,81901,유지 제조기 조작원
KSCO,8,5,81902,조미 식품 생산기 조작원,81902,조미 식품 생산기 조작원
KSCO,8,5,81903,설탕 제조 관련 기계 조작원,81903,설탕 제조 관련 기계 조작원
KSCO,8,5,81904,커피 및 차류 제조기 조작원,81904,커피 및 차류 제조기 조작원
KSCO,8,5,81905,담배 제조 관련 기계 조작원,81905,담배 제조 관련 기계 조작원
KSCO,8,5,81906,건강식품 가공기 조작원,81906,건강식품 가공기 조작원
KSCO,8,5,81909,그 외 식품가공 관련 기계 조작원,81909,그 외 식품가공 관련 기계 조작원
KSCO,8,5,82110,섬유 제조 기계 조작원,82110,섬유 제조 기계 조작원
KSCO,8,5,82121,표백기 조작원,82121,표백기 조작원
KSCO,8,5,82122,염색 조색 및 배합기 조작원,82122,염색 조색 및 배합기 조작원
KSCO,8,5,82123,날염기 조작원,82123,날염기 조작원
KSCO,8,5,82124,염색기 조작원,82124,염색기 조작원
KSCO,8,5,82129,그 외 표백 및 염색 관련 기계 조작원,82129,그 외 표백 및 염색 관련 기계 조작원
KSCO,8,5,82211,제직기 조작원,82211,제직기 조작원
KSCO,8,5,82212,편직기 조작원,82212,편직기 조작원
KSCO,8,5,82219,그 외 직조기 및 편직기 조작원,82219,그 외 직조기 및 편직기 조작원
KSCO,8,5,82220,신발 제조기 조작원,82220,신발 제조기 조작원 및 조립원
KSCO,8,5,82291,가죽 및 모피 가공원,82291,가죽 및 모피 가공원
KSCO,8,5,82292,자동 재단기 조작원,82292,자동 재단기 조작원
KSCO,8,5,82293,자동 재봉 설비 조작원,82293,자동 재봉설비 조작원
KSCO,8,5,82299,그 외 직물ㆍ신발 관련 기계 조작원,82299,그 외 직물ㆍ신발 관련 기계 조작원 및 조립원
KSCO,8,5,82301,드라이클리닝기 조작원,82301,드라이클리닝기 조작원
KSCO,8,5,82309,그 외 세탁 기계 조작원,82309,그 외 세탁 관련 기계 조작원
KSCO,8,5,83111,원유 처리 장치 조작원,83111,원유 처리 장치 조작원
KSCO,8,5,83112,석유 및 천연가스 정제 장치 조작원,83112,석유 및 천연가스 정제 장치 조작원
KSCO,8,5,83113,폐유 및 재생유 처리 장치 조작원,83113,폐유 및 재생유 처리 장치 조작원
KSCO,8,5,83119,그 외 석유 및 천연가스 제조 관련 제어 장치 조작원,83119,그 외 석유 및 천연가스 제조 관련 제어 장치 조작원
KSCO,8,5,83121,화학물 분쇄기ㆍ마쇄기 및 혼합기 조작원,83121,화학물 분쇄기ㆍ마쇄기 및 혼합기 조작원
KSCO,8,5,83122,화학물 가열 처리 장치 조작원,83122,화학물 가열 처리 장치 조작원
KSCO,8,5,83123,화학물 여과기 및 분리기 조작원,83123,화학물 여과기 및 분리기 조작원
KSCO,8,5,83124,화학물 증류기 및 반응기 조작원,83124,화학물 증류기 및 반응기 조작원
KSCO,8,5,83129,그 외 화학물 가공 장치 조작원,83129,그 외 화학물 가공 장치 조작원
KSCO,8,5,83190,그 외 석유 및 화학물 가공 장치 조작원,83190,그 외 석유 및 화학물 가공 장치 조작원
KSCO,8,5,83211,약제품 생산기 조작원,83211,약제품 생산기 조작원
KSCO,8,5,83212,화장품 생산기 조작원,83212,화장품 생산기 조작원
KSCO,8,5,83213,세제 생산기 조작원,83213,세제 생산기 조작원
KSCO,8,5,83214,비료 생산기 조작원,83214,비료 생산기 조작원
KSCO,8,5,83215,필름 생산기 조작원,83215,필름 생산기 조작원
KSCO,8,5,83216,가스 생산기 조작원,83216,가스 생산기 조작원
KSCO,8,5,83219,그 외 화학제품 생산기 조작원,83219,그 외 화학제품 생산기 조작원
KSCO,8,5,83221,타이어 생산기 조작원,83221,타이어 생산기 조작원
KSCO,8,5,83222,고무제품 생산기 조작원,83222,고무제품 생산기 조작원
KSCO,8,5,83229,그 외 타이어 및 고무제품 생산기 조작원,83229,그 외 타이어 및 고무제품 생산기 조작원
KSCO,8,5,83231,플라스틱 사출기 조작원,83231,플라스틱 사출기 조작원
KSCO,8,5,83232,플라스틱 압출기 조작원,83232,플라스틱 압출기 조작원
KSCO,8,5,83239,그 외 플라스틱제품 생산기 조작원,83239,그 외 플라스틱제품 생산기 조작원
KSCO,8,5,83241,고무제품 조립원,83241,고무제품 조립원
KSCO,8,5,83242,플라스틱제품 조립원,83242,플라스틱제품 조립원
KSCO,8,5,84110,주조기 조작원,84110,주조기 조작원
KSCO,8,5,84120,단조기 조작원,84120,단조기 조작원
KSCO,8,5,84130,용접기 조작원,84130,용접기 조작원
KSCO,8,5,84141,광석 및 금속 용광로 조작원,84141,광석 및 금속용광로 조작원
KSCO,8,5,84142,금속용해로 및 금속가열로 조작원,84142,금속용해로 및 금속가열로 조작원
KSCO,8,5,84149,그 외 금속가공 관련 제어 장치 조작원,84149,그 외 금속가공 관련 제어 장치 조작원
KSCO,8,5,84151,압연기 조작원,84151,압연기 조작원
KSCO,8,5,84152,인발기 조작원,84152,인발기 조작원
KSCO,8,5,84153,연선기 조작원,84153,연선기 조작원
KSCO,8,5,84154,압출기 조작원,84154,압출기 조작원
KSCO,8,5,84155,금속 열처리로 조작원,84155,금속 열처리로 조작원
KSCO,8,5,84159,그 외 금속가공 기계 조작원,84159,그 외 금속가공 기계 조작원
KSCO,8,5,84160,제관기 조작원,84160,제관기 조작원
KSCO,8,5,84170,판금기 조작원,84170,판금기 조작원
KSCO,8,5,84211,차량 도장기 조작원,84211,차량 도장기 조작원
KSCO,8,5,84212,가구 도장기 조작원,84212,가구 도장기 조작원
KSCO,8,5,84213,금속제품 도장기 조작원,84213,금속제품 도장기 조작원
KSCO,8,5,84219,그 외 도장기 조작원,84219,그 외 도장기 조작원
KSCO,8,5,84221,금속 세척기 조작원,84221,금속 세척기 조작원
KSCO,8,5,84222,전기 도금기 조작원,84222,전기 도금기 조작원
KSCO,8,5,84223,용융 도금기 조작원,84223,용융 도금기 조작원
KSCO,8,5,84224,금속 분무기 조작원,84224,금속 분무기 조작원
KSCO,8,5,84225,금속코팅ㆍ광택 및 래미네이팅기 조작원,84225,금속코팅ㆍ광택 및 래미네이팅기 조작원
KSCO,8,5,84229,그 외 도금 및 금속 분무기 조작원,84229,그 외 도금 및 금속 분무기 조작원
KSCO,8,5,84311,유리 제조 및 제품 가공기 조작원,84311,유리 제조 및 제품 가공기 조작원
KSCO,8,5,84312,렌즈 및 프리즘 가공기 조작원,84312,렌즈 및 프리즘 가공기 조작원
KSCO,8,5,84319,그 외 유리 제조 및 가공기 조작원,84319,그 외 유리 제조 및 가공기 조작원
KSCO,8,5,84321,도자기제품 생산기 조작원,84321,도자기제품 생산기 조작원
KSCO,8,5,84322,벽돌 및 타일 생산기 조작원,84322,벽돌 및 타일 생산기 조작원
KSCO,8,5,84329,그 외 점토제품 생산기 조작원,84329,그 외 점토제품 생산기 조작원
KSCO,8,5,84331,시멘트 및 석회 제조 관련 조작원,84331,시멘트 및 석회 제조 관련 조작원
KSCO,8,5,84332,콘크리트제품 제조 관련 조작원,84332,콘크리트제품 제조 관련 조작원
KSCO,8,5,84339,그 외 시멘트 및 광물제품 제조기 조작원,84339,그 외 시멘트 및 광물제품 제조기 조작원
KSCO,8,5,84341,광석 및 석재 가공장치 조작원,84341,광석 및 석재 가공장치 조작원
KSCO,8,5,84342,석제품 가공기 조작원,84342,석제품 가공기 조작원
KSCO,8,5,84391,유약 생산기 조작원,84391,유약 생산기 조작원
KSCO,8,5,84392,광택제 생산기 조작원,84392,광택제 생산기 조작원
KSCO,8,5,84399,그 외 비금속제품 관련 생산기 조작원,84399,그 외 비금속제품 관련 생산기 조작원
KSCO,8,5,85101,선반기 조작원,85101,선반기 조작원
KSCO,8,5,85102,밀링기 조작원,85102,밀링기 조작원
KSCO,8,5,85103,드릴링기 및 보링기 조작원,85103,드릴링기 및 보링기 조작원
KSCO,8,5,85104,연삭기 및 연마기 조작원,85104,연삭기 및 연마기 조작원
KSCO,8,5,85105,프레스기 및 절단기 조작원,85105,프레스기 및 절단기 조작원
KSCO,8,5,85106,금속 절곡기 조작원,85106,금속절곡기 조작원
KSCO,8,5,85107,머시닝센터 조작원,85107,머시닝센터 조작원
KSCO,8,5,85109,그 외 금속 공작 기계 조작원,85109,그 외 금속 공작 기계 조작원
KSCO,8,5,85201,냉난방기 관련 설비 조작원,85201,냉난방기 관련 설비 조작원
KSCO,8,5,85202,냉동 및 냉장기 설비 조작원,85202,냉동 및 냉장기 설비 조작원
KSCO,8,5,85203,공조기 설비 조작원,85203,공조기설비 조작원
KSCO,8,5,85301,자동 조립라인 조작원,85301,자동 조립라인 조작원
KSCO,8,5,85302,산업용로봇 조작원,85302,산업용로봇 조작원
KSCO,8,5,85411,내연기관 자동차 조립원,85410,자동차 조립원
KSCO,8,5,85412,전기 자동차 조립원,85410,자동차 조립원
KSCO,8,5,85421,자동차 엔진 조립원,85421,자동차 엔진 조립원
KSCO,8,5,85422,자동차 차체 부품 조립원,85422,자동차 차체 부품 조립원
KSCO,8,5,85429,그 외 자동차 부품 조립원,85429,그 외 자동차 부품 조립원
KSCO,8,5,85431,철도차량 조립원,85431,철도차량 조립원
KSCO,8,5,85432,선박 조립원,85432,선박 조립원
KSCO,8,5,85433,항공기 조립원,85433,항공기 조립원
KSCO,8,5,85439,그 외 운송장비 조립원,85439,그 외 운송장비 조립원
KSCO,8,5,85511,공업기계 조립원,85441,공업기계 조립원
KSCO,8,5,85512,농업기계 조립원,85442,농업기계 조립원
KSCO,8,5,85513,건설기계 조립원,85443,건설기계 조립원
KSCO,8,5,85514,공작기계 조립원,85444,공작기계 조립원
KSCO,8,5,85515,공구 조립원,85445,공구 조립원
KSCO,8,5,85519,그 외 일반기계 조립원,85449,그 외 일반기계 조립원
KSCO,8,5,85521,금속기계 부품 조립원,85500,금속기계 부품 조립원
KSCO,8,5,85529,그 외 기계 부품 조립원,85500,금속기계 부품 조립원
KSCO,8,5,86101,화력발전 장치 운전원,86101,화력발전장치 운전원
KSCO,8,5,86102,수력발전 장치 운전원,86102,수력발전장치 운전원
KSCO,8,5,86103,원자력발전 장치 운전원,86103,원자력발전장치 운전원
KSCO,8,5,86104,발전터빈 조작원,86104,발전터빈 조작원
KSCO,8,5,86105,배전반 조작원,86105,배전반 조작원
KSCO,8,5,86109,그 외 발전 및 배전 장치 조작원,86109,그 외 발전 및 배전장치 조작원
KSCO,8,5,86201,건물 전기 및 전자설비 조작원,86201,건물 전기 및 전자설비 조작원
KSCO,8,5,86202,공장 전기 및 전자설비 조작원,86202,공장 전기 및 전자설비 조작원
KSCO,8,5,86209,그 외 전기 및 전자설비 조작원,86209,그 외 전기 및 전자설비 조작원
KSCO,8,5,86311,일차전지 제조 기계 조작원,86312,전기제품 제조 기계 조작원
KSCO,8,5,86312,이차전지 제조 기계 조작원,86312,전기제품 제조 기계 조작원
KSCO,8,5,86321,전기 부품 제조 기계 조작원,86311,전기 부품 제조 기계 조작원
KSCO,8,5,86322,전기제품 제조 기계 조작원,86312,전기제품 제조 기계 조작원
KSCO,8,5,86331,전자 부품 제조 기계 조작원,86321,전자 부품 제조 기계 조작원
KSCO,8,5,86332,전자 제품 제조 기계 조작원,86322,전자제품 제조 기계 조작원
KSCO,8,5,86401,전기 장비 조립원,86401,전기장비 조립원
KSCO,8,5,86402,영상 및 음향 장비 조립원,86402,영상 및 음향장비 조립원
KSCO,8,5,86403,전자 및 정밀 기구 조립원,86403,전자 및 정밀 기구 조립원
KSCO,8,5,86404,가정용 전기 및 전자제품 조립원,86404,가정용 전기 및 전자제품 조립원
KSCO,8,5,86409,그 외 전기ㆍ전자 부품 및 제품 조립원,86409,그 외 전기ㆍ전자 부품 및 제품 조립원
KSCO,8,5,87111,고속철 기관사,87101,고속철 기관사
KSCO,8,5,87112,철도 기관사,87102,철도 기관사
KSCO,8,5,87113,전동차 기관사,87103,전동차 기관사
KSCO,8,5,87119,그 외 철도 및 전동차 기관사,87109,그 외 철도 및 전동차 기관사
KSCO,8,5,87120,철도운송 관련 종사원,87200,철도운송 관련 종사원
KSCO,8,5,87210,택시 운전원,87310,택시 운전원
KSCO,8,5,87221,시내버스 운전원,87321,시내버스 운전원
KSCO,8,5,87222,시외 및 고속 버스 운전원,87322,시외 및 고속 버스 운전원
KSCO,8,5,87223,관광버스 운전원,87323,관광버스 운전원
KSCO,8,5,87229,그 외 버스 운전원,87329,그 외 버스 운전원
KSCO,8,5,87231,경ㆍ소형 화물차 운전원,87331,경ㆍ소형 화물차 운전원
KSCO,8,5,87232,중형 화물차 운전원,87332,중형 화물차 운전원
KSCO,8,5,87233,대형 화물차 운전원,87333,대형 화물차 운전원
KSCO,8,5,87239,그 외 화물차 및 특수차 운전원,87339,그 외 화물차 및 특수차 운전원
KSCO,8,5,87291,승용차 및 승합차 운전원,87391,승용차 및 승합차 운전원
KSCO,8,5,87292,렌터카 운전원,87392,렌터카 운전원
KSCO,8,5,87293,대리 운전원,87393,대리 운전원
KSCO,8,5,87294,대리 주차원,87394,대리 주차원
KSCO,8,5,87295,구급차 운전원,87399,그 외 자동차 운전원
KSCO,8,5,87299,그 외 자동차 운전원,87399,그 외 자동차 운전원
KSCO,8,5,87301,크레인 운전원,87401,크레인 운전원
KSCO,8,5,87302,리프트 조작원,87402,리프트 조작원
KSCO,8,5,87303,호이스트 운전원,87403,호이스트 운전원
KSCO,8,5,87304,지게차 운전원,87404,지게차 운전원
KSCO,8,5,87309,그 외 물품 이동 장비 조작원,87409,그 외 물품 이동 장비 조작원
KSCO,8,5,87401,굴착기ㆍ착암기 및 채광기 조작원,87501,굴착기ㆍ착암기 및 채광기 조작원
KSCO,8,5,87402,시추 장비 조작원,87502,시추장비 조작원
KSCO,8,5,87403,도로정지기 운전원,87503,도로정지기 운전원
KSCO,8,5,87404,항타기 운전원,87504,항타기 운전원
KSCO,8,5,87405,도로포장기 및 롤러 운전원,87505,도로포장기 및 롤러 운전원
KSCO,8,5,87406,굴삭기 및 불도저 운전원,87506,굴삭기 및 불도저 운전원
KSCO,8,5,87407,콘크리트 믹서 트럭 운전원,87507,콘크리트 믹서 트럭 운전원
KSCO,8,5,87408,덤프트럭 운전원,87508,덤프트럭 운전원
KSCO,8,5,87409,그 외 건설 및 채굴기계 운전원,87509,그 외 건설 및 채굴기계 운전원
KSCO,8,5,87501,선박부원,87601,선박부원
KSCO,8,5,87502,등대원,87602,등대원
KSCO,8,5,87509,그 외 선박 관련 승무원,87609,그 외 선박 관련 승무원
KSCO,8,5,88101,펌프 장치 조작원,88101,펌프 장치 조작원
KSCO,8,5,88102,정수 처리 장치 조작원,88102,정수 처리 장치 조작원
KSCO,8,5,88103,하수 처리 장치 조작원,88103,하수 처리 장치 조작원
KSCO,8,5,88109,그 외 상하수도 처리 장치 조작원,88109,그 외 상하수도 처리 장치 조작원
KSCO,8,5,88201,재활용 처리 기계 조작원,88201,재활용 처리 기계 조작원
KSCO,8,5,88202,소각로 조작원,88202,소각로 조작원
KSCO,8,5,88209,그 외 재활용 처리 및 소각로 조작원,88209,그 외 재활용 처리 및 소각로 조작원
KSCO,8,5,89111,제재기 조작원,89111,제재기 조작원
KSCO,8,5,89112,목재 처리기 조작원,89112,목재처리기 조작원
KSCO,8,5,89113,합판 생산기 조작원,89113,합판생산기 조작원
KSCO,8,5,89119,그 외 목재 가공 관련 기계 조작원,89119,그 외 목재가공 관련 기계 조작원
KSCO,8,5,89121,펄프 제조 장치 조작원,89131,펄프 제조 장치 조작원
KSCO,8,5,89122,종이 제조 장치 조작원,89132,종이 제조 장치 조작원
KSCO,8,5,89131,종이상자 및 봉투 제조기 조작원,89141,종이상자 및 봉투 제조기 조작원
KSCO,8,5,89132,판지 라이닝기 조작원,89142,판지 라이닝기 조작원
KSCO,8,5,89133,인화지 제조기 조작원,89143,인화지 제조기 조작원
KSCO,8,5,89134,위생용 종이제품 제조기 조작원,89144,위생용 종이제품 제조기 조작원
KSCO,8,5,89139,그 외 종이제품 생산기 조작원,89149,그 외 종이제품 생산기 조작원
KSCO,8,5,89190,그 외 목재 및 종이 관련 기계 조작원,89190,그 외 목재 및 종이 관련 기계 조작원
KSCO,8,5,89210,인쇄 관련 기계 조작원,89212,인쇄판 출력원
KSCO,8,5,89210,인쇄 관련 기계 조작원,89211,인쇄 필름 출력원
KSCO,8,5,89210,인쇄 관련 기계 조작원,89213,오프셋인쇄기 조작원
KSCO,8,5,89210,인쇄 관련 기계 조작원,89219,그 외 인쇄기 조작원
KSCO,8,5,89210,인쇄 관련 기계 조작원,89218,제책 및 재단용 기계 조작원
KSCO,8,5,89210,인쇄 관련 기계 조작원,89217,그라비어인쇄기 조작원
KSCO,8,5,89210,인쇄 관련 기계 조작원,89216,디지털인쇄기 조작원
KSCO,8,5,89210,인쇄 관련 기계 조작원,89215,경인쇄기 조작원
KSCO,8,5,89210,인쇄 관련 기계 조작원,89214,윤전인쇄기 조작원
KSCO,8,5,89221,사진 인화 및 현상기 조작원,89221,사진 인화 및 현상기 조작원
KSCO,8,5,89229,그 외 사진 인화 및 현상기 조작원,89229,그 외 사진 인화 및 현상기 조작원
KSCO,8,5,89901,주입ㆍ포장 및 봉함기 조작원,89901,주입ㆍ포장 및 봉함기 조작원
KSCO,8,5,89902,상표 부착기 조작원,89902,상표 부착기 조작원
KSCO,8,5,89903,케이블 및 배관 부설기 조작원,89903,케이블 및 배관 부설기 조작원
KSCO,8,5,89904,공기압축기 조작원,89904,공기압축기 조작원
KSCO,8,5,89905,3D 프린터 조작원,89909,그 외 기계 조작원
KSCO,8,5,89909,그 외 기계 조작원,89909,그 외 기계 조작원
KSCO,8,5,91001,건설 단순 종사원,91001,건설 단순 종사원
KSCO,8,5,91002,광업 단순 종사원,91002,광업 단순 종사원
KSCO,8,5,92111,하역 및 적재 관련 단순 종사원,92101,하역 및 적재 관련 단순 종사원
KSCO,8,5,92112,이삿짐 운반원,92102,이삿짐 운반원
KSCO,8,5,92119,그 외 하역 및 적재 단순 종사원,92109,그 외 하역 및 적재 단순 종사원
KSCO,8,5,92120,화물 분류원,92109,그 외 하역 및 적재 단순 종사원
KSCO,8,5,92210,우편집배원,92210,우편집배원
KSCO,8,5,92220,택배원,92221,택배원
KSCO,8,5,92230,늘찬배달원,92229,그 외 택배원
KSCO,8,5,92241,식음료 정기배달원,92291,음료 배달원
KSCO,8,5,92242,신문 정기배달원,92292,신문 배달원
KSCO,8,5,92249,그 외 정기배달원,92299,그 외 배달원
KSCO,8,5,92291,음식점 배달원,92230,음식 배달원
KSCO,8,5,92299,그 외 배달원,92299,그 외 배달원
KSCO,8,5,92299,그 외 배달원,92292,신문 배달원
KSCO,8,5,92299,그 외 배달원,92291,음료 배달원
KSCO,8,5,93010,가구 조립원,89120,가구 조립원
KSCO,8,5,93091,수동 포장원,93001,수동 포장원
KSCO,8,5,93092,수동 상표 부착원,93002,수동 상표 부착원
KSCO,8,5,93093,제품 단순 선별원,93003,제품 단순 선별원
KSCO,8,5,93099,그 외 제조 관련 단순 종사원,93009,그 외 제조 관련 단순 종사원
KSCO,8,5,94110,건물 청소원,94111,건물 청소원
KSCO,8,5,94121,운송장비 청소원,94112,운송장비 청소원
KSCO,8,5,94122,시설장비 청소원,94119,그 외 청소원
KSCO,8,5,94130,거리 및 공공장소 청소원,94122,거리 미화원
KSCO,8,5,94141,재활용품 수거원,94123,재활용품 수거원
KSCO,8,5,94142,쓰레기 수거원,94121,쓰레기 수거원
KSCO,8,5,94190,그 외 청소 관련 종사원 ,94119,그 외 청소원
KSCO,8,5,94190,그 외 청소 관련 종사원 ,94129,그 외 환경미화원 및 재활용품 수거원
KSCO,8,5,94201,아파트 경비원,94211,아파트 경비원
KSCO,8,5,94209,그 외 건물 관리원,94219,그 외 건물 관리원
KSCO,8,5,94209,그 외 건물 관리원,94212,건물 경비원
KSCO,8,5,95110,가사 도우미,95110,가사 도우미
KSCO,8,5,95120,육아 도우미,95120,육아 도우미
KSCO,8,5,95210,패스트푸드 준비원,95210,패스트푸드 준비원
KSCO,8,5,95220,주방 보조원,95220,주방 보조원
KSCO,8,5,95310,주유원,95310,주유원
KSCO,8,5,95391,매장 정리원,95391,매장 정리원
KSCO,8,5,95392,전단지 배포원 및 벽보원,95392,전단지 배포원 및 벽보원
KSCO,8,5,95399,그 외 판매 관련 단순 종사원,95399,그 외 판매 관련 단순 종사원
KSCO,8,5,99110,농업 관련 단순 종사원,99101,농업 단순 종사원
KSCO,8,5,99121,산불 감시원,99104,산불 감시원
KSCO,8,5,99129,그 외 임업 관련 단순 종사원,99102,임업 단순 종사원
KSCO,8,5,99130,어업 관련 단순 종사원,99103,어업 단순 종사원
KSCO,8,5,99211,계기 검침원,99211,계기 검침원
KSCO,8,5,99212,가스 점검원,99212,가스 점검원
KSCO,8,5,99220,자동판매기 관리원,99220,자동판매기 관리원
KSCO,8,5,99231,주차 관리원,99231,주차 관리원
KSCO,8,5,99232,주차 안내원,99232,주차 안내원
KSCO,8,5,99910,구두 미화원,99910,구두 미화원
KSCO,8,5,99920,세탁원 및 다림질원,99920,세탁원 및 다림질원
KSCO,8,5,99930,검표원,94220,검표원
KSCO,8,5,99940,대여 제품 방문 점검원,99992,대여 제품 방문 점검원
KSCO,8,5,99991,환경 감시원,99991,환경 감시원
KSCO,8,5,99992,정리 수납원,99999,그 외 서비스 관련 단순 종사원
KSCO,8,5,99999,그 외 서비스 관련 단순 종사원,99999,그 외 서비스 관련 단순 종사원
KSCO,8,5,A0110,영관급 이상 장교,A0110,영관급 이상 장교
KSCO,8,5,A0120,위관급 장교,A0120,위관급 장교
KSCO,8,5,A0200,준사관,A0120,위관급 장교
KSCO,8,5,A0300,부사관,A0200,부사관
KSCO,8,5,A0900,기타 군인,A0900,그 외 군인
KSCO,7,1,1,관리자,1,관리자
KSCO,7,1,2,전문가 및 관련 종사자,4,서비스 종사자
KSCO,7,1,2,전문가 및 관련 종사자,2,전문가 및 관련 종사자
KSCO,7,1,3,사무 종사자,2,전문가 및 관련 종사자
KSCO,7,1,3,사무 종사자,3,사무 종사자
KSCO,7,1,3,사무 종사자,9,단순노무 종사자
KSCO,7,1,4,서비스 종사자,9,단순노무 종사자
KSCO,7,1,4,서비스 종사자,3,사무 종사자
KSCO,7,1,4,서비스 종사자,2,전문가 및 관련 종사자
KSCO,7,1,4,서비스 종사자,4,서비스 종사자
KSCO,7,1,5,판매 종사자,9,단순노무 종사자
KSCO,7,1,5,판매 종사자,5,판매 종사자
KSCO,7,1,6,농림·어업 숙련 종사자,6,농림어업 숙련 종사자
KSCO,7,1,7,기능원 및 관련 기능 종사자,7,기능원 및 관련 기능 종사자
KSCO,7,1,8,장치·기계 조작 및 조립 종사자,8,장치·기계 조작 및 조립 종사자
KSCO,7,1,9,단순노무 종사자,9,단순노무 종사자
KSCO,7,1,A,군인,A,군인
KSCO,7,2,11,공공 기관 및 기업 고위직,11,공공 및 기업 고위직
KSCO,7,2,12,행정·경영 지원 및 마케팅 관리직,12,행정 및 경영지원 관리직
KSCO,7,2,13,전문 서비스 관리직,13,전문서비스 관리직
KSCO,7,2,14,건설·전기 및 생산 관련 관리직,14,건설·전기 및 생산 관련 관리직
KSCO,7,2,15,판매 및 고객 서비스 관리직,15,판매 및 고객서비스 관리직
KSCO,7,2,21,과학 전문가 및 관련직,21,과학 전문가 및 관련직
KSCO,7,2,22,정보 통신 전문가 및 기술직,22,정보통신 전문가 및 기술직
KSCO,7,2,23,공학 전문가 및 기술직,21,과학 전문가 및 관련직
KSCO,7,2,23,공학 전문가 및 기술직,23,공학 전문가 및 기술직
KSCO,7,2,24,보건·사회복지 및 종교 관련직,24,보건·사회복지 및 종교 관련직
KSCO,7,2,25,교육 전문가 및 관련직,25,교육 전문가 및 관련직
KSCO,7,2,26,법률 및 행정 전문직,26,법률 및 행정 전문직
KSCO,7,2,26,법률 및 행정 전문직,27,경영·금융전문가 및 관련직
KSCO,7,2,27,경영·금융전문가 및 관련직,28,문화·예술·스포츠 전문가 및 관련직
KSCO,7,2,27,경영·금융전문가 및 관련직,27,경영·금융전문가 및 관련직
KSCO,7,2,27,경영·금융전문가 및 관련직,24,보건·사회복지 및 종교 관련직
KSCO,7,2,28,문화·예술·스포츠 전문가 및 관련직,28,문화·예술·스포츠 전문가 및 관련직
KSCO,7,2,28,문화·예술·스포츠 전문가 및 관련직,27,경영·금융전문가 및 관련직
KSCO,7,2,28,문화·예술·스포츠 전문가 및 관련직,44,조리 및 음식서비스직
KSCO,7,2,31,경영 및 회계 관련 사무직,31,경영 및 회계 관련 사무직
KSCO,7,2,32,금융 사무직,99,농림어업 및 기타 서비스 단순노무직
KSCO,7,2,32,금융 사무직,32,금융 및 보험 사무직
KSCO,7,2,33,법률 및 감사 사무직,33,법률 및 감사 사무직
KSCO,7,2,39,상담·안내·통계 및 기타 사무직,31,경영 및 회계 관련 사무직
KSCO,7,2,39,상담·안내·통계 및 기타 사무직,24,보건·사회복지 및 종교 관련직
KSCO,7,2,39,상담·안내·통계 및 기타 사무직,39,상담·안내·통계 및 기타 사무직
KSCO,7,2,41,경찰·소방 및 보안 관련 서비스직,41,경찰·소방 및 보안관련 서비스직
KSCO,7,2,41,경찰·소방 및 보안 관련 서비스직,94,청소 및 경비 관련 단순노무직
KSCO,7,2,42,돌봄·보건 및 개인 생활 서비스직,25,교육 전문가 및 관련직
KSCO,7,2,42,돌봄·보건 및 개인 생활 서비스직,28,문화·예술·스포츠 전문가 및 관련직
KSCO,7,2,42,돌봄·보건 및 개인 생활 서비스직,95,가사·음식 및 판매 관련 단순노무직
KSCO,7,2,42,돌봄·보건 및 개인 생활 서비스직,42,이미용·예식 및 의료보조 서비스직
KSCO,7,2,43,운송 및 여가 서비스직,43,운송 및 여가 서비스직
KSCO,7,2,43,운송 및 여가 서비스직,39,상담·안내·통계 및 기타 사무직
KSCO,7,2,44,조리 및 음식 서비스직,44,조리 및 음식서비스직
KSCO,7,2,51,영업직,99,농림어업 및 기타 서비스 단순노무직
KSCO,7,2,51,영업직,51,영업직
KSCO,7,2,52,매장 판매 및 상품 대여직,52,매장 판매직
KSCO,7,2,53,통신 및 방문·노점 판매 관련직,53,방문·노점 및 통신판매 관련직
KSCO,7,2,61,농·축산 숙련직,61,농·축산 숙련직
KSCO,7,2,62,임업 숙련직,62,임업 숙련직
KSCO,7,2,63,어업 숙련직,63,어업 숙련직
KSCO,7,2,71,식품가공 관련 기능직,71,식품가공관련 기능직
KSCO,7,2,72,섬유·의복 및 가죽 관련 기능직,72,섬유·의복 및 가죽 관련 기능직
KSCO,7,2,73,목재·가구·악기 및 간판 관련 기능직,73,목재·가구·악기 및 간판 관련 기능직
KSCO,7,2,74,금속 성형 관련 기능직,74,금속성형 관련 기능직
KSCO,7,2,75,운송 및 기계 관련 기능직,75,운송 및 기계 관련 기능직
KSCO,7,2,76,전기 및 전자 관련 기능직,76,전기 및 전자 관련 기능직
KSCO,7,2,77,정보 통신 및 방송장비 관련 기능직,78,영상 및 통신장비 관련 기능직
KSCO,7,2,77,정보 통신 및 방송장비 관련 기능직,76,전기 및 전자 관련 기능직
KSCO,7,2,78,건설 및 채굴 관련 기능직,77,건설 및 채굴 관련 기능직
KSCO,7,2,79,기타 기능 관련직,79,기타 기능 관련직
KSCO,7,2,81,식품가공 관련 기계 조작직,81,식품가공 관련 기계 조작직
KSCO,7,2,82,섬유 및 신발 관련 기계 조작직,82,섬유 및 신발 관련 기계 조작직
KSCO,7,2,83,화학 관련 기계 조작직,83,화학관련 기계 조작직
KSCO,7,2,84,금속 및 비금속 관련 기계 조작직,84,금속 및 비금속 관련 기계 조작직
KSCO,7,2,85,기계 제조 및 관련 기계 조작직,85,기계제조 및 관련 기계 조작직
KSCO,7,2,86,전기 및 전자 관련 기계 조작직,86,전기 및 전자 관련 기계 조작직
KSCO,7,2,87,운전 및 운송 관련직,87,운전 및 운송 관련직
KSCO,7,2,88,상하수도 및 재활용 처리 관련 기계 조작직,88,상·하수도 및 재활용 처리 관련 기계 조작직
KSCO,7,2,89,목재·인쇄 및 기타 기계 조작직,89,목재·인쇄 및 기타 기계 조작직
KSCO,7,2,91,건설 및 광업 관련 단순 노무직,91,건설 및 광업 관련 단순노무직
KSCO,7,2,92,운송 관련 단순 노무직,92,운송관련 단순노무직
KSCO,7,2,93,제조 관련 단순 노무직,93,제조관련 단순노무직
KSCO,7,2,94,청소 및 경비 관련 단순 노무직,94,청소 및 경비 관련 단순노무직
KSCO,7,2,95,가사·음식 및 판매 관련 단순 노무직,95,가사·음식 및 판매 관련 단순노무직
KSCO,7,2,99,농림·어업 및 기타 서비스 단순 노무직,99,농림어업 및 기타 서비스 단순노무직
KSCO,7,2,A0,군인,A1,군인
KSCO,7,3,111,의회 의원·고위 공무원 및 공공단체 임원,111,의회의원·고위공무원 및 공공단체임원
KSCO,7,3,112,기업 고위 임원,112,기업고위임원
KSCO,7,3,121,행정 및 경영 지원 관리자,120,행정 및 경영지원 관리자
KSCO,7,3,122,마케팅 및 광고·홍보 관리자,120,행정 및 경영지원 관리자
KSCO,7,3,131,연구·교육 및 법률 관련 관리자,131,연구·교육 및 법률 관련 관리자
KSCO,7,3,132,보험 및 금융 관리자,132,보험 및 금융 관리자
KSCO,7,3,133,보건 및 사회복지 관련 관리자,133,보건 및 사회복지 관련 관리자
KSCO,7,3,134,문화·예술 관련 관리자,134,문화·예술·디자인 및 영상 관련 관리자
KSCO,7,3,135,정보 통신 관련 관리자,135,정보통신관련 관리자
KSCO,7,3,139,기타 전문 서비스 관리자,139,기타 전문서비스 관리자
KSCO,7,3,141,건설·전기 및 생산 관련 관리자,141,건설·전기 및 생산 관련 관리자
KSCO,7,3,149,기타 건설·전기 및 생산 관련 관리자,149,기타 건설·전기 및 생산 관련 관리자
KSCO,7,3,151,판매 및 운송 관리자,151,판매 및 운송 관리자
KSCO,7,3,152,고객 서비스 관리자,152,고객서비스 관리자
KSCO,7,3,153,환경·청소 및 경비 관련 관리자,153,환경·청소 및 경비 관련 관리자
KSCO,7,3,159,기타 판매 및 고객 서비스 관리자,159,기타 판매 및 고객 서비스 관리자
KSCO,7,3,211,생명 및 자연과학 관련 전문가,211,생명 및 자연과학 관련 전문가
KSCO,7,3,212,인문 및 사회과학 전문가,212,인문 및 사회과학 전문가
KSCO,7,3,213,생명 및 자연과학 관련 시험원,213,생명 및 자연과학 관련 시험원
KSCO,7,3,221,컴퓨터 하드웨어 및 통신공학 전문가,221,컴퓨터 하드웨어 및 통신공학 전문가
KSCO,7,3,222,컴퓨터 시스템 및 소프트웨어 전문가,222,정보시스템 개발 전문가
KSCO,7,3,223,데이터 및 네트워크 관련 전문가,222,정보시스템 개발 전문가
KSCO,7,3,224,정보 시스템 및 웹 운영자,222,정보시스템 개발 전문가
KSCO,7,3,224,정보 시스템 및 웹 운영자,223,정보 시스템 운영자
KSCO,7,3,225,통신 및 방송 송출 장비 기사,224,통신 및 방송송출 장비 기사
KSCO,7,3,231,건축·토목 공학 기술자 및 시험원,231,건축 및 토목공학 기술자 및 시험원
KSCO,7,3,232,화학공학 기술자 및 시험원,232,화학공학 기술자 및 시험원
KSCO,7,3,233,금속·재료 공학 기술자 및 시험원,233,금속·재료공학 기술자 및 시험원
KSCO,7,3,234,전기·전자공학 기술자 및 시험원,235,전기·전자 및 기계공학 기술자 및 시험원
KSCO,7,3,235,기계·로봇공학 기술자 및 시험원,235,전기·전자 및 기계공학 기술자 및 시험원
KSCO,7,3,236,소방·방재 기술자 및 안전 관리원,236,안전관리 및 검사원
KSCO,7,3,236,소방·방재 기술자 및 안전 관리원,231,건축 및 토목공학 기술자 및 시험원
KSCO,7,3,236,소방·방재 기술자 및 안전 관리원,239,기타 공학 전문가 및 관련 종사자
KSCO,7,3,237,환경공학·가스·에너지 기술자 및 시험원,239,기타 공학 전문가 및 관련 종사자
KSCO,7,3,237,환경공학·가스·에너지 기술자 및 시험원,234,환경공학 기술자 및 시험원
KSCO,7,3,237,환경공학·가스·에너지 기술자 및 시험원,211,생명 및 자연과학 관련 전문가
KSCO,7,3,237,환경공학·가스·에너지 기술자 및 시험원,213,생명 및 자연과학 관련 시험원
KSCO,7,3,238,항공기·선박 기관사 및 관제사,237,항공기·선박 기관사 및 관제사
KSCO,7,3,239,기타 공학 전문가 및 관련 종사자,239,기타 공학 전문가 및 관련 종사자
KSCO,7,3,241,의료 진료 전문가,241,의료진료 전문가
KSCO,7,3,242,약사 및 한약사,242,약사 및 한약사
KSCO,7,3,243,간호사,243,간호사
KSCO,7,3,244,영양사,244,영양사
KSCO,7,3,245,치료·재활사 및 의료기사,247,사회복지관련 종사자
KSCO,7,3,245,치료·재활사 및 의료기사,245,치료사 및 의료기사
KSCO,7,3,246,보건 의료 관련 종사자,246,보건의료관련 종사자
KSCO,7,3,247,사회복지 관련 종사자,247,사회복지관련 종사자
KSCO,7,3,248,종교 관련 종사자,248,종교관련 종사자
KSCO,7,3,251,대학교수 및 강사,251,대학 교수 및 강사
KSCO,7,3,252,학교 교사,252,학교 교사
KSCO,7,3,253,유치원 교사,253,유치원 교사
KSCO,7,3,254,문리·기술 및 예능 강사,254,문리·기술 및 예능 강사
KSCO,7,3,259,기타 교육 전문가,259,기타 교육 전문가
KSCO,7,3,261,법률 전문가,271,인사 및 경영 전문가
KSCO,7,3,261,법률 전문가,261,법률 전문가
KSCO,7,3,262,행정 전문가,262,행정 전문가
KSCO,7,3,271,인사 및 경영 전문가,271,인사 및 경영 전문가
KSCO,7,3,271,인사 및 경영 전문가,247,사회복지관련 종사자
KSCO,7,3,272,금융 및 보험 전문가,272,금융 및 보험 전문가
KSCO,7,3,273,상품 기획·홍보 및 조사 전문가,273,상품기획·홍보 및 조사 전문가
KSCO,7,3,273,상품 기획·홍보 및 조사 전문가,281,작가·기자 및 출판 전문가
KSCO,7,3,274,감정·기술 영업 및 중개 관련 종사자,274,기술영업 및 중개 관련 종사자
KSCO,7,3,281,작가 및 언론 관련 전문가,281,작가·기자 및 출판 전문가
KSCO,7,3,282,학예사·사서 및 기록물 관리사,282,큐레이터·사서 및 기록물관리사
KSCO,7,3,283,연극·영화 및 영상 전문가,283,연극·영화 및 영상 전문가
KSCO,7,3,283,연극·영화 및 영상 전문가,281,작가·기자 및 출판 전문가
KSCO,7,3,284,시각 및 공연 예술가,289,매니저 및 기타 문화·예술 관련 종사자
KSCO,7,3,284,시각 및 공연 예술가,284,화가·사진가 및 공연예술가
KSCO,7,3,285,디자이너,285,디자이너
KSCO,7,3,286,스포츠 및 레크리에이션 관련 전문가,286,스포츠 및 레크레이션 관련 전문가
KSCO,7,3,286,스포츠 및 레크리에이션 관련 전문가,289,매니저 및 기타 문화·예술 관련 종사자
KSCO,7,3,287,식문화 관련 전문가,442,음식서비스 종사자
KSCO,7,3,287,식문화 관련 전문가,441,주방장 및 조리사
KSCO,7,3,288,문화·예술 관련 기획자 및 매니저,273,상품기획·홍보 및 조사 전문가
KSCO,7,3,288,문화·예술 관련 기획자 및 매니저,289,매니저 및 기타 문화·예술 관련 종사자
KSCO,7,3,311,행정 사무원,311,행정 사무원
KSCO,7,3,312,경영 관련 사무원,312,경영관련 사무원
KSCO,7,3,313,회계 및 경리 사무원,313,회계 및 경리 사무원
KSCO,7,3,314,비서 및 사무 보조원,314,비서 및 사무 보조원
KSCO,7,3,320,금융 사무 종사자,320,금융 및 보험 관련 사무 종사자
KSCO,7,3,320,금융 사무 종사자,992,계기검침·수금 및 주차 관련 종사원
KSCO,7,3,330,법률 및 감사 사무 종사자,330,법률 및 감사 사무 종사자
KSCO,7,3,391,통계 관련 사무원,391,통계관련 사무원
KSCO,7,3,392,여행·안내 및 접수 사무원,392,여행·안내 및 접수 사무원
KSCO,7,3,399,고객 상담 및 기타 사무원,399,고객 상담 및 기타 사무원
KSCO,7,3,399,고객 상담 및 기타 사무원,247,사회복지관련 종사자
KSCO,7,3,399,고객 상담 및 기타 사무원,314,비서 및 사무 보조원
KSCO,7,3,411,경찰·소방 및 교도 관련 종사자,411,경찰·소방 및 교도 관련 종사자
KSCO,7,3,412,경호 및 보안 관련 종사자,942,경비원 및 검표원
KSCO,7,3,412,경호 및 보안 관련 종사자,412,경호 및 보안 관련 종사자
KSCO,7,3,421,돌봄 및 보건 서비스 종사자,421,의료·복지 관련 서비스 종사자
KSCO,7,3,421,돌봄 및 보건 서비스 종사자,951,가사 및 육아 도우미
KSCO,7,3,421,돌봄 및 보건 서비스 종사자,259,기타 교육 전문가
KSCO,7,3,422,미용 관련 서비스 종사자,422,이·미용 및 관련 서비스 종사자
KSCO,7,3,423,혼례 및 장례 종사자,423,혼례 및 장례 종사자
KSCO,7,3,429,기타 돌봄·보건 및 개인 생활 서비스 종사자,429,기타 이미용·예식 및 의료보조 서비스 종사자
KSCO,7,3,429,기타 돌봄·보건 및 개인 생활 서비스 종사자,289,매니저 및 기타 문화·예술 관련 종사자
KSCO,7,3,429,기타 돌봄·보건 및 개인 생활 서비스 종사자,421,의료·복지 관련 서비스 종사자
KSCO,7,3,429,기타 돌봄·보건 및 개인 생활 서비스 종사자,422,이·미용 및 관련 서비스 종사자
KSCO,7,3,431,운송 서비스 종사자,431,운송 서비스 종사자
KSCO,7,3,432,여가 서비스 종사자,432,여가 및 스포츠 관련 종사자
KSCO,7,3,432,여가 서비스 종사자,392,여행·안내 및 접수 사무원
KSCO,7,3,441,조리사,441,주방장 및 조리사
KSCO,7,3,442,식음료 서비스 종사자,442,음식서비스 종사자
KSCO,7,3,510,영업 종사자,510,영업종사자
KSCO,7,3,510,영업 종사자,999,기타 서비스관련 단순 종사원
KSCO,7,3,521,매장 판매 종사자,521,매장 판매 종사자
KSCO,7,3,522,상품 대여 종사자,522,상품 대여 종사자
KSCO,7,3,531,통신 관련 판매직,530,방문·노점 및 통신 판매 관련 종사자
KSCO,7,3,532,방문 및 노점 판매 관련직,530,방문·노점 및 통신 판매 관련 종사자
KSCO,7,3,611,작물 재배 종사자,611,작물재배 종사자
KSCO,7,3,612,원예 및 조경 종사자,612,원예 및 조경 종사자
KSCO,7,3,613,축산 및 사육 관련 종사자,613,축산 및 사육 관련 종사자
KSCO,7,3,620,임업 관련 종사자,620,임업관련 종사자
KSCO,7,3,630,어업 관련 종사자,630,어업관련 종사자
KSCO,7,3,710,식품가공 관련 기능 종사자,710,식품가공관련 기능 종사자
KSCO,7,3,721,섬유 및 가죽 관련 기능 종사자,721,섬유 및 가죽 관련 기능 종사자
KSCO,7,3,722,의복 제조 관련 기능 종사자,722,의복 제조관련 기능 종사자
KSCO,7,3,730,목재·가구·악기 및 간판 관련 기능 종사자,730,목재·가구·악기 및 간판 관련 기능 종사자
KSCO,7,3,741,금형·주조 및 단조원,741,금형·주조 및 단조원
KSCO,7,3,742,제관원 및 판금원,742,제관원 및 판금원
KSCO,7,3,743,용접원,743,용접원
KSCO,7,3,751,자동차 정비원,751,자동차 정비원
KSCO,7,3,752,운송장비 정비원,752,운송장비 정비원
KSCO,7,3,753,기계장비 설치 및 정비원,753,기계장비 설치 및 정비원
KSCO,7,3,761,전기·전자기기 설치 및 수리원,761,전기 및 전자기기 설치 및 수리원
KSCO,7,3,762,전기공,762,전기공
KSCO,7,3,771,정보 통신기기 설치 및 수리원,761,전기 및 전자기기 설치 및 수리원
KSCO,7,3,772,방송·통신장비 관련 설치 및 수리원,780,영상 및 통신 장비 관련 설치 및 수리원
KSCO,7,3,781,건설구조 관련 기능 종사자,771,건설구조관련 기능 종사자
KSCO,7,3,782,건설 관련 기능 종사자,772,건설관련 기능 종사자
KSCO,7,3,783,건축 마감 관련 기능 종사자,773,건축마감관련 기능 종사자
KSCO,7,3,784,채굴 및 토목 관련 기능 종사자,774,채굴 및 토목 관련 기능 종사자
KSCO,7,3,791,공예 및 귀금속 세공원,791,공예 및 귀금속 세공원
KSCO,7,3,792,배관공,792,배관공
KSCO,7,3,799,기타 기능 관련 종사자,799,기타 기능관련 종사자
KSCO,7,3,811,식품가공 관련 기계 조작원,811,식품가공관련 기계조작원
KSCO,7,3,812,음료 제조 관련 기계 조작원,812,음료 제조관련 기계조작원
KSCO,7,3,819,기타 식품가공 관련 기계 조작원,819,기타 식품가공관련 기계조작원
KSCO,7,3,819,기타 식품가공 관련 기계 조작원,812,음료 제조관련 기계조작원
KSCO,7,3,821,섬유 제조 및 가공기계 조작원,821,섬유제조 및 가공 기계조작원
KSCO,7,3,822,직물·신발 관련 기계 조작원 및 조립원,822,직물 및 신발 관련 기계조작원 및 조립원
KSCO,7,3,823,세탁 관련 기계 조작원,823,세탁관련 기계조작원
KSCO,7,3,831,석유 및 화학물 가공 장치 조작원,831,석유 및 화학물 가공장치 조작원
KSCO,7,3,832,화학·고무 및 플라스틱 제품 생산기 조작원,832,화학·고무 및 플라스틱 제품 생산기 조작원
KSCO,7,3,841,주조 및 금속가공 관련 기계 조작원,841,주조 및 금속가공 관련 기계조작원
KSCO,7,3,842,도장 및 도금기 조작원,842,도장 및 도금기 조작원
KSCO,7,3,843,비금속제품 생산기 조작원,843,비금속 제품 생산기 조작원
KSCO,7,3,851,금속 공작 기계 조작원,851,금속공작기계 조작원
KSCO,7,3,852,냉난방 관련 설비 조작원,852,냉·난방 관련 설비 조작원
KSCO,7,3,853,자동 조립라인 및 산업용로봇 조작원,853,자동조립라인 및 산업용 로봇 조작원
KSCO,7,3,854,운송차량 및 기계 관련 조립원,854,운송차량 및 기계 관련 조립원
KSCO,7,3,855,금속기계 부품 조립원,855,금속기계부품 조립원
KSCO,7,3,861,발전 및 배전장치 조작원,861,발전 및 배전장치 조작원
KSCO,7,3,862,전기 및 전자설비 조작원,862,전기 및 전자 설비 조작원
KSCO,7,3,863,전기·전자 부품 및 제품 제조 장치 조작원,863,전기·전자 부품 및 제품 제조장치 조작원
KSCO,7,3,864,전기·전자 부품 및 제품 조립원,864,전기·전자 부품 및 제품 조립원
KSCO,7,3,871,철도 및 전동차 기관사,871,철도 및 전동차 기관사
KSCO,7,3,872,철도운송 관련 종사자,872,화물열차 차장 및 관련 종사원
KSCO,7,3,873,자동차 운전원,873,자동차 운전원
KSCO,7,3,874,물품 이동 장비 조작원,874,물품이동 장비 조작원
KSCO,7,3,875,건설 및 채굴기계 운전원,875,건설 및 채굴 기계 운전원
KSCO,7,3,875,건설 및 채굴기계 운전원,873,자동차 운전원
KSCO,7,3,876,선박 승무원 및 관련 종사자,876,선박 갑판승무원 및 관련 종사원
KSCO,7,3,881,상하수도 처리 장치 조작원,881,상·하수도 처리장치 조작원
KSCO,7,3,882,재활용 처리 및 소각로 조작원,882,재활용 처리 및 소각로 조작원
KSCO,7,3,891,목재 및 종이 관련 기계 조작원,891,목재 및 종이 관련 기계조작원
KSCO,7,3,892,인쇄 및 사진 현상 관련 기계 조작원,892,인쇄 및 사진현상 관련 기계조작원
KSCO,7,3,899,기타 기계 조작원,899,기타 제조관련 기계조작원
KSCO,7,3,910,건설 및 광업 단순 종사자,910,건설 및 광업 단순 종사원
KSCO,7,3,921,하역 및 적재 단순 종사자,921,하역 및 적재 단순 종사원
KSCO,7,3,922,배달원,922,배달원
KSCO,7,3,930,제조 관련 단순 종사자,930,제조관련 단순 종사원
KSCO,7,3,941,청소원 및 환경미화원,941,청소원 및 환경 미화원
KSCO,7,3,942,건물 관리원 및 검표원,942,경비원 및 검표원
KSCO,7,3,951,가사 및 육아 도우미,951,가사 및 육아 도우미
KSCO,7,3,952,음식 관련 단순 종사자,952,음식관련 단순 종사원
KSCO,7,3,953,판매 관련 단순 종사자,953,판매관련 단순 종사원
KSCO,7,3,991,농림·어업 관련 단순 종사자,991,농림어업관련 단순 종사원
KSCO,7,3,992,계기·자판기 및 주차 관리 종사자,992,계기검침·수금 및 주차 관련 종사원
KSCO,7,3,999,기타 서비스 관련 단순 종사자,999,기타 서비스관련 단순 종사원
KSCO,7,3,A01,장교,A11,장교
KSCO,7,3,A02,부사관,A12,장기 부사관 및 준위
KSCO,7,3,A09,기타 군인,,
KSCO,7,4,1110,의회 의원·고위 공무원 및 공공단체 임원,1110,의회의원·고위공무원 및 공공단체임원
KSCO,7,4,1120,기업 고위 임원,1120,기업고위임원
KSCO,7,4,1211,정부행정 관리자,1201,정부행정 관리자
KSCO,7,4,1212,경영 지원 관리자,1202,경영지원 관리자
KSCO,7,4,1212,경영 지원 관리자,1209,기타 행정 및 경영지원 관리자
KSCO,7,4,1220,마케팅 및 광고·홍보 관리자,1202,경영지원 관리자
KSCO,7,4,1220,마케팅 및 광고·홍보 관리자,1209,기타 행정 및 경영지원 관리자
KSCO,7,4,1311,연구 관리자,1311,연구 관리자
KSCO,7,4,1312,교육 관리자,1312,교육 관리자
KSCO,7,4,1313,법률·경찰·소방 및 교도 관리자,1313,법률·경찰·소방 및 교도 관리자
KSCO,7,4,1320,보험 및 금융 관리자,1320,보험 및 금융 관리자
KSCO,7,4,1331,보건 의료 관련 관리자,1331,보건의료관련 관리자
KSCO,7,4,1332,사회복지 관련 관리자,1332,사회복지관련 관리자
KSCO,7,4,1340,문화·예술 관련 관리자,1340,문화·예술·디자인 및 영상관련 관리자
KSCO,7,4,1350,정보 통신 관련 관리자,1350,정보통신관련 관리자
KSCO,7,4,1390,기타 전문 서비스 관리자,1390,기타 전문서비스 관리자
KSCO,7,4,1411,건설 및 광업 관련 관리자,1411,건설 및 광업 관련 관리자
KSCO,7,4,1412,전기·가스 및 수도 관련 관리자,1412,전기·가스 및 수도 관련 관리자
KSCO,7,4,1413,제품 생산 관련 관리자,1413,제품 생산관련 관리자
KSCO,7,4,1490,기타 건설·전기 및 생산 관련 관리자,1490,기타 건설·전기 및 생산 관련 관리자
KSCO,7,4,1511,영업 및 판매 관련 관리자,1511,영업 및 판매 관련 관리자
KSCO,7,4,1512,운송 관련 관리자,1512,운송관련 관리자
KSCO,7,4,1521,숙박·여행·오락 및 스포츠 관련 관리자,1521,숙박·여행·오락 및 스포츠 관련 관리자
KSCO,7,4,1522,음식 서비스 관련 관리자,1522,음식서비스관련 관리자
KSCO,7,4,1530,환경·청소 및 경비 관련 관리자,1530,환경·청소 및 경비 관련 관리자
KSCO,7,4,1590,기타 판매 및 고객 서비스 관리자,1590,기타 판매 및 고객 서비스 관리자
KSCO,7,4,2111,생명과학 연구원,2111,생명과학 연구원
KSCO,7,4,2111,생명과학 연구원,2112,자연과학 연구원
KSCO,7,4,2112,자연과학 연구원,2112,자연과학 연구원
KSCO,7,4,2121,인문과학 연구원,2121,인문과학 연구원
KSCO,7,4,2122,사회과학 연구원,2122,사회과학 연구원
KSCO,7,4,2131,생명과학 시험원,2131,생명과학 시험원
KSCO,7,4,2131,생명과학 시험원,2133,자연과학 시험원
KSCO,7,4,2132,농림·어업 관련 시험원,2132,농림어업관련 시험원
KSCO,7,4,2133,자연과학 시험원,2133,자연과학 시험원
KSCO,7,4,2211,컴퓨터 하드웨어 기술자 및 연구원,2211,컴퓨터 하드웨어 기술자 및 연구원
KSCO,7,4,2212,통신공학 기술자 및 연구원,2212,통신공학 기술자 및 연구원
KSCO,7,4,2221,컴퓨터 시스템 전문가,2221,컴퓨터시스템 설계 및 분석가
KSCO,7,4,2222,시스템 소프트웨어 개발자,2222,시스템 소프트웨어 개발자
KSCO,7,4,2223,응용 소프트웨어 개발자,2223,응용 소프트웨어 개발자
KSCO,7,4,2224,웹 개발자,2227,웹 및 멀티미디어 기획자
KSCO,7,4,2224,웹 개발자,2228,웹 개발자
KSCO,7,4,2229,기타 컴퓨터 시스템 및 소프트웨어 전문가,2223,응용 소프트웨어 개발자
KSCO,7,4,2231,데이터 전문가,2224,데이터베이스 개발자
KSCO,7,4,2232,네트워크 시스템 개발자,2225,네트워크시스템 개발자
KSCO,7,4,2233,정보 보안 전문가,2226,컴퓨터 보안 전문가
KSCO,7,4,2239,기타 데이터 및 네트워크 관련 전문가,2226,컴퓨터 보안 전문가
KSCO,7,4,2241,정보 시스템 운영자,2230,정보 시스템 운영자
KSCO,7,4,2242,웹 운영자,2228,웹 개발자
KSCO,7,4,2250,통신 및 방송 송출 장비 기사,2240,통신 및 방송송출 장비 기사
KSCO,7,4,2311,건축가,2311,건축가 및 건축공학 기술자
KSCO,7,4,2312,건축공학 기술자,2311,건축가 및 건축공학 기술자
KSCO,7,4,2313,토목공학 기술자,2312,토목공학 기술자
KSCO,7,4,2314,조경 기술자,2313,조경 기술자
KSCO,7,4,2315,도시 및 교통 관련 전문가,2314,도시 및 교통설계 전문가
KSCO,7,4,2316,측량 및 지리 정보 전문가,2315,측량 및 지리정보 전문가
KSCO,7,4,2317,건설자재 시험원,2316,건설자재 시험원
KSCO,7,4,2321,화학공학 기술자 및 연구원,2321,화학공학 기술자 및 연구원
KSCO,7,4,2322,화학공학 시험원,2322,화학공학 시험원
KSCO,7,4,2331,금속·재료 공학 연구원 및 기술자,2331,금속 · 재료공학 연구원 및 기술자
KSCO,7,4,2332,금속 및 재료 공학 시험원,2332,금속 · 재료공학 시험원
KSCO,7,4,2341,전기공학 기술자 및 연구원,2351,전기공학 기술자 및 연구원
KSCO,7,4,2342,전자공학 기술자 및 연구원,2352,전자공학 기술자 및 연구원
KSCO,7,4,2343,전기 및 전자공학 시험원,2354,전기·전자 및 기계 공학 시험원
KSCO,7,4,2351,기계공학 기술자 및 연구원,2353,기계공학 기술자 및 연구원
KSCO,7,4,2352,로봇공학 기술자 및 연구원,2353,기계공학 기술자 및 연구원
KSCO,7,4,2353,기계 및 로봇공학 시험원,2354,전기·전자 및 기계 공학 시험원
KSCO,7,4,2361,방재 기술자 및 연구원,2361,산업안전 및 위험 관리원
KSCO,7,4,2361,방재 기술자 및 연구원,2394,소방공학 기술자 및 연구원
KSCO,7,4,2361,방재 기술자 및 연구원,2312,토목공학 기술자
KSCO,7,4,2361,방재 기술자 및 연구원,2311,건축가 및 건축공학 기술자
KSCO,7,4,2362,소방공학 기술자 및 연구원,2394,소방공학 기술자 및 연구원
KSCO,7,4,2363,소방공학 시험원,2399,기타 공학관련 기술자 및 시험원
KSCO,7,4,2364,산업 안전 및 위험 관리원,2361,산업안전 및 위험 관리원
KSCO,7,4,2365,보건 위생 및 환경 검사원,2362,보건위생 및 환경 검사원
KSCO,7,4,2366,비파괴 검사원,2363,비파괴 검사원
KSCO,7,4,2371,환경공학 기술자 및 연구원,2341,환경공학 기술자 및 연구원
KSCO,7,4,2371,환경공학 기술자 및 연구원,2112,자연과학 연구원
KSCO,7,4,2372,가스·에너지 기술자 및 연구원,2393,가스·에너지 기술자 및 연구원
KSCO,7,4,2373,환경공학 시험원,2133,자연과학 시험원
KSCO,7,4,2373,환경공학 시험원,2342,환경공학 시험원
KSCO,7,4,2374,가스 및 에너지 시험원,2395,식품·섬유 공학 및 에너지 시험원
KSCO,7,4,2381,항공기 조종사,2371,항공기 조종사
KSCO,7,4,2382,선장·항해사 및 도선사,2372,선장·항해사 및 도선사
KSCO,7,4,2383,관제사,2373,관제사
KSCO,7,4,2391,식품공학 기술자 및 연구원,2391,식품공학 기술자 및 연구원
KSCO,7,4,2392,섬유공학 기술자 및 연구원,2392,섬유공학 기술자 및 연구원
KSCO,7,4,2393,식품공학 시험원,2395,식품·섬유 공학 및 에너지 시험원
KSCO,7,4,2394,섬유공학 시험원,2395,식품·섬유 공학 및 에너지 시험원
KSCO,7,4,2395,제도사,2396,캐드원
KSCO,7,4,2399,기타 공학 관련 기술자 및 시험원,2399,기타 공학관련 기술자 및 시험원
KSCO,7,4,2411,전문 의사,2411,전문 의사
KSCO,7,4,2412,일반 의사,2412,일반 의사
KSCO,7,4,2413,한의사,2413,한의사
KSCO,7,4,2414,치과 의사,2414,치과 의사
KSCO,7,4,2415,수의사,2415,수의사
KSCO,7,4,2420,약사 및 한약사,2420,약사 및 한약사
KSCO,7,4,2430,간호사,2430,간호사
KSCO,7,4,2440,영양사,2440,영양사
KSCO,7,4,2451,임상병리사,2451,임상병리사
KSCO,7,4,2452,방사선사,2452,방사선사
KSCO,7,4,2453,치과기공사,2453,치과기공사
KSCO,7,4,2454,치과위생사,2454,치과위생사
KSCO,7,4,2455,재활공학 기사,2455,의지보조기기사
KSCO,7,4,2455,재활공학 기사,2479,기타 사회복지관련 종사원
KSCO,7,4,2456,물리 및 작업 치료사,2456,물리 및 작업 치료사
KSCO,7,4,2457,임상심리사,2459,임상 심리사 및 기타 치료사
KSCO,7,4,2459,기타 치료·재활사 및 의료기사,2459,임상 심리사 및 기타 치료사
KSCO,7,4,2461,응급 구조사,2461,응급구조사
KSCO,7,4,2462,위생사,2462,위생사
KSCO,7,4,2463,안경사,2463,안경사
KSCO,7,4,2464,의무 기록사,2464,의무기록사
KSCO,7,4,2465,간호조무사,2465,간호조무사
KSCO,7,4,2466,안마사,2466,안마사
KSCO,7,4,2471,사회복지사,2471,사회복지사
KSCO,7,4,2472,보육교사,2472,보육 교사
KSCO,7,4,2473,직업상담사,2473,직업상담사 및 취업 알선원
KSCO,7,4,2474,상담 전문가,2474,상담 전문가 및 청소년 지도사
KSCO,7,4,2475,청소년 지도사,2474,상담 전문가 및 청소년 지도사
KSCO,7,4,2476,시민 단체 활동가,2475,시민 단체 활동가
KSCO,7,4,2479,기타 사회복지 관련 종사원,2479,기타 사회복지관련 종사원
KSCO,7,4,2481,성직자,2481,성직자
KSCO,7,4,2489,기타 종교 관련 종사원,2481,성직자
KSCO,7,4,2489,기타 종교 관련 종사원,2489,기타 종교관련 종사자
KSCO,7,4,2511,대학교수,2511,대학 교수
KSCO,7,4,2512,대학 시간강사,2512,대학 시간강사
KSCO,7,4,2521,중·고등학교 교사,2521,중·고등학교 교사
KSCO,7,4,2522,초등학교 교사,2522,초등학교 교사
KSCO,7,4,2523,특수교육 교사,2523,특수교육 교사
KSCO,7,4,2530,유치원 교사,2530,유치원 교사
KSCO,7,4,2541,문리 및 어학 강사,2541,문리 및 어학 강사
KSCO,7,4,2542,컴퓨터 강사,2542,컴퓨터 강사
KSCO,7,4,2543,기술 및 기능계 강사,2543,기술 및 기능계 강사
KSCO,7,4,2544,예능 강사,2544,예능 강사
KSCO,7,4,2545,학습지 및 교육 교구 방문강사,2545,학습지 및 방문 교사
KSCO,7,4,2549,기타 문리·기술 및 예능 강사,2549,기타 문리·기술 및 예능 강사
KSCO,7,4,2591,장학관·연구관 및 교육 관련 전문가,2591,장학관·연구관 및 교육 관련 전문가
KSCO,7,4,2592,대학 교육 조교,2592,대학 교육조교
KSCO,7,4,2599,기타 교사,2599,보조 교사 및 기타 교사
KSCO,7,4,2611,판사 및 검사,2611,판사 및 검사
KSCO,7,4,2612,변호사,2612,변호사
KSCO,7,4,2613,법무사 및 집행관,2613,법무사 및 집행관
KSCO,7,4,2614,변리사,2614,변리사
KSCO,7,4,2619,기타 법률 전문가,2715,경영 및 진단 전문가
KSCO,7,4,2619,기타 법률 전문가,2612,변호사
KSCO,7,4,2620,정부 및 공공 행정 전문가,2620,정부 및 공공 행정 전문가
KSCO,7,4,2711,인사 및 노사 관련 전문가,2473,직업상담사 및 취업 알선원
KSCO,7,4,2711,인사 및 노사 관련 전문가,2711,인사 및 노사 관련 전문가
KSCO,7,4,2712,회계사,2712,회계사
KSCO,7,4,2713,세무사,2713,세무사
KSCO,7,4,2714,관세사,2714,관세사
KSCO,7,4,2715,경영 및 진단 전문가,2715,경영 및 진단 전문가
KSCO,7,4,2721,투자 및 신용 분석가,2721,투자 및 신용 분석가
KSCO,7,4,2722,자산 운용가,2722,자산 운용가
KSCO,7,4,2723,보험 및 금융 상품 개발자,2723,보험 및 금융 상품 개발자
KSCO,7,4,2724,증권 및 외환 딜러,2724,증권 및 외환 딜러
KSCO,7,4,2725,손해 사정사,2725,손해사정인
KSCO,7,4,2729,기타 금융 및 보험 관련 전문가,2729,기타 금융 및 보험 관련 전문가
KSCO,7,4,2731,상품 기획 전문가,2731,상품기획 전문가
KSCO,7,4,2732,여행 상품 개발자,2732,여행상품 개발자
KSCO,7,4,2733,광고 및 홍보 전문가,2733,광고 및 홍보 전문가
KSCO,7,4,2733,광고 및 홍보 전문가,2811,작가 및 관련 전문가
KSCO,7,4,2734,조사 전문가,2734,조사 전문가
KSCO,7,4,2735,행사 기획자,2735,행사기획자
KSCO,7,4,2741,감정 관련 전문가,2741,감정평가 전문가
KSCO,7,4,2742,해외 영업원,2742,해외 영업원
KSCO,7,4,2743,기술 영업원,2743,기술 영업원
KSCO,7,4,2744,상품 중개인 및 경매사,2744,상품중개인 및 경매사
KSCO,7,4,2745,부동산 컨설턴트 및 중개사,2745,부동산 컨설턴트 및 중개인
KSCO,7,4,2749,기타 기술 영업 및 중개 관련 종사원,2749,기타 기술영업 및 중개 관련 종사자
KSCO,7,4,2811,작가,2811,작가 및 관련 전문가
KSCO,7,4,2812,출판물 전문가,2815,출판물 전문가
KSCO,7,4,2813,기자 및 언론 관련 전문가,2814,기자 및 논설위원
KSCO,7,4,2813,기자 및 언론 관련 전문가,2811,작가 및 관련 전문가
KSCO,7,4,2814,번역가 및 통역가,2812,번역가
KSCO,7,4,2814,번역가 및 통역가,2813,통역가
KSCO,7,4,2821,학예사 및 문화재 보존원,2821,큐레이터 및 문화재 보존원
KSCO,7,4,2822,사서 및 기록물 관리사,2822,사서 및 기록물관리사
KSCO,7,4,2831,감독 및 기술 감독,2831,감독 및 기술감독
KSCO,7,4,2832,배우 및 모델,2832,배우 및 모델
KSCO,7,4,2833,아나운서 및 리포터,2833,아나운서 및 리포터
KSCO,7,4,2834,촬영기사,2834,촬영기사
KSCO,7,4,2835,음향 및 녹음 기사,2835,음향 및 녹음 기사
KSCO,7,4,2836,영상·녹화 및 편집 기사,2836,영상·녹화 및 편집 기사
KSCO,7,4,2837,조명기사 및 영사기사,2837,조명기사 및 영사기사
KSCO,7,4,2839,기타 연극·영화 및 영상 관련 종사원,2839,기타 연극·영화 및 영상 관련 종사자
KSCO,7,4,2839,기타 연극·영화 및 영상 관련 종사원,2811,작가 및 관련 전문가
KSCO,7,4,2841,화가 및 조각가,2841,화가 및 조각가
KSCO,7,4,2842,사진기자 및 사진가,2842,사진기자 및 사진가
KSCO,7,4,2843,만화가 및 만화영화 작가,2843,만화가 및 만화영화 작가
KSCO,7,4,2844,국악 및 전통 예능인,2844,국악 및 전통예능인
KSCO,7,4,2845,지휘자·작곡가 및 연주가,2845,지휘자·작곡가 및 연주가
KSCO,7,4,2846,가수 및 성악가,2846,가수 및 성악가
KSCO,7,4,2847,무용가 및 안무가,2847,무용가 및 안무가
KSCO,7,4,2849,기타 시각 및 공연 예술가,2899,마술사 및 기타 문화· 예술 관련 종사자
KSCO,7,4,2851,제품 디자이너,2851,제품 디자이너
KSCO,7,4,2852,패션 디자이너,2852,패션 디자이너
KSCO,7,4,2853,실내장식 디자이너,2853,실내장식 디자이너
KSCO,7,4,2854,시각 디자이너,2854,시각 디자이너
KSCO,7,4,2855,미디어 콘텐츠 디자이너,2855,웹 및 멀티미디어 디자이너
KSCO,7,4,2861,스포츠 감독 및 코치,2861,경기감독 및 코치
KSCO,7,4,2862,직업 운동선수,2862,직업 운동선수
KSCO,7,4,2862,직업 운동선수,2869,기타 스포츠 및 레크레이션 관련 전문가
KSCO,7,4,2863,경기 심판 및 경기 기록원,2863,경기심판 및 경기기록원
KSCO,7,4,2869,기타 스포츠 및 레크리에이션 관련 전문가,2899,마술사 및 기타 문화· 예술 관련 종사자
KSCO,7,4,2869,기타 스포츠 및 레크리에이션 관련 전문가,2864,스포츠 및 레크레이션 강사
KSCO,7,4,2869,기타 스포츠 및 레크리에이션 관련 전문가,2869,기타 스포츠 및 레크레이션 관련 전문가
KSCO,7,4,2870,주방장 및 요리 연구가,4413,양식 주방장 및 조리사
KSCO,7,4,2870,주방장 및 요리 연구가,4412,중식 주방장 및 조리사
KSCO,7,4,2870,주방장 및 요리 연구가,4411,한식 주방장 및 조리사
KSCO,7,4,2870,주방장 및 요리 연구가,4419,기타 주방장 및 조리사
KSCO,7,4,2870,주방장 및 요리 연구가,4429,기타 음식서비스 종사원
KSCO,7,4,2870,주방장 및 요리 연구가,4414,일식 주방장 및 조리사
KSCO,7,4,2881,공연·영화 및 음반 기획자,2735,행사기획자
KSCO,7,4,2882,연예인 및 스포츠 매니저,2891,연예인 및 스포츠 매니저
KSCO,7,4,3111,조세행정 사무원,3111,조세행정 사무원
KSCO,7,4,3112,관세행정 사무원,3112,관세행정 사무원
KSCO,7,4,3113,병무행정 사무원,3113,병무행정 사무원
KSCO,7,4,3114,국가 및 지방 행정 사무원,3114,국가·지방 및 공공행정 사무원
KSCO,7,4,3115,공공행정 사무원,3114,국가·지방 및 공공행정 사무원
KSCO,7,4,3121,기획 및 마케팅 사무원,3121,기획 및 마케팅 사무원
KSCO,7,4,3122,인사 및 교육·훈련 사무원,3122,인사 및 교육·훈련 사무원
KSCO,7,4,3123,자재 관리 사무원,3123,자재관리 사무원
KSCO,7,4,3124,생산 및 품질 관리 사무원,3124,생산 및 품질 관리 사무원
KSCO,7,4,3125,무역 사무원,3125,무역 사무원
KSCO,7,4,3126,운송 사무원,3126,운송 사무원
KSCO,7,4,3127,총무 사무원 및 대학 행정조교,3127,총무 사무원
KSCO,7,4,3131,회계 사무원,3131,회계 사무원
KSCO,7,4,3132,경리 사무원,3132,경리 사무원
KSCO,7,4,3141,비서,3141,비서
KSCO,7,4,3142,전산 자료 입력원 및 사무 보조원,3142,전산 자료 입력원 및 사무 보조원
KSCO,7,4,3201,출납 창구 사무원,3201,출납창구 사무원
KSCO,7,4,3202,보험 심사원 및 사무원,3202,보험 심사원 및 사무원
KSCO,7,4,3203,은행 사무원,3203,금융관련 사무원
KSCO,7,4,3204,증권 사무원,3203,금융관련 사무원
KSCO,7,4,3205,수금원 및 신용 추심원,9922,수금원
KSCO,7,4,3205,수금원 및 신용 추심원,3204,신용 추심원
KSCO,7,4,3209,기타 금융 사무원,3203,금융관련 사무원
KSCO,7,4,3301,법률 관련 사무원,3301,법률관련 사무원
KSCO,7,4,3302,감사 사무원,3302,감사 사무원
KSCO,7,4,3910,통계 관련 사무원,3910,통계관련 사무원
KSCO,7,4,3921,여행 사무원,3921,여행 사무원
KSCO,7,4,3922,안내·접수원 및 전화교환원,3922,안내 · 접수 사무원 및 전화교환원
KSCO,7,4,3991,고객 상담 및 모니터 요원,3142,전산 자료 입력원 및 사무 보조원
KSCO,7,4,3991,고객 상담 및 모니터 요원,3991,고객 상담 및 모니터 요원
KSCO,7,4,3999,기타 사무원,2473,직업상담사 및 취업 알선원
KSCO,7,4,3999,기타 사무원,3999,기타 사무원
KSCO,7,4,4111,경찰관 및 수사관,4111,경찰관
KSCO,7,4,4112,소방관,4112,소방관
KSCO,7,4,4113,소년원 학교 교사 및 교도관,4113,소년보호관 및 교도관
KSCO,7,4,4121,경호원,4121,경호원
KSCO,7,4,4122,청원경찰,4122,청원 경찰
KSCO,7,4,4123,시설 및 특수 경비원,4123,무인 경비원
KSCO,7,4,4123,시설 및 특수 경비원,4121,경호원
KSCO,7,4,4123,시설 및 특수 경비원,9421,경비원
KSCO,7,4,4123,시설 및 특수 경비원,4129,기타 경호 및 보안 관련 종사원
KSCO,7,4,4129,기타 경호 및 보안 관련 종사원,4129,기타 경호 및 보안 관련 종사원
KSCO,7,4,4211,돌봄 서비스 종사원,4219,기타 의료·복지 관련 서비스 종사원
KSCO,7,4,4211,돌봄 서비스 종사원,4211,간병인
KSCO,7,4,4212,보육 및 교사 보조 서비스 종사원,2599,보조 교사 및 기타 교사
KSCO,7,4,4212,보육 및 교사 보조 서비스 종사원,4219,기타 의료·복지 관련 서비스 종사원
KSCO,7,4,4212,보육 및 교사 보조 서비스 종사원,9512,육아 도우미
KSCO,7,4,4219,기타 돌봄 및 보건 서비스 종사원,4219,기타 의료·복지 관련 서비스 종사원
KSCO,7,4,4221,이용사,4221,이용사
KSCO,7,4,4222,미용사,4222,미용사
KSCO,7,4,4223,피부 및 체형 관리사,4223,피부미용 및 체형관리사
KSCO,7,4,4224,메이크업 아티스트 및 분장사,4224,메이크업 아티스트 및 분장사
KSCO,7,4,4229,기타 미용 관련 서비스 종사원,4229,기타 미용관련 서비스 종사원
KSCO,7,4,4231,결혼상담원 및 웨딩플래너,4231,결혼 상담원 및 웨딩플래너
KSCO,7,4,4232,혼례 종사원,4232,혼례 종사원
KSCO,7,4,4233,장례 상담원 및 장례 지도사,4233,장례 상담원 및 장례 지도사
KSCO,7,4,4291,반려동물 미용 및 관리 종사원,4219,기타 의료·복지 관련 서비스 종사원
KSCO,7,4,4291,반려동물 미용 및 관리 종사원,2899,마술사 및 기타 문화· 예술 관련 종사자
KSCO,7,4,4291,반려동물 미용 및 관리 종사원,4225,애완동물 미용사
KSCO,7,4,4292,점술가 및 민속신앙 종사원,4290,기타 이미용·예식 및 의료보조 서비스 종사원
KSCO,7,4,4293,개인 생활 서비스 종사원,4290,기타 이미용·예식 및 의료보조 서비스 종사원
KSCO,7,4,4311,항공기 객실 승무원,4311,항공기 객실승무원
KSCO,7,4,4312,선박 및 열차 객실 승무원,4312,선박 및 열차 객실승무원
KSCO,7,4,4321,여가 및 관광 서비스 종사원,3922,안내 · 접수 사무원 및 전화교환원
KSCO,7,4,4321,여가 및 관광 서비스 종사원,4321,여행 및 관광통역 안내원
KSCO,7,4,4322,숙박시설 서비스 종사원,4322,숙박시설 서비스원
KSCO,7,4,4323,오락시설 서비스 종사원,4323,오락시설 서비스원
KSCO,7,4,4329,기타 여가 서비스 종사원,4329,기타 여가 및 스포츠 관련 종사원
KSCO,7,4,4411,한식 조리사,4411,한식 주방장 및 조리사
KSCO,7,4,4412,중식 조리사,4412,중식 주방장 및 조리사
KSCO,7,4,4413,양식 조리사,4413,양식 주방장 및 조리사
KSCO,7,4,4414,일식 조리사,4414,일식 주방장 및 조리사
KSCO,7,4,4415,음료 조리사,4419,기타 주방장 및 조리사
KSCO,7,4,4419,기타 조리사,4419,기타 주방장 및 조리사
KSCO,7,4,4421,바텐더,4421,바텐더
KSCO,7,4,4422,웨이터,4422,웨이터
KSCO,7,4,4429,기타 음식 서비스 종사원,4429,기타 음식서비스 종사원
KSCO,7,4,5101,자동차 영업원,5101,자동차 영업원
KSCO,7,4,5102,제품 및 광고 영업원,5102,제품 및 광고 영업원
KSCO,7,4,5103,보험 모집인 및 투자 권유 대행인,5103,보험 설계사 및 간접투자증권 판매인
KSCO,7,4,5104,대출 및 신용카드 모집인,9999,기타 서비스관련 단순 종사원
KSCO,7,4,5104,대출 및 신용카드 모집인,5102,제품 및 광고 영업원
KSCO,7,4,5211,소규모 상점 경영 및 일선 관리 종사원,5211,상점 판매원
KSCO,7,4,5212,상점 판매원,5211,상점 판매원
KSCO,7,4,5213,매표원 및 복권 판매원,5212,매표원 및 복권 판매원
KSCO,7,4,5214,매장 계산원 및 요금 정산원,5213,매장계산원 및 요금정산원
KSCO,7,4,5220,상품 대여원,5220,상품 대여원
KSCO,7,4,5311,단말기 및 통신 서비스 판매원,5302,통신서비스판매원
KSCO,7,4,5312,온라인 쇼핑 판매원,5304,인터넷 판매원
KSCO,7,4,5313,텔레마케터,5303,텔레마케터
KSCO,7,4,5321,방문 판매원,5301,방문 판매원
KSCO,7,4,5322,노점 및 이동 판매원,5305,노점 및 이동 판매원
KSCO,7,4,5323,홍보 도우미 및 판촉원,5306,홍보 도우미 및 판촉원
KSCO,7,4,6111,곡식작물 재배원,6111,곡식작물 재배원
KSCO,7,4,6112,채소 및 특용작물 재배원,6112,채소 및 특용작물 재배원
KSCO,7,4,6113,과수작물 재배원,6113,과수작물 재배원
KSCO,7,4,6121,원예작물 재배원,6121,원예작물 재배원
KSCO,7,4,6122,조경원,6122,조경원
KSCO,7,4,6131,낙농업 관련 종사원,6131,낙농업관련 종사원
KSCO,7,4,6132,가축 사육 종사원,6132,가축 사육 종사원
KSCO,7,4,6139,기타 사육 관련 종사원,6139,기타 사육관련 종사원
KSCO,7,4,6201,조림·산림경영인 및 벌목원,6201,조림·영림 및 벌목원
KSCO,7,4,6209,임산물 채취 및 기타 임업 관련 종사원,6209,임산물채취 및 기타 임업 관련 종사원
KSCO,7,4,6301,양식원,6301,양식원
KSCO,7,4,6302,어부 및 해녀,6302,어부 및 해녀
KSCO,7,4,7101,제빵사 및 제과원,7101,제빵원 및 제과원
KSCO,7,4,7102,떡 제조원,7102,떡제조원
KSCO,7,4,7103,정육가공원 및 도축원,7103,정육원 및 도축원
KSCO,7,4,7104,식품 및 담배 등급원,7104,식품 및 담배 등급원
KSCO,7,4,7105,김치 및 밑반찬 제조 종사원,7105,김치 및 밑반찬 제조 종사원
KSCO,7,4,7109,기타 식품가공 관련 종사원,7109,기타 식품가공관련 종사원
KSCO,7,4,7211,패턴사,7211,패턴사
KSCO,7,4,7212,재단사,7212,재단사
KSCO,7,4,7213,재봉사,7213,재봉사
KSCO,7,4,7214,제화원,7214,제화원
KSCO,7,4,7219,기타 섬유 및 가죽 관련 기능 종사원,7219,기타 섬유 및 가죽 관련 기능 종사원
KSCO,7,4,7221,한복 제조원,7221,한복 제조원
KSCO,7,4,7222,양장 및 양복 제조원,7222,양장 및 양복 제조원
KSCO,7,4,7223,모피 및 가죽 의복 제조원,7223,모피 및 가죽의복 제조원
KSCO,7,4,7224,의복·가죽 및 모피 수선원,7224,의복·가죽 및 모피 수선원
KSCO,7,4,7229,기타 의복 제조 관련 기능 종사원,7229,기타 의복 제조원
KSCO,7,4,7301,목제품 제조 관련 종사원,7301,목제품 제조관련 종사원
KSCO,7,4,7302,가구 제조 및 수리원,7302,가구 제조 및 수리원
KSCO,7,4,7303,악기 제조 및 조율사,7303,악기제조 및 조율사
KSCO,7,4,7304,간판 제작 및 설치원,7304,간판 제작 및 설치원
KSCO,7,4,7411,금형원,7411,금형원
KSCO,7,4,7412,주조원,7412,주조원
KSCO,7,4,7413,단조원,7413,단조원
KSCO,7,4,7421,제관원,7421,제관원
KSCO,7,4,7422,판금원,7422,판금원
KSCO,7,4,7430,용접원,7430,용접원
KSCO,7,4,7510,자동차 정비원,7510,자동차 정비원
KSCO,7,4,7521,항공기 정비원,7521,항공기 정비원
KSCO,7,4,7522,선박 정비원,7522,선박 정비원
KSCO,7,4,7523,철도 기관차 및 전동차 정비원,7523,철도 기관차 및 전동차 정비원
KSCO,7,4,7529,기타 운송장비 정비원,7529,기타 운송장비 정비원
KSCO,7,4,7531,공업기계 설치 및 정비원,7531,공업기계 설치 및 정비원
KSCO,7,4,7532,승강기 설치 및 정비원,7532,승강기 설치 및 정비원
KSCO,7,4,7533,물품 이동 장비 설치 및 정비원,7533,물품 이동 장비 설치 및 정비원
KSCO,7,4,7534,냉동·냉장·공조기 설치 및 정비원,7534,냉동·냉장 ·공조기 설치 및 정비원
KSCO,7,4,7535,보일러 설치 및 정비원,7535,보일러 설치 및 정비원
KSCO,7,4,7536,건설·광업기계 설치 및 정비원,7536,건설 및 광업기계 설치 및 정비원
KSCO,7,4,7539,농업용·기타 기계장비 설치 및 정비원,7539,농업용 및 기타 기계장비 설치 및 정비원
KSCO,7,4,7611,사무용 전자기기 설치 및 수리원,7611,PC 및 사무기기 설치 및 수리원
KSCO,7,4,7612,가전제품 설치 및 수리원,7612,가전제품 설치 및 수리원
KSCO,7,4,7619,기타 전기·전자기기 설치 및 수리원,7619,기타 전기·전자기기 설치 및 수리원
KSCO,7,4,7621,산업 전기공,7621,산업전공
KSCO,7,4,7622,내선 전기공,7622,내선전공
KSCO,7,4,7623,외선 전기공,7623,외선전공
KSCO,7,4,7711,컴퓨터 설치 및 수리원,7611,PC 및 사무기기 설치 및 수리원
KSCO,7,4,7712,이동전화기 수리원,7619,기타 전기·전자기기 설치 및 수리원
KSCO,7,4,7719,기타 정보 통신기기 설치 및 수리원,7619,기타 전기·전자기기 설치 및 수리원
KSCO,7,4,7721,방송 관련 장비 설치 및 수리원,7801,영상 및 관련 장비 설치 및 수리원
KSCO,7,4,7722,통신 관련 장비 설치 및 수리원,7802,통신 및 관련 장비 설치 및 수리원
KSCO,7,4,7723,통신·방송·인터넷케이블 설치 및 수리원,7803,통신·방송 및 인터넷 케이블 설치 및 수리원
KSCO,7,4,7811,강구조물 가공원 및 건립원,7711,강구조물 가공원 및 건립원
KSCO,7,4,7812,경량 철골공,7712,경량 철골공
KSCO,7,4,7821,철근공,7721,철근공
KSCO,7,4,7822,콘크리트공,7722,콘크리트공
KSCO,7,4,7823,건축 석공,7723,건축 석공
KSCO,7,4,7824,건축 목공,7724,건축 목공
KSCO,7,4,7825,조적공 및 석재 부설원,7725,조적공 및 석재 부설원
KSCO,7,4,7829,기타 건설 관련 기능 종사원,7729,기타 건설관련 기능 종사원
KSCO,7,4,7831,미장공,7731,미장공
KSCO,7,4,7832,방수공,7732,방수공
KSCO,7,4,7833,단열공,7733,단열공
KSCO,7,4,7834,바닥재 시공원,7734,바닥재 시공원
KSCO,7,4,7835,도배공 및 유리 부착원,7735,도배공 및 유리 부착원
KSCO,7,4,7836,건축 도장공,7736,건축 도장공
KSCO,7,4,7837,새시 조립 및 설치원,7737,섀시 조립 및 설치원
KSCO,7,4,7839,기타 건축 마감 관련 기능 종사원,7739,기타 건축마감관련 기능 종사원
KSCO,7,4,7841,광원·채석원 및 석재 절단원,7741,광원·채석원 및 석재 절단원
KSCO,7,4,7842,철로 설치 및 보수원,7742,철로 설치 및 보수원
KSCO,7,4,7849,기타 채굴 및 토목 관련 종사원,7749,기타 채굴 및 토목 관련 종사자
KSCO,7,4,7911,공예원,7911,공예원
KSCO,7,4,7912,귀금속 및 보석 세공원,7912,귀금속 및 보석 세공원
KSCO,7,4,7921,건설 배관공,7921,건설 배관공
KSCO,7,4,7922,공업 배관공,7922,공업 배관공
KSCO,7,4,7929,기타 배관공,7929,기타 배관공
KSCO,7,4,7991,배관 세정원 및 방역원,7991,배관 세정원 및 방역원
KSCO,7,4,7999,기타 기능 관련 종사원,7999,기타 기능관련 종사원
KSCO,7,4,8111,제분 및 도정 관련 기계 조작원,8111,제분 및 도정 관련 기계 조작원
KSCO,7,4,8112,곡물가공 제품 기계 조작원,8112,곡물가공제품 기계 조작원
KSCO,7,4,8113,육류·어패류 및 낙농품 가공 기계 조작원,8113,육류·어패류 및 낙농품 가공 기계조작원
KSCO,7,4,8114,과실 및 채소 가공 관련 기계 조작원,8114,과실 및 채소 관련 기계조작원
KSCO,7,4,8120,음료 제조 관련 기계 조작원,8120,음료 제조관련 기계 조작원
KSCO,7,4,8190,기타 식품가공 관련 기계 조작원,8120,음료 제조관련 기계 조작원
KSCO,7,4,8190,기타 식품가공 관련 기계 조작원,8190,기타 식품가공관련 기계조작원
KSCO,7,4,8211,섬유 제조 기계 조작원,8211,섬유제조 기계조작원
KSCO,7,4,8212,표백 및 염색 관련 기계 조작원,8212,표백 및 염색 관련 조작원
KSCO,7,4,8221,직조기 및 편직기 조작원,8221,직조기 및 편직기 조작원
KSCO,7,4,8222,신발 제조기 조작원 및 조립원,8222,신발제조기 조작원 및 조립원
KSCO,7,4,8229,기타 직물·신발 관련 기계 조작원 및 조립원,8229,기타직물 및 신발관련 기계조작원 및 조립원
KSCO,7,4,8230,세탁 관련 기계 조작원,8230,세탁관련 기계조작원
KSCO,7,4,8311,석유 및 천연가스 제조 관련 제어 장치 조작원,8311,석유 및 천연가스제조 관련 제어장치 조작원
KSCO,7,4,8312,화학물 가공 장치 조작원,8312,화학물 가공장치 조작원
KSCO,7,4,8319,기타 석유 및 화학물 가공 장치 조작원,8319,기타 석유 및 화학물 가공장치 조작원
KSCO,7,4,8321,화학제품 생산기 조작원,8321,화학제품 생산기 조작원
KSCO,7,4,8322,타이어 및 고무제품 생산기 조작원,8322,타이어 및 고무제품 생산기 조작원
KSCO,7,4,8323,플라스틱제품 생산기 조작원,8323,플라스틱제품 생산기 조작원
KSCO,7,4,8324,고무 및 플라스틱제품 조립원,8324,고무 및 플라스틱 제품 조립원
KSCO,7,4,8411,주조기 조작원,8411,주조기 조작원
KSCO,7,4,8412,단조기 조작원,8412,단조기 조작원
KSCO,7,4,8413,용접기 조작원,8413,용접기 조작원
KSCO,7,4,8414,금속가공 관련 제어 장치 조작원,8414,금속가공관련 제어장치 조작원
KSCO,7,4,8415,금속가공 기계 조작원,8415,금속가공 기계조작원
KSCO,7,4,8416,제관기 조작원,8416,제관기 조작원
KSCO,7,4,8417,판금기 조작원,8417,판금기 조작원
KSCO,7,4,8421,도장기 조작원,8421,도장기 조작원
KSCO,7,4,8422,도금 및 금속 분무기 조작원,8422,도금 및 금속분무기 조작원
KSCO,7,4,8431,유리 제조 및 가공기 조작원,8431,유리제조 및 가공기 조작원
KSCO,7,4,8432,점토제품 생산기 조작원,8432,점토제품 생산기 조작원
KSCO,7,4,8433,시멘트 및 광물제품 제조기 조작원,8433,시멘트 및 광물제품 제조기 조작원
KSCO,7,4,8434,광석 및 석제품 가공기 조작원,8434,광석 및 석제품 가공기 조작원
KSCO,7,4,8439,기타 비금속제품 관련 생산기 조작원,8439,기타 비금속제품관련 생산기 조작원
KSCO,7,4,8510,금속 공작 기계 조작원,8510,금속공작기계 조작원
KSCO,7,4,8520,냉난방 관련 설비 조작원,8520,냉·난방 관련 설비 조작원
KSCO,7,4,8530,자동 조립라인 및 산업용로봇 조작원,8530,자동조립라인 및 산업용 로봇 조작원
KSCO,7,4,8541,자동차 조립원,8541,자동차 조립원
KSCO,7,4,8542,자동차 부품 조립원,8542,자동차 부분품 조립원
KSCO,7,4,8543,운송장비 조립원,8543,운송장비 조립원
KSCO,7,4,8544,일반기계 조립원,8544,일반기계 조립원
KSCO,7,4,8550,금속기계 부품 조립원,8550,금속기계부품 조립원
KSCO,7,4,8610,발전 및 배전장치 조작원,8610,발전 및 배전장치 조작원
KSCO,7,4,8620,전기 및 전자설비 조작원,8620,전기 및 전자 설비 조작원
KSCO,7,4,8631,전기 부품 및 제품 제조 기계 조작원,8631,전기 부품 및 제품제조 기계조작원
KSCO,7,4,8632,전자 부품 및 제품 제조 기계 조작원,8632,전자 부품 및 제품 제조 기계조작원
KSCO,7,4,8640,전기·전자 부품 및 제품 조립원,8640,전기·전자 부품 및 제품 조립원
KSCO,7,4,8710,철도 및 전동차 기관사,8710,철도 및 전동차 기관사
KSCO,7,4,8720,철도운송 관련 종사원,8720,화물열차 차장 및 관련 종사원
KSCO,7,4,8731,택시 운전원,8731,택시 운전원
KSCO,7,4,8732,버스 운전원,8732,버스 운전원
KSCO,7,4,8733,화물차 및 특수차 운전원,8733,화물차 및 특수차 운전원
KSCO,7,4,8739,기타 자동차 운전원,8739,기타 자동차 운전원
KSCO,7,4,8740,물품 이동 장비 조작원,8740,물품이동 장비 조작원
KSCO,7,4,8750,건설 및 채굴기계 운전원,8733,화물차 및 특수차 운전원
KSCO,7,4,8750,건설 및 채굴기계 운전원,8750,건설 및 채굴 기계 운전원
KSCO,7,4,8760,선박 승무원 및 관련 종사원,8760,선박 갑판승무원 및 관련 종사원
KSCO,7,4,8810,상하수도 처리 장치 조작원,8810,상·하수도 처리장치 조작원
KSCO,7,4,8820,재활용 처리 및 소각로 조작원,8820,재활용 처리 및 소각로 조작원
KSCO,7,4,8911,목재가공 관련 기계 조작원,8911,목재 가공관련 기계 조작원
KSCO,7,4,8912,가구 조립원,8912,가구조립원
KSCO,7,4,8913,펄프 및 종이 제조 장치 조작원,8913,펄프 및 종이 제조장치 조작원
KSCO,7,4,8914,종이제품 생산기 조작원,8914,종이제품 생산기 조작원
KSCO,7,4,8919,기타 목재 및 종이 관련 기계 조작원,8919,기타 목재 및 종이 관련 기계조작원
KSCO,7,4,8921,인쇄기 조작원,8921,인쇄기 조작원
KSCO,7,4,8922,사진 인화 및 현상기 조작원,8922,사진인화 및 현상기 조작원
KSCO,7,4,8990,기타 기계 조작원,8990,기타 제조관련 기계 조작원
KSCO,7,4,9100,건설 및 광업 단순 종사원,9100,건설 및 광업 단순 종사원
KSCO,7,4,9210,하역 및 적재 단순 종사원,9210,하역 및 적재 단순 종사원
KSCO,7,4,9221,우편집배원,9221,우편물 집배원
KSCO,7,4,9222,택배원,9222,택배원
KSCO,7,4,9223,음식 배달원,9223,음식 배달원
KSCO,7,4,9229,기타 배달원,9229,기타 배달원
KSCO,7,4,9300,제조 관련 단순 종사원,9300,제조관련 단순 종사원
KSCO,7,4,9411,청소원,9411,청소원
KSCO,7,4,9412,환경미화원 및 재활용품 수거원,9412,환경 미화원 및 재활용품 수거원
KSCO,7,4,9421,건물 관리원,9421,경비원
KSCO,7,4,9422,검표원,9422,검표원
KSCO,7,4,9511,가사 도우미,9511,가사 도우미
KSCO,7,4,9512,육아 도우미,9512,육아 도우미
KSCO,7,4,9521,패스트푸드 준비원,9521,패스트푸드원
KSCO,7,4,9522,주방 보조원,9522,주방 보조원
KSCO,7,4,9531,주유원,9531,주유원
KSCO,7,4,9539,기타 판매 관련 단순 종사원,9539,기타 판매관련 단순 종사원
KSCO,7,4,9910,농림·어업 관련 단순 종사원,9910,농림어업관련 단순 종사원
KSCO,7,4,9921,계기 검침원 및 가스 점검원,9921,계기 검침원 및 가스점검원
KSCO,7,4,9922,자동판매기 관리원,9922,수금원
KSCO,7,4,9923,주차 관리원 및 안내원,9923,주차 관리원 및 안내원
KSCO,7,4,9991,구두 미화원,9991,구두 미화원
KSCO,7,4,9992,세탁원 및 다림질원,9992,세탁원 및 다림질원
KSCO,7,4,9999,기타 서비스 관련 단순 종사원,9999,기타 서비스관련 단순 종사원
KSCO,7,4,A011,영관급 이상 장교,A111,영관급 이상
KSCO,7,4,A012,위관급 장교,A112,위관급
KSCO,7,4,A020,부사관,A120,장기 부사관 및 준위
KSCO,7,4,A090,기타 군인,,
KSCO,7,5,11101,국회의원,11101,국회의원
KSCO,7,5,11102,지방의회 의원 및 교육 의원,11102,지방의회의원 및 교육위원
KSCO,7,5,11103,중앙정부 고위 공무원,11103,중앙정부 고위공무원
KSCO,7,5,11104,지방정부 고위 공무원,11104,지방정부 고위공무원
KSCO,7,5,11105,공공 기관 임원,11105,공공기관 임원
KSCO,7,5,11106,정당 및 특수 단체 임원,11106,정당 및 특수단체 임원
KSCO,7,5,11201,기업 대표이사,11201,기업 대표이사
KSCO,7,5,11202,기업 고위 임원,11202,기업 고위임원
KSCO,7,5,12110,정부행정 관리자,12010,정부행정 관리자
KSCO,7,5,12121,총무 및 인사 관리자,12021,총무 및 인사 관리자
KSCO,7,5,12122,기획 관리자,12022,기획·홍보 및 광고 관리자
KSCO,7,5,12123,재무 관리자,12023,재무 관리자
KSCO,7,5,12124,자재 및 구매 관리자,12024,자재 및 구매 관리자
KSCO,7,5,12129,그 외 경영 지원 관리자,12029,그 외 경영지원 관리자
KSCO,7,5,12129,그 외 경영 지원 관리자,12090,그 외 행정 및 경영지원 관리자
KSCO,7,5,12201,마케팅 관리자,12022,기획·홍보 및 광고 관리자
KSCO,7,5,12202,광고 및 홍보 관리자,12022,기획·홍보 및 광고 관리자
KSCO,7,5,12209,그 외 마케팅 및 광고·홍보 관리자,12022,기획·홍보 및 광고 관리자
KSCO,7,5,12209,그 외 마케팅 및 광고·홍보 관리자,12090,그 외 행정 및 경영지원 관리자
KSCO,7,5,13111,인문과학 연구 관리자,13111,인문과학 연구 관리자
KSCO,7,5,13112,사회과학 연구 관리자,13112,사회과학 연구 관리자
KSCO,7,5,13113,생명 및 자연과학 연구 관리자,13113,생명 및 자연 과학 연구 관리자
KSCO,7,5,13114,공학 연구 관리자,13114,공학 연구 관리자
KSCO,7,5,13119,그 외 연구 관리자,13119,그 외 연구 관리자
KSCO,7,5,13121,대학교 총장 및 대학 학장,13121,대학교 총장 및 대학 학장
KSCO,7,5,13122,중·고등학교 교장 및 교감,13122,중·고등학교 교장 및 교감
KSCO,7,5,13123,초등학교 교장 및 교감,13123,초등학교 교장 및 교감
KSCO,7,5,13124,유치원 원장,13124,유치원 원장
KSCO,7,5,13129,그 외 교육 관련 관리자,13129,그 외 교육관련 관리자
KSCO,7,5,13131,법률 관리자,13131,법률 관리자
KSCO,7,5,13132,경찰 관리자,13132,경찰 관리자
KSCO,7,5,13133,소방 관리자,13133,소방 관리자
KSCO,7,5,13134,교도 관리자,13134,교도 관리자
KSCO,7,5,13201,보험 관리자,13201,보험 관리자
KSCO,7,5,13202,금융 관리자,13202,금융 관리자
KSCO,7,5,13310,보건 의료 관련 관리자,13310,보건의료관련 관리자
KSCO,7,5,13320,사회복지 관련 관리자,13320,사회복지관련 관리자
KSCO,7,5,13401,공연·전시 예술 관련 관리자,13401,문화 및 예술 관련 관리자
KSCO,7,5,13402,디자인 관련 관리자,13402,디자인관련 관리자
KSCO,7,5,13403,방송·출판 및 영상 관련 관리자,13403,영상관련 관리자
KSCO,7,5,13501,컴퓨터 하드웨어 개발 관리자,13501,컴퓨터 하드웨어개발 관리자
KSCO,7,5,13502,컴퓨터 소프트웨어 개발 관리자,13502,컴퓨터 소프트웨어개발 관리자
KSCO,7,5,13503,컴퓨터 운영 관리자,13503,컴퓨터 운영 관리자
KSCO,7,5,13504,통신 관리자,13504,통신 관리자
KSCO,7,5,13509,그 외 정보 통신 관련 관리자,13509,그 외 정보통신관련 관리자
KSCO,7,5,13901,시장 및 여론 조사 관리자,13901,시장 및 여론 조사 관리자
KSCO,7,5,13902,부동산 및 임대업 관리자,13902,부동산 및 임대업 관리자
KSCO,7,5,13903,공동주택 관리자,13902,부동산 및 임대업 관리자
KSCO,7,5,13904,인력 공급 및 알선 서비스 관리자,13903,인력공급 및 알선 서비스 관리자
KSCO,7,5,13909,그 외 전문 서비스 관리자,13909,그 외 전문서비스 관리자
KSCO,7,5,14111,건축 관련 관리자,14111,건설관련 관리자
KSCO,7,5,14112,토목 관련 관리자,14111,건설관련 관리자
KSCO,7,5,14113,조경 관련 관리자,14111,건설관련 관리자
KSCO,7,5,14114,광업 관련 관리자,14112,광업관련 관리자
KSCO,7,5,14121,전기 관련 관리자,14121,전기관련 관리자
KSCO,7,5,14122,가스 관련 관리자,14122,가스관련 관리자
KSCO,7,5,14123,수도 관련 관리자,14123,수도관련 관리자
KSCO,7,5,14124,증기 및 온수 관련 관리자,14124,증기 및 온수 관련 관리자
KSCO,7,5,14131,식품 생산 관리자,14131,식품생산 관리자
KSCO,7,5,14132,섬유 및 의복 제품 생산 관리자,14132,섬유 및 의복 제품생산 관리자
KSCO,7,5,14133,화학제품 생산 관리자,14133,화학제품생산 관리자
KSCO,7,5,14134,금속제품 생산 관리자,14134,금속제품생산 관리자
KSCO,7,5,14135,기계제품 생산 관리자,14135,기계제품생산 관리자
KSCO,7,5,14136,전기 및 전자 제품 생산 관리자,14136,전기·전자 제품생산 관리자
KSCO,7,5,14139,그 외 제품 생산 관련 관리자,14139,그 외 제품생산관련 관리자
KSCO,7,5,14901,농림·어업 관련 관리자,14901,농림어업관련 관리자
KSCO,7,5,14902,수리 및 정비 관련 관리자,14902,수리 및 정비 관련 관리자
KSCO,7,5,14909,그 외 건설·전기 및 생산 관련 관리자,14909,그 외 건설·전기 및 생산 관련 관리자
KSCO,7,5,15111,영업 관련 관리자,15111,영업관련 관리자
KSCO,7,5,15112,판매 관련 관리자,15112,판매관련 관리자
KSCO,7,5,15113,무역 관련 관리자,15113,무역관련 관리자
KSCO,7,5,15121,육상운송 관련 관리자,15121,육상운송 관리자
KSCO,7,5,15122,해상운송 관련 관리자,15122,해상운송 관리자
KSCO,7,5,15123,항공운송 관련 관리자,15123,항공운송관련 관리자
KSCO,7,5,15211,숙박 관련 관리자,15211,숙박관련 관리자
KSCO,7,5,15212,여행 관련 관리자,15212,여행관련 관리자
KSCO,7,5,15213,오락 및 스포츠 관련 관리자,15213,오락 및 스포츠 관련 관리자
KSCO,7,5,15219,그 외 숙박·여행·오락 및 스포츠 관련 관리자,15219,그 외 숙박·여행·오락 및 스포츠 관련 관리자
KSCO,7,5,15220,음식 서비스 관련 관리자,15220,음식서비스관련 관리자
KSCO,7,5,15301,환경 관련 관리자,15301,환경관련 관리자
KSCO,7,5,15302,청소 관련 관리자,15302,청소관련 관리자
KSCO,7,5,15303,경비 관련 관리자,15303,경비관련 관리자
KSCO,7,5,15901,회원 단체 관련 관리자,15901,회원단체관련 관리자
KSCO,7,5,15909,그 외 판매 및 고객 서비스 관리자,15909,그 외 판매 및 고객 서비스 관리자
KSCO,7,5,21111,생물학 연구원,21125,환경 및 해양과학 연구원
KSCO,7,5,21111,생물학 연구원,21111,생물학 연구원
KSCO,7,5,21112,의학 연구원,21112,의학 연구원
KSCO,7,5,21113,약학 연구원,21113,약학 연구원
KSCO,7,5,21114,농학 연구원,21114,농학 연구원
KSCO,7,5,21115,임학 연구원,21115,임학 연구원
KSCO,7,5,21116,수산학 연구원,21116,수산학 연구원
KSCO,7,5,21117,식품학 연구원,21117,식품학 연구원
KSCO,7,5,21118,축산 및 수의학 연구원,21118,축산 및 수의학 연구원
KSCO,7,5,21119,그 외 생명과학 연구원,21119,그 외 생명과학 연구원
KSCO,7,5,21121,물리학 연구원,21121,물리학 연구원
KSCO,7,5,21122,화학 연구원,21122,화학 연구원
KSCO,7,5,21123,수학 및 통계학 연구원,21124,수학 및 통계학 연구원
KSCO,7,5,21124,지구 및 기상 과학 연구원,21123,천문 및 기상학 연구원
KSCO,7,5,21124,지구 및 기상 과학 연구원,21125,환경 및 해양과학 연구원
KSCO,7,5,21125,천문 및 우주 과학 연구원,21123,천문 및 기상학 연구원
KSCO,7,5,21129,그 외 자연과학 연구원,21129,그 외 자연과학 연구원
KSCO,7,5,21211,철학 연구원,21211,철학 연구원
KSCO,7,5,21212,역사학 연구원,21212,역사학 연구원
KSCO,7,5,21213,언어학 및 문학 연구원,21213,언어학 및 문학 연구원
KSCO,7,5,21214,인류학 연구원,21214,인류학 연구원
KSCO,7,5,21215,교육학 연구원,21215,교육학 연구원
KSCO,7,5,21216,심리학 연구원,21216,심리학 연구원
KSCO,7,5,21219,그 외 인문과학 연구원,21219,그 외 인문과학 연구원
KSCO,7,5,21221,정치학 연구원,21221,정치학 연구원
KSCO,7,5,21222,경제학 연구원,21222,경제학 연구원
KSCO,7,5,21223,경영학 연구원,21223,경영학 연구원
KSCO,7,5,21224,사회학 연구원,21224,사회학 연구원
KSCO,7,5,21225,사회복지학 연구원,21225,사회복지학 연구원
KSCO,7,5,21226,언론학 연구원,21226,언론학 연구원
KSCO,7,5,21229,그 외 사회과학 연구원,21229,그 외 사회과학 연구원
KSCO,7,5,21311,생물학 시험원,21311,생물학 시험원
KSCO,7,5,21311,생물학 시험원,21334,환경 및 해양과학 시험원
KSCO,7,5,21312,의료과학 시험원,21312,의료과학 시험원
KSCO,7,5,21319,그 외 생명과학 시험원,21319,그 외 생명과학 시험원
KSCO,7,5,21321,농업 시험원,21321,농업 시험원
KSCO,7,5,21322,임업 시험원,21322,임업 시험원
KSCO,7,5,21323,어업 시험원,21323,어업 시험원
KSCO,7,5,21331,물리학 시험원,21331,물리학 시험원
KSCO,7,5,21332,화학 시험원,21332,화학 시험원
KSCO,7,5,21333,지구 및 기상 과학 시험원,21333,천문 및 기상학 시험원
KSCO,7,5,21333,지구 및 기상 과학 시험원,21334,환경 및 해양과학 시험원
KSCO,7,5,21334,천문 및 우주 과학 시험원,21333,천문 및 기상학 시험원
KSCO,7,5,21339,그 외 자연과학 시험원,21339,그 외 자연과학 시험원
KSCO,7,5,22110,컴퓨터 하드웨어 기술자 및 연구원,22110,컴퓨터 하드웨어 기술자 및 연구원
KSCO,7,5,22121,통신기기 기술자 및 연구원,22121,통신기기 기술자 및 연구원
KSCO,7,5,22122,통신장비 기술자 및 연구원,22122,통신장비 기술자 및 연구원
KSCO,7,5,22123,통신기술 기술자 및 연구원,22123,통신기술 기술자 및 연구원
KSCO,7,5,22124,통신망 운영 기술자 및 연구원,22124,통신망운영 기술자 및 연구원
KSCO,7,5,22129,그 외 통신공학 기술자 및 연구원,22129,그 외 통신공학 기술자 및 연구원
KSCO,7,5,22211,정보 통신 컨설턴트,22211,정보통신 컨설턴트
KSCO,7,5,22212,컴퓨터 시스템 감리 전문가,22212,컴퓨터시스템 감리 전문가
KSCO,7,5,22213,컴퓨터 시스템 설계 및 분석가,22213,컴퓨터시스템 설계·분석가
KSCO,7,5,22221,시스템 소프트웨어 설계 및 분석가,22221,시스템 소프트웨어 설계·분석가
KSCO,7,5,22222,시스템 소프트웨어 프로그래머,22222,시스템 소프트웨어 프로그래머
KSCO,7,5,22231,범용 소프트웨어 프로그래머,22231,응용 소프트웨어 설계·분석가
KSCO,7,5,22232,산업 특화 소프트웨어 프로그래머,22231,응용 소프트웨어 설계·분석가
KSCO,7,5,22233,모바일 애플리케이션 프로그래머,22231,응용 소프트웨어 설계·분석가
KSCO,7,5,22234,게임 프로그래머,22232,게임 프로그래머
KSCO,7,5,22235,네트워크 프로그래머,22233,네트워크 프로그래머
KSCO,7,5,22239,그 외 응용 소프트웨어 프로그래머,22239,그 외 응용소프트웨어 프로그래머
KSCO,7,5,22241,웹 프로그래머,22282,웹엔지니어 및 웹프로그래머
KSCO,7,5,22242,웹 기획자,22271,웹기획자
KSCO,7,5,22242,웹 기획자,22272,멀티미디어 기획자
KSCO,7,5,22290,그 외 컴퓨터 시스템 및 소프트웨어 전문가,22239,그 외 응용소프트웨어 프로그래머
KSCO,7,5,22311,데이터 설계 및 프로그래머,22241,데이터베이스 설계·분석가
KSCO,7,5,22311,데이터 설계 및 프로그래머,22242,데이터베이스 프로그래머
KSCO,7,5,22312,데이터 분석가,22241,데이터베이스 설계·분석가
KSCO,7,5,22313,데이터 관리 및 운영자,22243,데이터베이스 관리자
KSCO,7,5,22320,네트워크 시스템 개발자,22250,네트워크시스템 개발자
KSCO,7,5,22330,정보 보안 전문가,22260,컴퓨터 보안 전문가
KSCO,7,5,22390,그 외 데이터 및 네트워크 관련 전문가,22260,컴퓨터 보안 전문가
KSCO,7,5,22410,정보 시스템 운영자,22300,정보 시스템 운영자
KSCO,7,5,22420,웹 운영자,22281,웹마스터
KSCO,7,5,22501,통신장비 기사,22401,통신장비 기사
KSCO,7,5,22502,방송 송출 장비 기사,22402,방송송출장비 기사
KSCO,7,5,23110,건축가,23111,건축가
KSCO,7,5,23121,건축구조 기술자,23113,건축구조설계 기술자
KSCO,7,5,23122,건축감리 기술자,23112,건축감리 기술자
KSCO,7,5,23123,건축시공 기술자,23114,건축시공 기술자
KSCO,7,5,23124,건축설비 기술자,23115,건축설비 기술자
KSCO,7,5,23125,건축안전 기술자,23116,건축안전환경 기술자
KSCO,7,5,23126,건축에너지 관리 및 평가 기술자,23119,그 외 건축관련 기술자
KSCO,7,5,23129,그 외 건축 관련 기술자,23119,그 외 건축관련 기술자
KSCO,7,5,23131,토목구조 설계 기술자,23121,토목구조설계 기술자
KSCO,7,5,23132,토목감리 기술자,23124,토목감리 기술자
KSCO,7,5,23133,토목시공 기술자,23122,토목시공 기술자
KSCO,7,5,23134,토목안전 기술자,23123,토목안전환경 기술자
KSCO,7,5,23139,그 외 토목 관련 기술자,23129,그 외 토목관련기술자
KSCO,7,5,23141,조경 계획 및 설계 기술자,23130,조경 기술자
KSCO,7,5,23142,조경감리 기술자,23130,조경 기술자
KSCO,7,5,23149,그 외 조경 관련 기술자,23130,조경 기술자
KSCO,7,5,23151,도시 계획 및 설계가,23141,도시계획 및 설계가
KSCO,7,5,23152,교통 계획 및 설계가,23142,교통계획 및 설계가
KSCO,7,5,23153,교통안전 연구원,23143,교통안전 연구원
KSCO,7,5,23154,교통영향 평가원,23144,교통영향 평가원
KSCO,7,5,23159,그 외 도시 및 교통 관련 전문가,23142,교통계획 및 설계가
KSCO,7,5,23161,측량 및 지리 정보 기술자,23151,측량 및 지리정보 기술자
KSCO,7,5,23162,사진측량 및 분석가,23152,사진측량 및 분석가
KSCO,7,5,23163,지도 제작 기술자,23153,지도제작 기술자
KSCO,7,5,23164,지리 정보 시스템 전문가,23154,지리정보시스템 전문가
KSCO,7,5,23170,건설자재 시험원,23160,건설자재 시험원
KSCO,7,5,23211,석유화학 기술자 및 연구원,23211,석유화학 기술자 및 연구원
KSCO,7,5,23212,고무·플라스틱 기술자 및 연구원,23212,고무 및 플라스틱 기술자 및 연구원
KSCO,7,5,23213,농약·비료 기술자 및 연구원,23213,농약 및 비료 기술자 및 연구원
KSCO,7,5,23214,도료제품 기술자 및 연구원,23214,도료제품 기술자 및 연구원
KSCO,7,5,23215,화장품·비누제품 기술자 및 연구원,23215,화장품 및 비누제품 기술자 및 연구원
KSCO,7,5,23219,그 외 화학공학 기술자 및 연구원,23219,그 외 화학공학 기술자 및 연구원
KSCO,7,5,23221,석유화학 시험원,23221,석유화학 시험원
KSCO,7,5,23222,고무 및 플라스틱 시험원,23222,고무 및 플라스틱 시험원
KSCO,7,5,23223,농약 및 비료 시험원,23223,농약 및 비료 시험원
KSCO,7,5,23224,도료제품 시험원,23224,도료제품 시험원
KSCO,7,5,23225,화장품 및 비누제품 시험원,23225,화장품 및 비누제품 시험원
KSCO,7,5,23229,그 외 화학공학 시험원,23229,그 외 화학공학 시험원
KSCO,7,5,23311,금속공학 기술자 및 연구원,23311,금속공학 기술자 및 연구원
KSCO,7,5,23312,요업·세라믹공학 기술자 및 연구원,23312,요업·세라믹 공학 기술자 및 연구원
KSCO,7,5,23313,시멘트공학 기술자 및 연구원,23313,시멘트공학 기술자 및 연구원
KSCO,7,5,23319,그 외 금속·재료 공학 기술자 및 연구원,23319,그 외 금속·재료공학 기술자 및 연구원
KSCO,7,5,23321,금속공학 시험원,23321,금속공학 시험원
KSCO,7,5,23322,요업 및 세라믹 공학 시험원,23322,요업·세라믹 공학 시험원
KSCO,7,5,23323,시멘트공학 시험원,23323,시멘트공학 시험원
KSCO,7,5,23329,그 외 금속 및 재료 공학 시험원,23329,그 외 금속·재료공학 시험원
KSCO,7,5,23411,전기제품 개발 기술자 및 연구원,23511,전기제품개발 기술자 및 연구원
KSCO,7,5,23412,발전설비 기술자 및 연구원,23512,발전설비 기술자 및 연구원
KSCO,7,5,23413,송배전설비 기술자 및 연구원,23513,송·배전설비 기술자 및 연구원
KSCO,7,5,23414,전기계측 제어 기술자 및 연구원,23514,전기계측제어 기술자 및 연구원
KSCO,7,5,23415,전기 감리 기술자 및 연구원,23515,전기감리 기술자 및 연구원
KSCO,7,5,23416,전기 안전 기술자 및 연구원,23516,전기안전 기술자 및 연구원
KSCO,7,5,23419,그 외 전기공학 기술자 및 연구원,23519,그 외 전기공학 기술자 및 연구원
KSCO,7,5,23421,전자제품 개발 기술자 및 연구원,23521,전자제품개발 기술자 및 연구원
KSCO,7,5,23422,반도체공학 기술자 및 연구원,23522,반도체공학 기술자 및 연구원
KSCO,7,5,23423,전자계측 제어 기술자 및 연구원,23523,전자계측제어 기술자 및 연구원
KSCO,7,5,23424,전자 의료기기 개발 기술자 및 연구원,23524,전자의료기기개발 기술자 및 연구원
KSCO,7,5,23429,그 외 전자공학 기술자 및 연구원,23529,그 외 전자공학 기술자 및 연구원
KSCO,7,5,23431,전기공학 시험원,23541,전기공학 시험원
KSCO,7,5,23432,전자공학 시험원,23542,전자공학 시험원
KSCO,7,5,23511,금형공학 기술자 및 연구원,23531,금형공학 기술자 및 연구원
KSCO,7,5,23512,플랜트공학 기술자 및 연구원,23532,플랜트공학 기술자 및 연구원
KSCO,7,5,23513,냉난방·공조공학 기술자 및 연구원,23533,냉·난방 및 공조 공학 기술자 및 연구원
KSCO,7,5,23514,건설기계공학 기술자 및 연구원,23534,건설기계공학 기술자 및 연구원
KSCO,7,5,23515,산업기계공학 기술자 및 연구원,23535,산업기계공학 기술자 및 연구원
KSCO,7,5,23516,자동차공학 기술자 및 연구원,23536,자동차공학 기술자 및 연구원
KSCO,7,5,23517,조선공학 기술자 및 연구원,23537,조선공학 기술자 및 연구원
KSCO,7,5,23518,항공기·철도 차량 공학 기술자 및 연구원,23538,비행기· 철도차량 공학 기술자 및 연구원
KSCO,7,5,23519,그 외 기계공학 기술자 및 연구원,23539,로봇 및 그 외 기계공학 기술자 및 연구원
KSCO,7,5,23520,로봇공학 기술자 및 연구원,23539,로봇 및 그 외 기계공학 기술자 및 연구원
KSCO,7,5,23531,기계공학 시험원,23543,기계공학 시험원
KSCO,7,5,23532,로봇공학 시험원,23543,기계공학 시험원
KSCO,7,5,23610,방재 기술자 및 연구원,23123,토목안전환경 기술자
KSCO,7,5,23610,방재 기술자 및 연구원,23619,그 외 산업안전 및 위험 관리원
KSCO,7,5,23610,방재 기술자 및 연구원,23116,건축안전환경 기술자
KSCO,7,5,23610,방재 기술자 및 연구원,23949,그 외 소방공학 기술자 및 연구원
KSCO,7,5,23621,소방설계 기술자 및 연구원,23941,소방설계 기술자 및 연구원
KSCO,7,5,23622,소방시설 공사 기술자 및 연구원,23942,소방시설 공사 기술자 및 연구원
KSCO,7,5,23623,소방 공사 감리 기술자 및 연구원,23943,소방공사 감리 기술자 및 연구원
KSCO,7,5,23629,그 외 소방공학 기술자 및 연구원,23949,그 외 소방공학 기술자 및 연구원
KSCO,7,5,23630,소방공학 시험원,23991,소방공학 시험원
KSCO,7,5,23641,산업 안전원,23611,산업 안전원
KSCO,7,5,23642,위험 관리원,23612,위험 관리원
KSCO,7,5,23649,그 외 산업 안전 및 위험 관리원,23619,그 외 산업안전 및 위험 관리원
KSCO,7,5,23651,보건 위생 검사원,23621,보건위생 검사원
KSCO,7,5,23652,환경 검사원,23622,환경 검사원
KSCO,7,5,23660,비파괴 검사원,23630,비파괴 검사원
KSCO,7,5,23711,대기 환경 기술자 및 연구원,21125,환경 및 해양과학 연구원
KSCO,7,5,23711,대기 환경 기술자 및 연구원,23411,대기환경 기술자 및 연구원
KSCO,7,5,23712,수질 환경 기술자 및 연구원,21125,환경 및 해양과학 연구원
KSCO,7,5,23712,수질 환경 기술자 및 연구원,23412,수질환경 기술자 및 연구원
KSCO,7,5,23713,토양 환경 기술자 및 연구원,21125,환경 및 해양과학 연구원
KSCO,7,5,23713,토양 환경 기술자 및 연구원,23413,토양환경 기술자 및 연구원
KSCO,7,5,23714,소음 진동 기술자 및 연구원,23414,소음진동 기술자 및 연구원
KSCO,7,5,23715,폐기물 처리 기술자 및 연구원,23415,폐기물처리 기술자 및 연구원
KSCO,7,5,23716,환경 영향 평가원,23416,환경영향 평가원
KSCO,7,5,23719,그 외 환경공학 기술자 및 연구원,23419,그 외 환경공학 기술자 및 연구원
KSCO,7,5,23720,가스·에너지 기술자 및 연구원,23930,가스·에너지 기술자 및 연구원
KSCO,7,5,23731,대기 환경 시험원,23421,대기환경 시험원
KSCO,7,5,23731,대기 환경 시험원,21334,환경 및 해양과학 시험원
KSCO,7,5,23732,수질 환경 시험원,23422,수질환경 시험원
KSCO,7,5,23732,수질 환경 시험원,21334,환경 및 해양과학 시험원
KSCO,7,5,23733,토양 환경 시험원,23423,토양환경 시험원
KSCO,7,5,23733,토양 환경 시험원,21334,환경 및 해양과학 시험원
KSCO,7,5,23734,소음 진동 시험원,23424,소음진동 시험원
KSCO,7,5,23735,폐기물 처리 시험원,23425,폐기물처리 시험원
KSCO,7,5,23736,환경 영향 시험원,23426,환경영향 시험원
KSCO,7,5,23739,그 외 환경공학 관련 시험원,23429,그 외 환경공학관련 시험원
KSCO,7,5,23740,가스 및 에너지 시험원,23953,가스 및 에너지 시험원
KSCO,7,5,23811,비행기 조종사,23711,비행기 조종사
KSCO,7,5,23812,헬리콥터 조종사,23712,헬리콥터 조종사
KSCO,7,5,23821,선장,23721,선장
KSCO,7,5,23822,항해사,23722,항해사
KSCO,7,5,23823,선박 기관사,23723,선박 기관사
KSCO,7,5,23824,도선사,23724,도선사
KSCO,7,5,23831,항공교통 관제사,23731,항공교통 관제사
KSCO,7,5,23832,선박교통 관제사,23732,선박교통 관제사
KSCO,7,5,23833,철도교통 관제사,23733,철도교통 관제사
KSCO,7,5,23910,식품공학 기술자 및 연구원,23910,식품공학 기술자 및 연구원
KSCO,7,5,23921,섬유 소재 개발 기술자 및 연구원,23921,섬유소재개발 기술자 및 연구원
KSCO,7,5,23922,섬유 공정 개발 기술자 및 연구원,23922,섬유공정개발 기술자 및 연구원
KSCO,7,5,23923,염색 개발 공학 기술자 및 연구원,23923,염색개발공학 기술자 및 연구원
KSCO,7,5,23930,식품공학 시험원,23951,식품공학 시험원
KSCO,7,5,23940,섬유공학 시험원,23952,섬유공학 시험원
KSCO,7,5,23951,건축 제도사,23961,건축 캐드원
KSCO,7,5,23952,토목 제도사,23962,토목 캐드원
KSCO,7,5,23953,기계 제도사,23963,기계 캐드원
KSCO,7,5,23954,전기 및 전자 장비 제도사,23964,전기·전자장비 캐드원
KSCO,7,5,23959,그 외 제도사,23969,그 외 캐드원
KSCO,7,5,23990,그 외 공학 관련 기술자 및 시험원,23999,그 외 공학관련 기술자 및 시험원
KSCO,7,5,24111,내과 전문 의사,24111,내과 전문 의사
KSCO,7,5,24112,외과 전문 의사,24112,외과 전문 의사
KSCO,7,5,24113,소아청소년과 전문 의사,24113,소아과 전문 의사
KSCO,7,5,24114,산부인과 전문 의사,24114,산부인과 전문 의사
KSCO,7,5,24115,정신건강의학과 및 신경과 전문 의사,24115,정신과 및 신경과 전문 의사
KSCO,7,5,24116,안과 및 이비인후과 전문 의사,24116,안과 및 이비인후과 전문 의사
KSCO,7,5,24117,피부과 및 비뇨기과 전문 의사,24117,피부과 및 비뇨기과 전문 의사
KSCO,7,5,24118,영상의학과 및 병리과 전문 의사,24118,방사선과 및 병리과 전문 의사
KSCO,7,5,24119,그 외 전문 의사,24119,그 외 전문 의사
KSCO,7,5,24120,일반 의사,24120,일반 의사
KSCO,7,5,24131,전문 한의사,24130,한의사
KSCO,7,5,24132,일반 한의사,24130,한의사
KSCO,7,5,24141,치과 전문 의사,24141,치과 전문 의사
KSCO,7,5,24142,치과 일반 의사,24142,치과 일반 의사
KSCO,7,5,24150,수의사,24150,수의사
KSCO,7,5,24201,약사,24201,약사
KSCO,7,5,24202,한약사,24202,한약사
KSCO,7,5,24301,전문 간호사,24301,전문 간호사
KSCO,7,5,24302,일반 간호사,24302,일반 간호사
KSCO,7,5,24303,보건교사,24303,보건 교사
KSCO,7,5,24304,조산사,24304,조산사
KSCO,7,5,24401,임상영양사,24401,영양사
KSCO,7,5,24402,일반영양사,24401,영양사
KSCO,7,5,24403,영양교사,24402,영양 교사
KSCO,7,5,24510,임상병리사,24510,임상병리사
KSCO,7,5,24520,방사선사,24520,방사선사
KSCO,7,5,24530,치과기공사,24530,치과기공사
KSCO,7,5,24540,치과위생사,24540,치과위생사
KSCO,7,5,24551,의지 보조기기사,24550,의지보조기기사
KSCO,7,5,24552,보조공학사,24799,그 외 사회복지관련 종사원
KSCO,7,5,24561,물리치료사,24561,물리치료사
KSCO,7,5,24562,작업치료사,24562,작업치료사
KSCO,7,5,24570,임상심리사,24591,정신보건 임상심리사
KSCO,7,5,24591,전통 의료치료사,24592,전통의료 치료사
KSCO,7,5,24592,언어재활사,24593,언어치료사
KSCO,7,5,24593,음악 및 미술치료사,24594,음악 및 미술 치료사
KSCO,7,5,24594,놀이 및 행동치료사,24599,그 외 치료사
KSCO,7,5,24599,그 외 치료·재활사 및 의료기사,24599,그 외 치료사
KSCO,7,5,24611,119 구조대원,24611,119구조 대원
KSCO,7,5,24612,구급 요원,24612,구급요원
KSCO,7,5,24620,위생사,24620,위생사
KSCO,7,5,24630,안경사,24630,안경사
KSCO,7,5,24640,의무 기록사,24640,의무기록사
KSCO,7,5,24650,간호조무사,24650,간호조무사
KSCO,7,5,24660,안마사,24660,안마사
KSCO,7,5,24710,사회복지사,24710,사회복지사
KSCO,7,5,24720,보육교사,24720,보육 교사
KSCO,7,5,24730,직업상담사,24732,직업상담사
KSCO,7,5,24740,상담 전문가,24741,상담 전문가
KSCO,7,5,24750,청소년 지도사,24742,청소년 지도사
KSCO,7,5,24760,시민 단체 활동가,24750,시민 단체 활동가
KSCO,7,5,24791,복지시설 생활 지도원,24791,복지시설 생활지도원
KSCO,7,5,24799,그 외 사회복지 관련 종사원,24799,그 외 사회복지관련 종사원
KSCO,7,5,24811,목사,24811,목사
KSCO,7,5,24812,신부,24812,신부
KSCO,7,5,24813,승려,24813,승려
KSCO,7,5,24814,교무,24814,교무
KSCO,7,5,24819,그 외 성직자,24819,그 외 성직자
KSCO,7,5,24891,수녀 및 수사,24891,수녀 및 수사
KSCO,7,5,24892,전도사,24892,전도사
KSCO,7,5,24899,그 외 종교 관련 종사원,24819,그 외 성직자
KSCO,7,5,24899,그 외 종교 관련 종사원,24899,그 외 종교관련 종사자
KSCO,7,5,25111,교육 분야 교수,25116,교육계열 교수
KSCO,7,5,25112,예술 및 인문학 교수,25111,인문계열 교수
KSCO,7,5,25112,예술 및 인문학 교수,25117,예·체능계열 교수
KSCO,7,5,25113,사회과학·경영 및 법학 교수,25112,사회계열 교수
KSCO,7,5,25114,자연과학·수학 및 통계학 교수,25113,자연계열 교수
KSCO,7,5,25115,정보 통신기술 분야 교수,25114,공학계열 교수
KSCO,7,5,25116,공학·제조 및 건설 분야 교수,25114,공학계열 교수
KSCO,7,5,25117,농림·수산업 및 수의학 교수,25113,자연계열 교수
KSCO,7,5,25118,보건 및 복지 교수,25112,사회계열 교수
KSCO,7,5,25118,보건 및 복지 교수,25115,의약계열 교수
KSCO,7,5,25119,체육 및 그 외 분야 교수,25117,예·체능계열 교수
KSCO,7,5,25119,체육 및 그 외 분야 교수,25112,사회계열 교수
KSCO,7,5,25119,체육 및 그 외 분야 교수,25113,자연계열 교수
KSCO,7,5,25121,교육 분야 시간강사,25126,교육계열 시간강사
KSCO,7,5,25122,예술 및 인문학 시간강사,25121,인문계열 시간강사
KSCO,7,5,25122,예술 및 인문학 시간강사,25127,예·체능계열 시간강사
KSCO,7,5,25123,사회과학·경영 및 법학 시간강사,25122,사회계열 시간강사
KSCO,7,5,25124,자연과학·수학 및 통계학 시간강사,25123,자연계열 시간강사
KSCO,7,5,25125,정보 통신기술 분야 시간강사,25124,공학계열 시간강사
KSCO,7,5,25126,공학·제조 및 건설 분야 시간강사,25124,공학계열 시간강사
KSCO,7,5,25127,농림·수산업 및 수의학 시간강사,25123,자연계열 시간강사
KSCO,7,5,25128,보건 및 복지 시간강사,25125,의약계열 시간강사
KSCO,7,5,25128,보건 및 복지 시간강사,25122,사회계열 시간강사
KSCO,7,5,25129,체육 및 그 외 분야 시간강사,25123,자연계열 시간강사
KSCO,7,5,25129,체육 및 그 외 분야 시간강사,25127,예·체능계열 시간강사
KSCO,7,5,25129,체육 및 그 외 분야 시간강사,25122,사회계열 시간강사
KSCO,7,5,25211,국어 교사,25211,국어 교사
KSCO,7,5,25212,수학 교사,25212,수학 교사
KSCO,7,5,25213,사회 교사,25213,사회 교사
KSCO,7,5,25213,사회 교사,25219,그 외 중·고등학교 교사
KSCO,7,5,25214,과학 교사,25214,과학 교사
KSCO,7,5,25215,예체능 교사,25215,예·체능 교사
KSCO,7,5,25216,실업 교사,25216,실업 교사
KSCO,7,5,25217,외국어 교사,25217,외국어 교사
KSCO,7,5,25219,그 외 중·고등학교 교사,25219,그 외 중·고등학교 교사
KSCO,7,5,25219,그 외 중·고등학교 교사,25211,국어 교사
KSCO,7,5,25220,초등학교 교사,25220,초등학교 교사
KSCO,7,5,25231,시각장애인 특수교육 교사,25231,시각장애 교사
KSCO,7,5,25232,청각장애인 특수교육 교사,25232,청각장애 교사
KSCO,7,5,25239,그 외 특수교육 교사,25239,그 외 특수교육 교사
KSCO,7,5,25300,유치원 교사,25300,유치원 교사
KSCO,7,5,25411,국어 강사,25411,국어 강사
KSCO,7,5,25412,수학 강사,25412,수학 강사
KSCO,7,5,25413,사회 강사,25413,사회 강사
KSCO,7,5,25414,과학 강사,25414,과학 강사
KSCO,7,5,25415,외국어 강사,25415,외국어 강사
KSCO,7,5,25419,그 외 문리 및 어학 강사,25419,그 외 문리 및 어학 강사
KSCO,7,5,25420,컴퓨터 강사,25420,컴퓨터 강사
KSCO,7,5,25431,디자인 강사,25431,디자인 강사
KSCO,7,5,25432,이·미용 강사,25432,이미용 강사
KSCO,7,5,25433,자동차 운전 강사,25433,자동차운전 강사
KSCO,7,5,25434,요리 강사,25434,요리 강사
KSCO,7,5,25439,그 외 기술 및 기능계 강사,25439,그 외 기술 및 기능계 강사
KSCO,7,5,25441,음악 강사,25441,음악 강사
KSCO,7,5,25442,미술 강사,25442,미술 강사
KSCO,7,5,25443,무용 강사,25443,무용 강사
KSCO,7,5,25449,그 외 예능 강사,25449,그 외 예능 강사
KSCO,7,5,25451,학습지 방문강사,25451,학습지 교사
KSCO,7,5,25452,교육 교구 방문강사,25459,그 외 방문교사
KSCO,7,5,25491,교육 연수 기관 강사,25491,교육연수기관 강사
KSCO,7,5,25492,기업체 직무 훈련 강사,25492,기업체 직무훈련 강사
KSCO,7,5,25499,그 외 문리·기술 및 예능 강사,25499,그 외 문리·기술 및 예능 강사
KSCO,7,5,25911,장학관 및 장학사,25911,장학관 및 장학사
KSCO,7,5,25912,교육 연구관 및 교육 연구사,25912,교육 연구관 및 교육 연구사
KSCO,7,5,25913,입학 사정관,25919,그 외 교육 전문가
KSCO,7,5,25919,그 외 교육 전문가,25919,그 외 교육 전문가
KSCO,7,5,25920,대학 교육 조교,25920,대학 교육조교
KSCO,7,5,25990,그 외 교사,25999,그 외 교사
KSCO,7,5,26111,판사,26111,판사
KSCO,7,5,26112,검사,26112,검사
KSCO,7,5,26120,변호사,26120,변호사
KSCO,7,5,26131,법무사,26131,법무사
KSCO,7,5,26132,집행관,26132,집행관
KSCO,7,5,26140,변리사,26140,변리사
KSCO,7,5,26190,그 외 법률 전문가,27159,그 외 경영 및 진단 전문가
KSCO,7,5,26190,그 외 법률 전문가,26120,변호사
KSCO,7,5,26201,정부행정 전문가,26201,정부정책 행정 전문가
KSCO,7,5,26202,공공행정 전문가,26202,공공행정 전문가
KSCO,7,5,27111,노무사,27111,노무사
KSCO,7,5,27112,인사 컨설턴트,27112,인사 컨설턴트
KSCO,7,5,27113,헤드헌터,24731,헤드헌터
KSCO,7,5,27119,그 외 인사 및 노사 관련 전문가,27119,그 외 인사 및 노사 관련 전문가
KSCO,7,5,27120,회계사,27120,회계사
KSCO,7,5,27130,세무사,27130,세무사
KSCO,7,5,27140,관세사,27140,관세사
KSCO,7,5,27151,경영 컨설턴트,27151,경영 컨설턴트
KSCO,7,5,27152,기업 인수 및 합병 전문가,27152,기업 인수·합병 전문가
KSCO,7,5,27153,품질 인증 심사 전문가,27153,품질인증 심사 전문가
KSCO,7,5,27159,그 외 경영 및 진단 전문가,27159,그 외 경영 및 진단 전문가
KSCO,7,5,27211,투자 및 증권 분석가,27211,투자 및 증권 분석가
KSCO,7,5,27212,신용 분석가,27212,신용 분석가
KSCO,7,5,27221,금융자산 운용가,27221,금융 자산 운용가
KSCO,7,5,27229,그 외 자산 운용가,27229,그 외 자산 운용가
KSCO,7,5,27231,보험 상품 개발자,27231,보험상품 개발자
KSCO,7,5,27232,금융 상품 개발자,27232,금융상품 개발자
KSCO,7,5,27241,증권 중개인,27241,증권 중개인
KSCO,7,5,27242,선물거래 중개인,27242,선물거래 중개인
KSCO,7,5,27243,외환 딜러,27243,외환 딜러
KSCO,7,5,27250,손해 사정사,27250,손해사정인
KSCO,7,5,27291,투자 인수 심사원,27291,투자인수 심사원
KSCO,7,5,27292,보험 인수 심사원,27292,보험인수 심사원
KSCO,7,5,27293,투자신탁 전문가,27293,투자신탁 관리인
KSCO,7,5,27299,그 외 금융 및 보험 관련 전문가,27299,그 외 금융 및 보험 관련 전문가
KSCO,7,5,27311,상품 기획자,27311,상품 기획자
KSCO,7,5,27312,마케팅 전문가,27312,마케팅 전문가
KSCO,7,5,27320,여행 상품 개발자,27320,여행상품 개발자
KSCO,7,5,27331,광고 전문가,28113,광고문 작성가
KSCO,7,5,27331,광고 전문가,27331,광고 전문가
KSCO,7,5,27332,홍보 전문가,27332,홍보 전문가
KSCO,7,5,27340,조사 전문가,27340,조사 전문가
KSCO,7,5,27351,이벤트 전문가,27351,이벤트 전문가
KSCO,7,5,27352,행사 전시 기획자,27352,행사 전시 기획자
KSCO,7,5,27353,국내 및 국제회의 기획자,27353,국내 및 국제 회의 기획자
KSCO,7,5,27411,부동산 감정 전문가,27411,감정평가사
KSCO,7,5,27412,동산 감정 전문가,27411,감정평가사
KSCO,7,5,27412,동산 감정 전문가,27412,감정사
KSCO,7,5,27420,해외 영업원,27420,해외 영업원
KSCO,7,5,27431,자동차 부품 기술 영업원,27431,자동차 부품 기술 영업원
KSCO,7,5,27432,전자 및 통신장비 기술 영업원,27432,전자·통신장비 기술 영업원
KSCO,7,5,27433,의료장비 기술 영업원,27433,의료장비 기술 영업원
KSCO,7,5,27434,농업용 기계장비 기술 영업원,27434,농업용 기계장비 기술 영업원
KSCO,7,5,27435,산업용 기계장비 기술 영업원,27435,산업용 기계장비 기술 영업원
KSCO,7,5,27436,의약품 영업원,27436,의약품 영업원
KSCO,7,5,27439,그 외 기술 영업원,27439,그 외 기술 영업원
KSCO,7,5,27441,농수산물 중개인 및 경매사,27441,농수산물 중개인 및 경매사
KSCO,7,5,27442,예술품 중개인 및 경매사,27442,예술품 중개인 및 경매사
KSCO,7,5,27449,그 외 상품 중개인 및 경매사,27449,그 외 상품중개인 및 경매사
KSCO,7,5,27451,부동산 컨설턴트,27451,부동산 컨설턴트
KSCO,7,5,27452,부동산 중개사,27452,부동산 중개인
KSCO,7,5,27490,그 외 기술 영업 및 중개 관련 종사원,27490,그 외 기술영업 및 중개 관련 종사자
KSCO,7,5,28111,방송 및 시나리오 작가,28111,방송작가
KSCO,7,5,28112,문학작가,28112,작가 및 평론가
KSCO,7,5,28119,그 외 작가,28119,그 외 작가 및 관련 전문가
KSCO,7,5,28121,출판물 기획자,28151,출판물 기획자
KSCO,7,5,28122,출판물 편집자,28152,출판물 편집자
KSCO,7,5,28131,기자,28141,기자
KSCO,7,5,28132,평론가,28112,작가 및 평론가
KSCO,7,5,28139,그 외 언론 관련 전문가,28142,논설위원
KSCO,7,5,28139,그 외 언론 관련 전문가,28143,칼럼니스트
KSCO,7,5,28141,번역가,28120,번역가
KSCO,7,5,28142,통역가,28130,통역가
KSCO,7,5,28211,학예사,28211,큐레이터
KSCO,7,5,28212,문화재 보존원,28212,문화재 보존원
KSCO,7,5,28221,사서,28221,사서
KSCO,7,5,28222,기록물 관리사,28222,기록물관리사
KSCO,7,5,28311,감독 및 연출가,28311,감독 및 연출가
KSCO,7,5,28312,기술 감독,28312,기술감독
KSCO,7,5,28319,그 외 감독 및 연출가,28319,그 외 감독 및 연출가
KSCO,7,5,28321,배우,28321,배우
KSCO,7,5,28322,개그맨 및 코미디언,28322,개그맨 및 코미디언
KSCO,7,5,28323,성우,28324,성우
KSCO,7,5,28324,모델,28323,모델
KSCO,7,5,28329,그 외 배우 및 모델,28329,그 외 배우 및 모델
KSCO,7,5,28331,아나운서,28331,아나운서
KSCO,7,5,28332,리포터,28332,리포터
KSCO,7,5,28333,쇼핑호스트,28333,쇼핑호스트
KSCO,7,5,28339,그 외 아나운서 및 리포터,28335,디스크자키
KSCO,7,5,28339,그 외 아나운서 및 리포터,28339,그 외 아나운서 및 리포터
KSCO,7,5,28339,그 외 아나운서 및 리포터,28334,비디오자키
KSCO,7,5,28340,촬영기사,28340,촬영기사
KSCO,7,5,28350,음향 및 녹음 기사,28350,음향 및 녹음 기사
KSCO,7,5,28360,영상·녹화 및 편집 기사,28360,영상·녹화 및 편집 기사
KSCO,7,5,28371,조명기사,28371,조명기사
KSCO,7,5,28372,영사기사,28372,영사기사
KSCO,7,5,28391,미디어 콘텐츠 창작자,28399,그 외 연극·영화 및 영상 관련 종사자
KSCO,7,5,28392,스크립터,28114,스크립터
KSCO,7,5,28393,무대의상 관리원,28391,무대의상 관리원
KSCO,7,5,28394,소품 관리원,28392,소품 관리원
KSCO,7,5,28395,방송 및 영화연출 보조원,28393,방송·영화연출 보조원
KSCO,7,5,28396,보조 연기자,28394,보조 연기자
KSCO,7,5,28399,그 외 연극·영화 및 영상 관련 종사원,28399,그 외 연극·영화 및 영상 관련 종사자
KSCO,7,5,28411,화가,28411,화가
KSCO,7,5,28412,조각가,28412,조각가
KSCO,7,5,28413,서예가,28413,서예가
KSCO,7,5,28421,사진작가,28421,사진작가
KSCO,7,5,28422,사진기자,28422,사진기자
KSCO,7,5,28423,사진가,28423,사진가
KSCO,7,5,28431,만화가,28431,만화가
KSCO,7,5,28432,만화영화 작가,28432,만화영화 작가
KSCO,7,5,28441,국악인,28441,국악인
KSCO,7,5,28442,국악 연주가,28442,국악 연주가
KSCO,7,5,28443,국악 작곡 및 편곡가,28443,국악작곡 및 편곡가
KSCO,7,5,28444,전통 예능인,28444,전통 예능인
KSCO,7,5,28451,지휘자,28451,지휘자
KSCO,7,5,28452,작곡가 및 편곡가,28452,작곡가 및 편곡가
KSCO,7,5,28453,연주가,28453,연주가
KSCO,7,5,28461,가수,28461,가수
KSCO,7,5,28462,성악가,28462,성악가
KSCO,7,5,28471,무용가,28471,무용가
KSCO,7,5,28472,안무가,28472,안무가
KSCO,7,5,28490,그 외 시각 및 공연 예술가,28991,마술사
KSCO,7,5,28490,그 외 시각 및 공연 예술가,28999,그 외 문화·예술 관련 종사원
KSCO,7,5,28511,자동차 디자이너,28511,자동차 디자이너
KSCO,7,5,28512,가구 디자이너,28512,가구 디자이너
KSCO,7,5,28519,그 외 제품 디자이너,28519,그 외 제품 디자이너
KSCO,7,5,28521,직물 디자이너,28521,직물 디자이너
KSCO,7,5,28522,의상 디자이너,28522,의상 디자이너
KSCO,7,5,28523,액세서리 디자이너,28523,액세서리 디자이너
KSCO,7,5,28524,가방 및 신발 디자이너,28524,가방 및 신발 디자이너
KSCO,7,5,28531,인테리어 디자이너,28531,인테리어 디자이너
KSCO,7,5,28532,디스플레이 디자이너,28532,디스플레이어
KSCO,7,5,28533,무대 및 세트 디자이너,28533,무대 및 세트 디자이너
KSCO,7,5,28541,광고 디자이너,28541,광고 디자이너
KSCO,7,5,28542,포장 디자이너,28542,포장 디자이너
KSCO,7,5,28543,책 디자이너,28543,북 디자이너
KSCO,7,5,28544,삽화가,28544,삽화가
KSCO,7,5,28545,색채 전문가,28545,색채 전문가
KSCO,7,5,28546,활자 디자이너,28546,활자 디자이너
KSCO,7,5,28549,그 외 시각 디자이너,28549,그 외 시각 디자이너
KSCO,7,5,28551,웹 디자이너,28551,웹 디자이너
KSCO,7,5,28552,멀티미디어 디자이너,28552,멀티미디어 디자이너
KSCO,7,5,28553,게임 그래픽 디자이너,28553,게임그래픽 디자이너
KSCO,7,5,28554,사용자 경험 및 인터페이스 디자이너,28551,웹 디자이너
KSCO,7,5,28554,사용자 경험 및 인터페이스 디자이너,28552,멀티미디어 디자이너
KSCO,7,5,28554,사용자 경험 및 인터페이스 디자이너,28553,게임그래픽 디자이너
KSCO,7,5,28559,그 외 미디어 콘텐츠 디자이너,28553,게임그래픽 디자이너
KSCO,7,5,28559,그 외 미디어 콘텐츠 디자이너,28551,웹 디자이너
KSCO,7,5,28559,그 외 미디어 콘텐츠 디자이너,28552,멀티미디어 디자이너
KSCO,7,5,28611,스포츠 감독,28611,경기감독
KSCO,7,5,28612,스포츠 코치,28612,코치
KSCO,7,5,28620,직업 운동선수,28620,직업 운동선수
KSCO,7,5,28620,직업 운동선수,28691,바둑기사
KSCO,7,5,28620,직업 운동선수,28692,프로게이머
KSCO,7,5,28631,경기 심판,28631,경기심판
KSCO,7,5,28632,경기 기록원,28632,경기기록원
KSCO,7,5,28691,스포츠 강사 및 트레이너,28641,스포츠 강사 및 트레이너
KSCO,7,5,28692,레크리에이션 전문가,28642,레크레이션 기획가 및 강사
KSCO,7,5,28699,그 외 스포츠 및 레크리에이션 관련 전문가,28649,그 외 스포츠 및 레크레이션 강사
KSCO,7,5,28699,그 외 스포츠 및 레크리에이션 관련 전문가,28999,그 외 문화·예술 관련 종사원
KSCO,7,5,28699,그 외 스포츠 및 레크리에이션 관련 전문가,28699,그 외 스포츠 및 레크레이션 관련 전문가
KSCO,7,5,28701,주방장,44199,그 외 주방장 및 조리사
KSCO,7,5,28701,주방장,44111,한식 주방장
KSCO,7,5,28701,주방장,44121,중식 주방장
KSCO,7,5,28701,주방장,44131,양식 주방장
KSCO,7,5,28701,주방장,44141,일식 주방장
KSCO,7,5,28702,요리 연구가,44121,중식 주방장
KSCO,7,5,28702,요리 연구가,44199,그 외 주방장 및 조리사
KSCO,7,5,28702,요리 연구가,44141,일식 주방장
KSCO,7,5,28702,요리 연구가,44131,양식 주방장
KSCO,7,5,28702,요리 연구가,44111,한식 주방장
KSCO,7,5,28709,그 외 식문화 관련 전문가,44141,일식 주방장
KSCO,7,5,28709,그 외 식문화 관련 전문가,44131,양식 주방장
KSCO,7,5,28709,그 외 식문화 관련 전문가,44121,중식 주방장
KSCO,7,5,28709,그 외 식문화 관련 전문가,44199,그 외 주방장 및 조리사
KSCO,7,5,28709,그 외 식문화 관련 전문가,44111,한식 주방장
KSCO,7,5,28709,그 외 식문화 관련 전문가,44290,그 외 음식서비스 종사원
KSCO,7,5,28810,공연·영화 및 음반 기획자,27351,이벤트 전문가
KSCO,7,5,28810,공연·영화 및 음반 기획자,27352,행사 전시 기획자
KSCO,7,5,28821,연예인 매니저,28911,연예인 매니저
KSCO,7,5,28822,스포츠 매니저,28912,스포츠 매니저
KSCO,7,5,31110,조세행정 사무원,31110,조세행정 사무원
KSCO,7,5,31120,관세행정 사무원,31120,관세행정 사무원
KSCO,7,5,31130,병무행정 사무원,31130,병무행정 사무원
KSCO,7,5,31141,국가행정 사무원,31141,국가행정 사무원
KSCO,7,5,31142,지방행정 사무원,31142,지방행정 사무원
KSCO,7,5,31150,공공행정 사무원,31143,공공행정 사무원
KSCO,7,5,31211,경영 기획 사무원,31211,경영기획 사무원
KSCO,7,5,31212,영업 관리 사무원,31212,영업관리 사무원
KSCO,7,5,31213,광고 및 홍보 사무원,31213,광고 및 홍보 사무원
KSCO,7,5,31214,분양 및 임대 사무원,31214,분양 및 임대 사무원
KSCO,7,5,31215,판매 사무원,31215,판매 사무원
KSCO,7,5,31219,그 외 기획 및 마케팅 사무원,31219,그 외 기획 및 마케팅 사무원
KSCO,7,5,31221,인사 및 노무 사무원,31221,인사 및 노무 사무원
KSCO,7,5,31222,교육 및 훈련 사무원,31222,교육 및 훈련 사무원
KSCO,7,5,31230,자재 관리 사무원,31230,자재관리 사무원
KSCO,7,5,31241,생산관리 사무원,31241,생산관리 사무원
KSCO,7,5,31242,품질 관리 사무원,31242,품질관리 사무원
KSCO,7,5,31250,무역 사무원,31250,무역 사무원
KSCO,7,5,31261,도로운송 사무원,31261,도로운송 사무원
KSCO,7,5,31262,철도운송 사무원,31262,철도운송 사무원
KSCO,7,5,31263,수상운송 사무원,31263,수상운송 사무원
KSCO,7,5,31264,항공운송 사무원,31264,항공운송 사무원
KSCO,7,5,31271,총무 사무원,31270,총무 사무원
KSCO,7,5,31272,대학 행정조교,31270,총무 사무원
KSCO,7,5,31310,회계 사무원,31310,회계 사무원
KSCO,7,5,31320,경리 사무원,31320,경리 사무원
KSCO,7,5,31411,관리 비서,31411,관리 비서
KSCO,7,5,31412,일반 비서,31412,일반 비서
KSCO,7,5,31421,약국 전산 관리원,31421,약국 전산 관리원
KSCO,7,5,31422,전산 자료 입력원,31422,전산 자료 입력원
KSCO,7,5,31423,사무 보조원,31423,사무 보조원
KSCO,7,5,32010,출납 창구 사무원,32010,출납창구 사무원
KSCO,7,5,32021,보험 심사원,32021,보험 심사원
KSCO,7,5,32022,보험 사무원,32022,보험 사무원
KSCO,7,5,32030,은행 사무원,32031,은행 사무원
KSCO,7,5,32040,증권 사무원,32032,금융 사무원
KSCO,7,5,32051,수금원,99220,수금원
KSCO,7,5,32052,신용 추심원,32040,신용 추심원
KSCO,7,5,32090,그 외 금융 사무원,32032,금융 사무원
KSCO,7,5,33011,법무 사무원,33011,법무 사무원
KSCO,7,5,33012,특허 사무원,33012,특허 사무원
KSCO,7,5,33019,그 외 법률 관련 사무원,33019,그 외 법률관련 사무원
KSCO,7,5,33020,감사 사무원,33020,감사 사무원
KSCO,7,5,39101,통계 사무원,39101,통계 사무원
KSCO,7,5,39102,통계 및 설문 조사 사무원,39102,통계 및 설문 조사 사무원
KSCO,7,5,39109,그 외 통계 관련 사무원,39109,그 외 통계관련 사무원
KSCO,7,5,39210,여행 사무원,39210,여행 사무원
KSCO,7,5,39221,예약 및 접수 사무원,39221,예약 및 접수 사무원
KSCO,7,5,39222,데스크 안내원,39222,데스크 안내원
KSCO,7,5,39223,방송 안내원,39225,방송 안내원
KSCO,7,5,39224,전화교환 및 전화번호 안내원,39226,전화교환 및 전화번호 안내원
KSCO,7,5,39229,그 외 안내·접수원 및 전화교환원,39229,그 외 안내 · 접수 사무원 및 전화교환원
KSCO,7,5,39911,의료 서비스 상담 종사원,39912,방문고객 상담원
KSCO,7,5,39912,전화 상담원,39911,전화 상담원
KSCO,7,5,39913,방문 고객 상담원,39912,방문고객 상담원
KSCO,7,5,39914,모니터 요원,39913,모니터 요원
KSCO,7,5,39915,중개 사무원,31423,사무 보조원
KSCO,7,5,39919,그 외 고객 상담 사무원,39912,방문고객 상담원
KSCO,7,5,39991,출판 및 자료편집 사무원,39991,출판 및 자료편집 사무원
KSCO,7,5,39992,속기사,39992,속기사
KSCO,7,5,39993,행정사,39999,그 외 사무원
KSCO,7,5,39994,취업 알선원,24733,취업알선원
KSCO,7,5,39999,그 외 사무원,39999,그 외 사무원
KSCO,7,5,41111,해양 경찰관 및 수사관,41111,해양 경찰관
KSCO,7,5,41112,일반 경찰관 및 수사관,41112,일반 경찰관
KSCO,7,5,41120,소방관,41120,소방관
KSCO,7,5,41131,소년원 학교 교사,41131,소년보호관
KSCO,7,5,41132,교도관,41132,교도관
KSCO,7,5,41210,경호원,41210,경호원
KSCO,7,5,41220,청원경찰,41220,청원 경찰
KSCO,7,5,41231,시설 경비원,41299,그 외 경호 및 보안 관련 종사원
KSCO,7,5,41232,호송 경비원,41210,경호원
KSCO,7,5,41233,기계 경비원,41230,무인 경비원
KSCO,7,5,41234,특수 경비원,41299,그 외 경호 및 보안 관련 종사원
KSCO,7,5,41239,그 외 시설 및 특수 경비원,41299,그 외 경호 및 보안 관련 종사원
KSCO,7,5,41239,그 외 시설 및 특수 경비원,94219,그 외 경비원
KSCO,7,5,41291,보안 관제원,41291,보안 관제원
KSCO,7,5,41292,유통 및 매장 감시원,41292,유통 및 매장 감시원
KSCO,7,5,41293,주차 단속원,41293,주차 단속원
KSCO,7,5,41299,그 외 경호 및 보안 관련 종사원,41299,그 외 경호 및 보안 관련 종사원
KSCO,7,5,42111,요양 보호사,42110,간병인
KSCO,7,5,42112,간병인,42110,간병인
KSCO,7,5,42113,노인 및 장애인 돌봄 서비스 종사원,42194,복지시설 보조원
KSCO,7,5,42121,보육 관련 시설 서비스 종사원,42194,복지시설 보조원
KSCO,7,5,42121,보육 관련 시설 서비스 종사원,95120,육아 도우미
KSCO,7,5,42122,교사 교육 보조원,25991,보조 교사
KSCO,7,5,42191,산후조리 종사원,42191,산후조리 종사원
KSCO,7,5,42192,치료사 보조원,42192,치료사 보조원
KSCO,7,5,42199,그 외 돌봄 및 보건 서비스 종사원,42199,그 외 의료·복지 관련 서비스 종사원
KSCO,7,5,42210,이용사,42210,이용사
KSCO,7,5,42220,미용사,42220,미용사
KSCO,7,5,42231,피부 관리사,42231,피부관리사
KSCO,7,5,42231,피부 관리사,42233,발관리사
KSCO,7,5,42232,체형 관리사,42232,체형관리사
KSCO,7,5,42233,손톱 관리사,42234,손톱관리사
KSCO,7,5,42234,목욕 관리사,42235,목욕관리사
KSCO,7,5,42239,그 외 피부 및 체형 관리 종사원,42239,그 외 피부미용 및 체형 관련 종사원
KSCO,7,5,42241,메이크업 아티스트,42241,메이크업 아티스트
KSCO,7,5,42242,특수 분장사,42242,특수 분장사
KSCO,7,5,42243,분장사,42243,분장사
KSCO,7,5,42291,패션 코디네이터,42291,패션코디네이터
KSCO,7,5,42292,이미지컨설턴트,42292,이미지컨설턴트
KSCO,7,5,42299,그 외 미용 관련 서비스 종사원,42299,그 외 미용관련 서비스 종사원
KSCO,7,5,42311,결혼상담원,42311,결혼 상담원
KSCO,7,5,42312,웨딩플래너,42312,웨딩 플래너
KSCO,7,5,42320,혼례 종사원,42320,혼례 종사원
KSCO,7,5,42331,장례 상담원,42331,장례 상담원
KSCO,7,5,42332,장례 지도사,42332,장례 지도사
KSCO,7,5,42911,반려동물 미용사,42250,애완동물 미용사
KSCO,7,5,42912,반려동물 훈련사,28999,그 외 문화·예술 관련 종사원
KSCO,7,5,42913,수의사 보조원,42193,수의사 보조원
KSCO,7,5,42921,점술가,42901,점술가
KSCO,7,5,42922,민속신앙 관련 종사원,42902,민속신앙 종사원
KSCO,7,5,42930,개인 생활 서비스 종사원,42909,그 외 이미용·예식 및 의료보조 서비스종사원
KSCO,7,5,43110,항공기 객실 승무원,43110,항공기 객실승무원
KSCO,7,5,43121,선박 객실 승무원,43121,선박 객실승무원
KSCO,7,5,43122,열차 객실 승무원,43122,열차 객실승무원
KSCO,7,5,43211,국내여행 안내원,43211,국내여행 안내원
KSCO,7,5,43212,국외여행 안내원,43212,국외여행 안내원
KSCO,7,5,43213,관광 통역 안내원,43213,관광 통역 안내원
KSCO,7,5,43214,미술관·박물관 해설 및 안내원,39223,화랑 및 박물관 안내원
KSCO,7,5,43215,전시 및 시설 견학 안내원,39224,시설 및 견학 안내원
KSCO,7,5,43216,문화 관광 및 숲·자연환경 해설사,43211,국내여행 안내원
KSCO,7,5,43221,호텔 서비스원,43221,호텔 서비스원
KSCO,7,5,43229,그 외 숙박시설 서비스원,43229,그 외 숙박시설 서비스원
KSCO,7,5,43231,유원시설 및 테마파크 서비스원,43231,유원시설 및 테마파크 종사원
KSCO,7,5,43232,노래방 서비스원,43232,노래방 종사원
KSCO,7,5,43239,그 외 오락시설 서비스원,43239,그 외 오락시설 종사원
KSCO,7,5,43291,카지노 딜러,43291,카지노 딜러
KSCO,7,5,43292,골프장 캐디,43292,골프장 캐디
KSCO,7,5,43293,응원단원,43293,응원단원
KSCO,7,5,43299,그 외 여가 서비스원,43299,그 외 여가 및 스포츠 관련 종사원
KSCO,7,5,44110,한식 조리사,44112,한식 조리사
KSCO,7,5,44120,중식 조리사,44122,중식 조리사
KSCO,7,5,44130,양식 조리사,44132,양식 조리사
KSCO,7,5,44140,일식 조리사,44142,일식 조리사
KSCO,7,5,44151,커피 조리사,44192,커피 조리사
KSCO,7,5,44152,전통차 조리사,44193,전통차 조리사
KSCO,7,5,44159,그 외 음료 조리사,44199,그 외 주방장 및 조리사
KSCO,7,5,44191,분식 조리사,44191,분식 조리사
KSCO,7,5,44199,그 외 조리사,44199,그 외 주방장 및 조리사
KSCO,7,5,44210,바텐더,44210,바텐더
KSCO,7,5,44221,음식 서비스 종사원,44221,음식서비스 종사원
KSCO,7,5,44222,음료 서비스 종사원,44222,음료서비스 종사원
KSCO,7,5,44223,주류 서비스 종사원,44223,주류서비스 종사원
KSCO,7,5,44290,그 외 음식 서비스 종사원,44290,그 외 음식서비스 종사원
KSCO,7,5,51011,신차 영업원,51010,자동차 영업원
KSCO,7,5,51012,중고차 영업원,51010,자동차 영업원
KSCO,7,5,51021,건축자재 영업원,51021,건축자재 영업원
KSCO,7,5,51022,인쇄 및 광고 영업원,51022,인쇄 및 광고 영업원
KSCO,7,5,51023,식품 영업원,51023,식품 영업원
KSCO,7,5,51024,체인점 모집 및 관리 영업원,51024,체인점 모집 및 관리 영업원
KSCO,7,5,51029,그 외 일반 영업원,51029,그 외 일반 영업원
KSCO,7,5,51031,보험 중개인,51031,보험 중개인
KSCO,7,5,51032,보험 설계사,51032,보험 설계사
KSCO,7,5,51033,투자 권유 대행인,51033,간접 투자증권 판매인
KSCO,7,5,51041,대출 모집인,51029,그 외 일반 영업원
KSCO,7,5,51042,신용카드 모집인,99999,그 외 서비스관련 단순 종사원
KSCO,7,5,52111,소규모 상점 경영자,52117,원예 작물 판매원
KSCO,7,5,52111,소규모 상점 경영자,52114,가구 판매원
KSCO,7,5,52111,소규모 상점 경영자,52113,가전제품 판매원
KSCO,7,5,52111,소규모 상점 경영자,52112,화장품 판매원
KSCO,7,5,52111,소규모 상점 경영자,52111,의류 판매원
KSCO,7,5,52111,소규모 상점 경영자,52116,서적·문구 및 음반 판매원
KSCO,7,5,52111,소규모 상점 경영자,52115,신발 및 액세서리 판매원
KSCO,7,5,52111,소규모 상점 경영자,52118,농·수산물 판매원
KSCO,7,5,52111,소규모 상점 경영자,52119,그 외 상점 판매원
KSCO,7,5,52112,소규모 상점 일선 관리 종사원,52116,서적·문구 및 음반 판매원
KSCO,7,5,52112,소규모 상점 일선 관리 종사원,52114,가구 판매원
KSCO,7,5,52112,소규모 상점 일선 관리 종사원,52118,농·수산물 판매원
KSCO,7,5,52112,소규모 상점 일선 관리 종사원,52119,그 외 상점 판매원
KSCO,7,5,52112,소규모 상점 일선 관리 종사원,52117,원예 작물 판매원
KSCO,7,5,52112,소규모 상점 일선 관리 종사원,52113,가전제품 판매원
KSCO,7,5,52112,소규모 상점 일선 관리 종사원,52112,화장품 판매원
KSCO,7,5,52112,소규모 상점 일선 관리 종사원,52111,의류 판매원
KSCO,7,5,52112,소규모 상점 일선 관리 종사원,52115,신발 및 액세서리 판매원
KSCO,7,5,52121,의류 판매원,52111,의류 판매원
KSCO,7,5,52122,화장품 판매원,52112,화장품 판매원
KSCO,7,5,52123,가전제품 판매원,52113,가전제품 판매원
KSCO,7,5,52124,가구 판매원,52114,가구 판매원
KSCO,7,5,52125,신발 및 액세서리 판매원,52115,신발 및 액세서리 판매원
KSCO,7,5,52126,서적·문구 및 음반 판매원,52116,서적·문구 및 음반 판매원
KSCO,7,5,52127,원예작물 판매원,52117,원예 작물 판매원
KSCO,7,5,52128,음식료품 판매원,52118,농·수산물 판매원
KSCO,7,5,52129,그 외 상점 판매원,52119,그 외 상점 판매원
KSCO,7,5,52131,항공권 판매원,52121,항공권 판매원
KSCO,7,5,52132,승차권 판매원,52122,승차권 판매원
KSCO,7,5,52133,입장권 판매원,52123,입장권 판매원
KSCO,7,5,52134,복권 및 마권 판매원,52124,복권 및 마권 판매원
KSCO,7,5,52139,그 외 매표원 및 복권 판매원,52129,그 외 매표원 및 복권 판매원
KSCO,7,5,52141,매장 계산원,52131,매장 계산원
KSCO,7,5,52142,요금 정산원,52132,요금 정산원
KSCO,7,5,52201,자동차 대여원,52201,자동차 대여원
KSCO,7,5,52202,생활용품 대여원,52204,생활용품 대여원
KSCO,7,5,52203,사무용품 대여원,52203,사무용품 대여원
KSCO,7,5,52204,오락 및 스포츠용품 대여원,52205,오락 및 스포츠용품 대여원
KSCO,7,5,52205,도서 및 영상 기록 매체 대여원,52202,도서 및 비디오 테이프 대여원
KSCO,7,5,52209,그 외 상품 대여원,52209,그 외 상품 대여원
KSCO,7,5,53110,단말기 및 통신 서비스 판매원,53020,통신서비스 판매원
KSCO,7,5,53120,온라인 쇼핑 판매원,53040,인터넷 판매원
KSCO,7,5,53130,텔레마케터,53030,텔레마케터
KSCO,7,5,53210,방문 판매원,53010,방문 판매원
KSCO,7,5,53220,노점 및 이동 판매원,53050,노점 및 이동 판매원
KSCO,7,5,53231,행사 및 홍보 도우미,53061,행사 및 홍보 도우미
KSCO,7,5,53232,판촉원,53062,판촉원
KSCO,7,5,61110,곡식작물 재배원,61110,곡식작물 재배원
KSCO,7,5,61121,채소작물 재배원,61121,채소작물 재배원
KSCO,7,5,61122,특용작물 재배원,61122,특용작물 재배원
KSCO,7,5,61130,과수작물 재배원,61130,과수작물 재배원
KSCO,7,5,61211,육묘작물 재배원,61211,육묘작물 재배원
KSCO,7,5,61212,화훼작물 재배원,61212,화훼작물 재배원
KSCO,7,5,61220,조경원,61220,조경원
KSCO,7,5,61311,젖소 사육자,61311,젖소 사육자
KSCO,7,5,61319,그 외 낙농업 관련 종사원,61319,그 외 낙농업관련 종사원
KSCO,7,5,61321,육우 사육자,61321,육우 사육자
KSCO,7,5,61322,돼지 사육자,61322,돼지 사육자
KSCO,7,5,61323,가금 사육자,61323,가금 사육자
KSCO,7,5,61329,그 외 가축 사육 종사원,61329,그 외 가축 사육 종사원
KSCO,7,5,61391,양봉 종사원,61391,양봉 종사원
KSCO,7,5,61392,수렵 종사원,61392,수렵 종사원
KSCO,7,5,61393,동물 부화원,61393,동물 부화원
KSCO,7,5,61394,감별사,61394,감별사
KSCO,7,5,61395,동물원 사육사,61395,동물 사육사
KSCO,7,5,61399,그 외 사육 관련 종사원,61399,그 외 사육관련 종사원
KSCO,7,5,62011,조림원 및 산림경영인,62011,조림 및 영림원
KSCO,7,5,62012,벌목원,62012,벌목원
KSCO,7,5,62091,임산물 채취 종사원,62091,임산물채취 종사원
KSCO,7,5,62099,그 외 임업 관련 종사원,62099,그 외 임업관련 종사원
KSCO,7,5,63011,어패류 양식원,63011,어패류 양식원
KSCO,7,5,63012,해조류 양식원,63012,해조류 양식원
KSCO,7,5,63019,그 외 양식원,63019,그 외 양식원
KSCO,7,5,63021,원근해 어부,63021,원근해 어부
KSCO,7,5,63022,내수면 어부,63022,내수면 어부
KSCO,7,5,63023,해녀,63023,해녀
KSCO,7,5,71010,제빵사 및 제과원,71010,제빵원 및 제과원
KSCO,7,5,71020,떡 제조원,71020,떡제조원
KSCO,7,5,71031,정육가공원,71031,정육원
KSCO,7,5,71032,도축원,71032,도축원
KSCO,7,5,71039,그 외 정육가공 및 도축 관련 종사원,71039,그 외 정육 및 도축 관련 종사원
KSCO,7,5,71041,식품 등급원,71041,식품등급원
KSCO,7,5,71042,담배 등급원,71042,담배등급원
KSCO,7,5,71051,김치 제조 종사원,71051,김치제조 종사원
KSCO,7,5,71052,밑반찬 제조 종사원,71052,밑반찬제조 종사원
KSCO,7,5,71091,건강원 및 탕제원 종사원,71091,건강원 및 탕제원 종사원
KSCO,7,5,71092,수산물가공 및 염장원,71092,수산물가공 및 염장원
KSCO,7,5,71099,그 외 수제 식품 제조 종사원,71099,그 외 수제식품제조 종사원
KSCO,7,5,72111,직물 패턴사,72111,직물 패턴사
KSCO,7,5,72112,가죽 패턴사,72112,가죽 패턴사
KSCO,7,5,72113,모피 패턴사,72113,모피 패턴사
KSCO,7,5,72119,그 외 패턴사,72119,그 외 패턴사
KSCO,7,5,72121,의복 재단사,72121,의복 재단사
KSCO,7,5,72122,신발 및 구두 재단사,72122,신발 및 구두 재단사
KSCO,7,5,72129,그 외 재단사,72129,그 외 재단사
KSCO,7,5,72131,직물 재봉사,72131,직물 재봉사
KSCO,7,5,72132,가죽 및 모피 재봉사,72132,가죽 및 모피 재봉사
KSCO,7,5,72133,신발 재봉사,72133,신발 재봉사
KSCO,7,5,72134,기계 자수사,72134,기계 자수사
KSCO,7,5,72139,그 외 재봉사,72139,그 외 재봉사
KSCO,7,5,72140,제화원,72140,제화원
KSCO,7,5,72191,모자 제조원,72191,모자 제조원
KSCO,7,5,72192,카펫 및 가발 제조원,72192,카페트 및 가발 제조원
KSCO,7,5,72193,시트 제품 제조원,72193,시트 제품 제조원
KSCO,7,5,72194,수날염원,72194,수날염원
KSCO,7,5,72195,섬유 및 펠트 관련 선별원,72195,섬유 및 펠트 관련 선별원
KSCO,7,5,72199,그 외 섬유 및 가죽 관련 기능 종사원,72199,그 외 섬유 및 가죽 관련 기능 종사원
KSCO,7,5,72210,한복 제조원,72210,한복 제조원
KSCO,7,5,72221,양장 제조원,72221,양장 제조원
KSCO,7,5,72222,양복 제조원,72222,양복 제조원
KSCO,7,5,72230,모피 및 가죽 의복 제조원,72230,모피 및 가죽의복 제조원
KSCO,7,5,72241,의복 수선원,72241,의복 수선원
KSCO,7,5,72242,가죽 및 모피 수선원,72242,가죽 수선원
KSCO,7,5,72242,가죽 및 모피 수선원,72243,모피 수선원
KSCO,7,5,72243,구두 수선원,72244,구두 수선원
KSCO,7,5,72249,그 외 수선원,72249,그 외 수선원
KSCO,7,5,72290,그 외 의복 제조 관련 기능 종사원,72291,운동복 제조원
KSCO,7,5,72290,그 외 의복 제조 관련 기능 종사원,72292,근무복 제조원
KSCO,7,5,72290,그 외 의복 제조 관련 기능 종사원,72293,셔츠 및 바지 제조원
KSCO,7,5,72290,그 외 의복 제조 관련 기능 종사원,72299,그 외 의복 제조원
KSCO,7,5,73011,목재케이스 및 나무상자 제조원,73011,목재케이스 및 목상자 제조원
KSCO,7,5,73019,그 외 목제품 제조 관련 종사원,73019,그 외 목제품 제조관련 종사원
KSCO,7,5,73021,가구 제조원,73021,가구 제조원
KSCO,7,5,73022,가구 수리원,73022,가구 수리원
KSCO,7,5,73031,악기 제조 및 수리원,73031,악기제조 및 수리원
KSCO,7,5,73032,조율사,73032,조율사
KSCO,7,5,73040,간판 제작 및 설치원,73040,간판 제작 및 설치원
KSCO,7,5,74110,금형원,74110,금형원
KSCO,7,5,74121,목형원,74121,목형원
KSCO,7,5,74122,주형원,74122,주형원
KSCO,7,5,74123,금속 주입원,74123,금속 주입원
KSCO,7,5,74130,단조원,74130,단조원
KSCO,7,5,74210,제관원,74210,제관원
KSCO,7,5,74220,판금원,74220,판금원
KSCO,7,5,74301,가스 용접원,74301,가스 용접원
KSCO,7,5,74302,전기 용접원,74302,전기 용접원
KSCO,7,5,74309,그 외 용접원,74309,그 외 용접원
KSCO,7,5,75101,자동차 엔진 정비원,75101,자동차 엔진 정비원
KSCO,7,5,75102,자동차 섀시 정비원,75102,자동차 섀시 정비원
KSCO,7,5,75103,자동차 전기 및 전자 정비원,75103,자동차 전기·전자 정비원
KSCO,7,5,75104,자동차 판금 정비원,75104,자동차 판금 정비원
KSCO,7,5,75105,자동차 도장 정비원,75105,자동차 도장 정비원
KSCO,7,5,75106,자동차 경정비원,75106,자동차 경정비원
KSCO,7,5,75107,자동차 튜닝원,75109,그 외 자동차 정비원
KSCO,7,5,75109,그 외 자동차 정비원,75109,그 외 자동차 정비원
KSCO,7,5,75211,비행기 정비원,75211,비행기 정비원
KSCO,7,5,75212,헬리콥터 정비원,75212,헬리콥터 정비원
KSCO,7,5,75220,선박 정비원,75220,선박 정비원
KSCO,7,5,75231,고속철 기관차 정비원,75231,고속철 기관차 정비원
KSCO,7,5,75232,철도 기관차 정비원,75232,철도 기관차 정비원
KSCO,7,5,75233,전동차 정비원,75233,전동차 정비원
KSCO,7,5,75234,여객차 및 화차 정비원,75234,객화차 정비원
KSCO,7,5,75291,오토바이 정비원,75291,오토바이 정비원
KSCO,7,5,75292,자전거 정비원,75292,자전거 정비원
KSCO,7,5,75299,그 외 운송장비 정비원,75299,그 외 운송장비 정비원
KSCO,7,5,75311,식품기계 설치 및 정비원,75311,식품기계 설치 및 정비원
KSCO,7,5,75312,섬유기계 설치 및 정비원,75312,섬유기계 설치 및 정비원
KSCO,7,5,75313,화학기계 설치 및 정비원,75313,화학기계 설치 및 정비원
KSCO,7,5,75314,공작기계 설치 및 정비원,75314,공작기계 설치 및 정비원
KSCO,7,5,75315,전자 제품 기계 설치 및 정비원,75315,전자제품기계 설치 및 정비원
KSCO,7,5,75319,그 외 공업기계 설치 및 정비원,75319,그 외 공업기계 설치 및 정비원
KSCO,7,5,75321,엘리베이터 설치 및 정비원,75321,엘리베이터 설치 및 정비원
KSCO,7,5,75322,에스컬레이터 설치 및 정비원,75322,에스컬레이터 설치 및 정비원
KSCO,7,5,75323,휠체어 리프트 설치 및 정비원,75323,휠체어 리프트 설치 및 정비원
KSCO,7,5,75331,크레인 설치 및 정비원,75331,크레인 설치 및 정비원
KSCO,7,5,75332,호이스트 설치 및 정비원,75332,호이스트 설치 및 정비원
KSCO,7,5,75333,지게차 정비원,75333,지게차 정비원
KSCO,7,5,75339,그 외 물품 이동 장비 설치 및 정비원,75339,그 외 물품 이동 장비 설치 및 정비원
KSCO,7,5,75341,건물용 냉동·냉장·공조기 설치 및 정비원,75341,건물용 냉동·냉장·공조기 설치 및 정비원
KSCO,7,5,75349,그 외 냉동·냉장·공조기 설치 및 정비원,75349,그 외 냉동·냉장·공조기 설치 및 정비원
KSCO,7,5,75351,건물용 보일러 설치 및 정비원,75351,건물용 보일러 설치 및 정비원
KSCO,7,5,75359,그 외 보일러 설치 및 정비원,75359,그 외 보일러 설치 및 정비원
KSCO,7,5,75361,건설용 굴삭기 정비원,75361,건설용 기계 설치 및 정비원
KSCO,7,5,75362,광업용 기계 설치 및 정비원,75362,광업용 기계 설치 및 정비원
KSCO,7,5,75369,그 외 건설용 기계 정비원,75361,건설용 기계 설치 및 정비원
KSCO,7,5,75391,농업용 기계 설치 및 정비원,75391,농업용 기계 설치 및 정비원
KSCO,7,5,75399,그 외 기계장비 설치 및 정비원,75399,그 외 기계장비 설치 및 정비원
KSCO,7,5,76110,사무용 전자기기 설치 및 수리원,76112,사무기기 설치 및 수리원
KSCO,7,5,76120,가전제품 설치 및 수리원,76120,가전제품 설치 및 수리원
KSCO,7,5,76191,감시카메라 설치 및 수리원,76191,감시카메라 설치 및 수리원
KSCO,7,5,76192,현금인출기 설치 및 수리원,76192,현금인출기 설치 및 수리원
KSCO,7,5,76193,포스시스템 설치 및 수리원,76193,포스시스템 설치 및 수리원
KSCO,7,5,76194,영상·전자음향기기 설치 및 수리원,76194,영상·전자음향기기 설치 및 수리원
KSCO,7,5,76195,의료기기 설치 및 수리원,76195,의료기기 설치 및 수리원
KSCO,7,5,76196,시계 및 카메라 수리원,76197,시계 및 카메라 수리원
KSCO,7,5,76197,광학기구 수리원,76198,광학기구 수리원
KSCO,7,5,76199,그 외 전기·전자기기 설치 및 수리원,76199,그 외 전기·전자기기 설치 및 수리원
KSCO,7,5,76211,항공기 전기 설치원,76211,비행기 전기 설치원
KSCO,7,5,76212,선박 전기 설치원,76212,선박 전기 설치원
KSCO,7,5,76213,철도차량 전기 설치원,76213,철도차량 전기 설치원
KSCO,7,5,76214,플랜트 전기 설치원,76214,플랜트 전기 설치원
KSCO,7,5,76219,그 외 산업 전기 설치원,76219,그 외 산업 전기 설치원
KSCO,7,5,76221,건물 내 전기 설치 및 정비원,76221,건물내 전기 설치 및 정비원
KSCO,7,5,76222,비상 발전기 설치 및 정비원,76222,비상 발전기 설치 및 정비원
KSCO,7,5,76223,조명 기구 설치 및 수리원,76223,조명기구 설치 및 수리원
KSCO,7,5,76224,전기제어장치 설치 및 정비원,76224,전기제어장치 설치 및 정비원
KSCO,7,5,76225,전기기기 설치 및 정비원,76225,전기기기 설치 및 정비원
KSCO,7,5,76229,그 외 내선 설치 및 정비원,76229,그 외 내선 설치 및 정비원
KSCO,7,5,76231,송배전설비 전기원,76231,송·배전 설비 전기원
KSCO,7,5,76232,지중 전력설비 전기원,76232,지중 전력설비 전기원
KSCO,7,5,76233,전기케이블 접속원,76233,전기케이블 접속원
KSCO,7,5,76234,철도 고가 전선 가설원,76234,철도 고가 전선 가설원
KSCO,7,5,76239,그 외 외선 전기원,76239,그 외 외선 전기원
KSCO,7,5,77110,컴퓨터 설치 및 수리원,76111,PC 설치 및 수리원
KSCO,7,5,77120,이동전화기 수리원,76196,휴대폰 수리원
KSCO,7,5,77190,그 외 정보 통신기기 설치 및 수리원,76199,그 외 전기·전자기기 설치 및 수리원
KSCO,7,5,77211,방송장비 설치 및 수리원,78011,영상장비 설치 및 수리원
KSCO,7,5,77212,위성방송 안테나 설치 및 수리원,78012,위성방송 안테나 설치 및 수리원
KSCO,7,5,77221,통신장비 설치 및 수리원,78021,통신장비 설치 및 수리원
KSCO,7,5,77222,기지국 설치 및 수리원,78022,기지국 설치 및 수리원
KSCO,7,5,77231,통신케이블 설치 및 수리원,78031,통신 케이블 설치 및 수리원
KSCO,7,5,77232,방송케이블 설치 및 수리원,78032,방송 케이블 설치 및 수리원
KSCO,7,5,77233,인터넷케이블 설치 및 수리원,78033,인터넷 케이블 설치 및 수리원
KSCO,7,5,78111,강구조물 가공원,77111,강구조물 가공원
KSCO,7,5,78112,강구조물 건립원,77112,강구조물 건립원
KSCO,7,5,78120,경량 철골공,77120,경량 철골공
KSCO,7,5,78210,철근공,77210,철근공
KSCO,7,5,78221,인조석 설치원,77221,인조석 설치원
KSCO,7,5,78222,콘크리트패널 조립원,77222,콘크리트패널 조립원
KSCO,7,5,78223,콘크리트 타설원,77223,콘크리트 타설원
KSCO,7,5,78230,건축 석공,77230,건축 석공
KSCO,7,5,78241,전통 건물 건축원,77241,전통건물 건축원
KSCO,7,5,78242,외장 목공,77242,외장 목공
KSCO,7,5,78243,형틀 목공,77243,형틀 목공
KSCO,7,5,78244,내장 목공,77244,내장 목공
KSCO,7,5,78251,조적공,77251,조적공
KSCO,7,5,78252,보도블록 설치원,77252,보도블록 설치원
KSCO,7,5,78253,석재 부설원,77253,석재 부설원
KSCO,7,5,78259,그 외 조적공 및 석재 부설원,77259,그 외 조적공 및 석재 부설원
KSCO,7,5,78291,비계공,77291,비계공
KSCO,7,5,78292,건물 칸막이 설치원,77292,건물칸막이 설치원
KSCO,7,5,78293,건물 해체원,77293,건물 해체원
KSCO,7,5,78299,그 외 건설 관련 기능 종사원,77299,그 외 건설관련 기능 종사원
KSCO,7,5,78310,미장공,77310,미장공
KSCO,7,5,78320,방수공,77320,방수공
KSCO,7,5,78330,단열공,77330,단열공
KSCO,7,5,78341,마루 설치원,77341,마루 설치원
KSCO,7,5,78342,타일 부착원,77342,타일 부착원
KSCO,7,5,78343,대리석 부착원,77343,대리석 부착원
KSCO,7,5,78349,그 외 바닥재 시공원,77349,그 외 바닥재 시공원
KSCO,7,5,78351,도배공,77351,도배공
KSCO,7,5,78352,유리 부착원,77352,유리 부착원
KSCO,7,5,78361,건물 도장공,77361,건물 도장공
KSCO,7,5,78369,그 외 건축 도장공,77369,그 외 건축 도장공
KSCO,7,5,78370,새시 조립 및 설치원,77370,섀시 조립 및 설치원
KSCO,7,5,78391,건물 수리원,77391,건물 영선원
KSCO,7,5,78399,그 외 건축 마감 관련 기능 종사원,77399,그 외 건축마감관련 기능 종사원
KSCO,7,5,78411,광원,77411,광원
KSCO,7,5,78412,채석원,77412,채석원
KSCO,7,5,78413,석재 절단원,77413,석재 절단원
KSCO,7,5,78421,철로 설치원,77421,철로 설치원
KSCO,7,5,78422,철로 보수원,77422,철로 보수원
KSCO,7,5,78491,점화·발파 및 화약 관리원,77491,점화·발파 및 화약 관리원
KSCO,7,5,78492,잠수 기능원,77492,잠수 기능원
KSCO,7,5,78493,삭구원 및 케이블 접속원,77493,삭구원 및 케이블접속원
KSCO,7,5,78494,천일염 생산 종사원,77494,천일염 생산 종사원
KSCO,7,5,78499,그 외 채굴 및 토목 관련 종사원,77499,그 외 채굴 및 토목 관련 종사원
KSCO,7,5,79111,도자기 공예원,79111,도자기 공예원
KSCO,7,5,79112,목 공예원,79113,목 공예원
KSCO,7,5,79113,석 공예원,79114,석 공예원
KSCO,7,5,79114,종이 공예원,79116,종이 공예원
KSCO,7,5,79119,그 외 공예원,79112,조화 공예원
KSCO,7,5,79119,그 외 공예원,79115,양초 공예원
KSCO,7,5,79119,그 외 공예원,79119,그 외 공예원
KSCO,7,5,79121,귀금속 세공원,79121,귀금속 세공원
KSCO,7,5,79122,보석 세공원,79122,보석 세공원
KSCO,7,5,79129,그 외 귀금속 및 보석 세공원,79129,그 외 귀금속 및 보석 세공원
KSCO,7,5,79211,상·하수 배관공,79211,상하수 배관공
KSCO,7,5,79212,가스 배관공,79212,가스 배관공
KSCO,7,5,79221,플랜트 배관공,79221,플랜트 배관공
KSCO,7,5,79222,선박 배관공,79222,선박 배관공
KSCO,7,5,79223,항공기 배관공,79223,항공기 배관공
KSCO,7,5,79290,그 외 배관공,79290,그 외 배관공
KSCO,7,5,79911,배관 세정원,79911,배관 세정원
KSCO,7,5,79912,건물 외벽 세정원,79912,건물외벽 청결원
KSCO,7,5,79913,방역원,79913,방역원
KSCO,7,5,79919,그 외 배관 세정원 및 방역원,79919,그 외 배관 세정원 및 방역원
KSCO,7,5,79991,인쇄 관련 기능 종사원,79991,인쇄관련 기능 종사원
KSCO,7,5,79992,유리 관련 기능 종사원,79992,유리관련 기능 종사원
KSCO,7,5,79999,그 외 기능 관련 종사원,79999,그 외 기능관련 종사원
KSCO,7,5,81111,곡물 및 사료 제분기 조작원,81111,곡물 및 사료 제분기 조작원
KSCO,7,5,81112,조미료 제분기 조작원,81112,조미료 제분기 조작원
KSCO,7,5,81113,도정기 조작원,81113,도정기 조작원
KSCO,7,5,81119,그 외 제분 및 도정 관련 기계 조작원,81119,그 외 제분 및 도정 관련 기계 조작원
KSCO,7,5,81121,빵·과자 및 떡 제조 기계 조작원,81121,빵·과자·떡 제조 기계조작원
KSCO,7,5,81122,두부 및 유사 제품 기계 조작원,81122,두부 및 유사제품 기계조작원
KSCO,7,5,81123,국수 및 면류 제품 기계 조작원,81123,국수 및 면류제품 기계조작원
KSCO,7,5,81124,사탕·껌 및 초콜릿 제품 기계 조작원,81124,사탕·껌 및 초콜릿 제품 기계조작원
KSCO,7,5,81129,그 외 곡물가공 제품 기계 조작원,81129,그 외 곡물가공제품 기계조작원
KSCO,7,5,81131,육류가공 기계 조작원,81131,육류 가공 기계조작원
KSCO,7,5,81132,어패류가공 기계 조작원,81132,어패류 가공 기계조작원
KSCO,7,5,81133,낙농품가공 기계 조작원,81133,낙농품 가공 기계조작원
KSCO,7,5,81140,과실 및 채소 가공 관련 기계 조작원,81141,과실 및 채소 통조림기 조작원
KSCO,7,5,81140,과실 및 채소 가공 관련 기계 조작원,81142,과실 및 채소 살균기 조작원
KSCO,7,5,81140,과실 및 채소 가공 관련 기계 조작원,81143,과실 및 채소 냉장기 조작원
KSCO,7,5,81140,과실 및 채소 가공 관련 기계 조작원,81144,과실 및 채소 건조기 조작원
KSCO,7,5,81201,알코올성 음료 제조기 조작원,81202,알코올성음료 제조기 조작원
KSCO,7,5,81202,비알코올성 음료 제조기 조작원,81203,차·커피 및 코코아 제조기 조작원
KSCO,7,5,81202,비알코올성 음료 제조기 조작원,81201,청량음료 제조기 조작원
KSCO,7,5,81209,그 외 음료 제조 관련 기계 조작원,81209,그 외 음료 제조관련 기계조작원
KSCO,7,5,81901,유지 제조기 조작원,81901,유지 제조기 조작원
KSCO,7,5,81902,조미 식품 생산기 조작원,81902,조미식품 생산기 조작원
KSCO,7,5,81903,설탕 제조 관련 기계 조작원,81903,설탕 제조관련 기계조작원
KSCO,7,5,81904,커피 및 차류 제조기 조작원,81203,차·커피 및 코코아 제조기 조작원
KSCO,7,5,81905,담배 제조 관련 기계 조작원,81904,담배 제조관련 기계조작원
KSCO,7,5,81906,건강식품 가공기 조작원,81905,건강식품 가공기 조작원
KSCO,7,5,81909,그 외 식품가공 관련 기계 조작원,81909,그 외 식품가공관련 기계조작원
KSCO,7,5,82110,섬유 제조 기계 조작원,82114,권사기 조작원
KSCO,7,5,82110,섬유 제조 기계 조작원,82119,그 외 섬유제조 기계조작원
KSCO,7,5,82110,섬유 제조 기계 조작원,82117,화학섬유 생산기 조작원
KSCO,7,5,82110,섬유 제조 기계 조작원,82111,연조기 조작원
KSCO,7,5,82110,섬유 제조 기계 조작원,82112,조방기 조작원
KSCO,7,5,82110,섬유 제조 기계 조작원,82113,정방기 조작원
KSCO,7,5,82110,섬유 제조 기계 조작원,82115,섬유혼합기 조작원
KSCO,7,5,82110,섬유 제조 기계 조작원,82116,소면기 및 래핑기 조작원
KSCO,7,5,82121,표백기 조작원,82121,표백기 조작원
KSCO,7,5,82122,염색 조색 및 배합기 조작원,82122,염색조색원 및 배합원
KSCO,7,5,82123,날염기 조작원,82123,날염기 조작원
KSCO,7,5,82124,염색기 조작원,82124,염색기 조작원
KSCO,7,5,82129,그 외 표백 및 염색 관련 기계 조작원,82129,그 외 표백 및 염색 관련 조작원
KSCO,7,5,82211,제직기 조작원,82211,제직기 조작원
KSCO,7,5,82212,편직기 조작원,82212,편직기 조작원
KSCO,7,5,82219,그 외 직조기 및 편직기 조작원,82219,그 외 직조기 및 편직기 조작원
KSCO,7,5,82220,신발 제조기 조작원 및 조립원,82220,신발제조기 조작원 및 조립원
KSCO,7,5,82291,가죽 및 모피 가공원,82291,가죽 및 모피 가공원
KSCO,7,5,82292,자동 재단기 조작원,82292,자동 재단기 조작원
KSCO,7,5,82293,자동 재봉설비 조작원,82293,자동 재봉설비 조작원
KSCO,7,5,82299,그 외 직물·신발 관련 기계 조작원 및 조립원,82299,그 외 직물 및 신발 관련 기계 조작원 및 조립원
KSCO,7,5,82301,드라이클리닝기 조작원,82301,드라이클리닝기 조작원
KSCO,7,5,82309,그 외 세탁 관련 기계 조작원,82309,그 외 세탁관련 기계조작원
KSCO,7,5,83111,원유 처리 장치 조작원,83111,원유처리장치 조작원
KSCO,7,5,83112,석유 및 천연가스 정제 장치 조작원,83112,석유 및 천연가스 정제장치 조작원
KSCO,7,5,83113,폐유 및 재생유 처리 장치 조작원,83113,폐유 및 재생유 처리장치 조작원
KSCO,7,5,83119,그 외 석유 및 천연가스 제조 관련 제어 장치 조작원,83119,그 외 석유 및 천연가스 제조 관련 제어장치 조작원
KSCO,7,5,83121,화학물 분쇄기·마쇄기 및 혼합기 조작원,83121,화학물 분쇄기·마쇄기 및 혼합기 조작원
KSCO,7,5,83122,화학물 가열 처리 장치 조작원,83122,화학물 가열처리장치 조작원
KSCO,7,5,83123,화학물 여과기 및 분리기 조작원,83123,화학물 여과기 및 분리기 조작원
KSCO,7,5,83124,화학물 증류기 및 반응기 조작원,83124,화학물 증류기 및 반응기 조작원
KSCO,7,5,83129,그 외 화학물 가공 장치 조작원,83129,그 외 화학물 가공장치 조작원
KSCO,7,5,83190,그 외 석유 및 화학물 가공 장치 조작원,83190,그 외 석유 및 화학물 가공장치 조작원
KSCO,7,5,83211,약제품 생산기 조작원,83211,약제품 생산기 조작원
KSCO,7,5,83212,화장품 생산기 조작원,83212,화장품 생산기 조작원
KSCO,7,5,83213,세제 생산기 조작원,83213,세제 생산기 조작원
KSCO,7,5,83214,비료 생산기 조작원,83214,비료 생산기 조작원
KSCO,7,5,83215,필름 생산기 조작원,83215,필름 생산기 조작원
KSCO,7,5,83216,가스 생산기 조작원,83216,가스 생산기 조작원
KSCO,7,5,83219,그 외 화학제품 생산기 조작원,83219,그 외 화학제품 생산기 조작원
KSCO,7,5,83221,타이어 생산기 조작원,83221,타이어 생산기 조작원
KSCO,7,5,83222,고무제품 생산기 조작원,83222,고무제품 생산기 조작원
KSCO,7,5,83229,그 외 타이어 및 고무제품 생산기 조작원,83229,그 외 타이어 및 고무제품 생산기 조작원
KSCO,7,5,83231,플라스틱 사출기 조작원,83231,플라스틱사출기 조작원
KSCO,7,5,83232,플라스틱 압출기 조작원,83232,플라스틱압출기 조작원
KSCO,7,5,83239,그 외 플라스틱제품 생산기 조작원,83239,그 외 플라스틱제품 생산기 조작원
KSCO,7,5,83241,고무제품 조립원,83241,고무제품 조립원
KSCO,7,5,83242,플라스틱제품 조립원,83242,플라스틱제품 조립원
KSCO,7,5,84110,주조기 조작원,84110,주조기 조작원
KSCO,7,5,84120,단조기 조작원,84120,단조기 조작원
KSCO,7,5,84130,용접기 조작원,84130,용접기 조작원
KSCO,7,5,84141,광석 및 금속용광로 조작원,84141,광석 및 금속용광로 조작원
KSCO,7,5,84142,금속용해로 및 금속가열로 조작원,84142,금속용해로 및 금속가열로 조작원
KSCO,7,5,84149,그 외 금속가공 관련 제어 장치 조작원,84149,그 외 금속가공관련 제어장치 조작원
KSCO,7,5,84151,압연기 조작원,84151,압연기 조작원
KSCO,7,5,84152,인발기 조작원,84152,인발기 조작원
KSCO,7,5,84153,연선기 조작원,84153,연선기 조작원
KSCO,7,5,84154,압출기 조작원,84154,압출기 조작원
KSCO,7,5,84155,금속 열처리로 조작원,84155,금속열처리로 조작원
KSCO,7,5,84159,그 외 금속가공 기계 조작원,84159,그 외 금속가공 기계조작원
KSCO,7,5,84160,제관기 조작원,84160,제관기 조작원
KSCO,7,5,84170,판금기 조작원,84170,판금기 조작원
KSCO,7,5,84211,차량 도장기 조작원,84211,차량 도장기 조작원
KSCO,7,5,84212,가구 도장기 조작원,84212,가구 도장기 조작원
KSCO,7,5,84213,금속제품 도장기 조작원,84213,금속제품 도장기 조작원
KSCO,7,5,84219,그 외 도장기 조작원,84219,그 외 도장기 조작원
KSCO,7,5,84221,금속 세척기 조작원,84221,금속 세척기 조작원
KSCO,7,5,84222,전기 도금기 조작원,84222,전기 도금기 조작원
KSCO,7,5,84223,용융 도금기 조작원,84223,용융 도금기 조작원
KSCO,7,5,84224,금속 분무기 조작원,84224,금속 분무기 조작원
KSCO,7,5,84225,금속코팅·광택 및 래미네이팅기 조작원,84225,금속코팅·광택 및 래미네이팅기 조작원
KSCO,7,5,84229,그 외 도금 및 금속 분무기 조작원,84229,그 외 도금 및 금속분무기 조작원
KSCO,7,5,84311,유리 제조 및 제품 가공기 조작원,84311,유리제조 및 제품 가공기 조작원
KSCO,7,5,84312,렌즈 및 프리즘 가공기 조작원,84312,렌즈 및 프리즘 가공기 조작원
KSCO,7,5,84319,그 외 유리 제조 및 가공기 조작원,84319,그 외 유리제조 및 가공기 조작원
KSCO,7,5,84321,도자기제품 생산기 조작원,84321,도자기 제품 생산기 조작원
KSCO,7,5,84322,벽돌 및 타일 생산기 조작원,84322,벽돌 및 타일 생산기 조작원
KSCO,7,5,84329,그 외 점토제품 생산기 조작원,84329,그 외 점토제품 생산기 조작원
KSCO,7,5,84331,시멘트 및 석회 제조 관련 조작원,84331,시멘트 및 석회 제조 관련 조작원
KSCO,7,5,84332,콘크리트제품 제조 관련 조작원,84332,콘크리트 제품 제조관련 조작원
KSCO,7,5,84339,그 외 시멘트 및 광물제품 제조기 조작원,84339,그 외 시멘트 및 광물제품 제조기 조작원
KSCO,7,5,84341,광석 및 석재 가공장치 조작원,84341,광석 및 석재 가공장치 조작원
KSCO,7,5,84342,석제품 가공기 조작원,84342,석제품 가공기 조작원
KSCO,7,5,84391,유약 생산기 조작원,84391,유약 생산기 조작원
KSCO,7,5,84392,광택제 생산기 조작원,84392,광택제 생산기 조작원
KSCO,7,5,84399,그 외 비금속제품 관련 생산기 조작원,84399,그 외 비금속제품관련 생산기 조작원
KSCO,7,5,85101,선반기 조작원,85101,선반기 조작원
KSCO,7,5,85102,밀링기 조작원,85102,밀링기 조작원
KSCO,7,5,85103,드릴링기 및 보링기 조작원,85103,드릴링기 및 보링기 조작원
KSCO,7,5,85104,연삭기 및 연마기 조작원,85104,연삭기 및 연마기 조작원
KSCO,7,5,85105,프레스기 및 절단기 조작원,85105,프레스기 및 절단기 조작원
KSCO,7,5,85106,금속절곡기 조작원,85106,금속절곡기 조작원
KSCO,7,5,85107,머시닝센터 조작원,85107,머시닝센터 조작원
KSCO,7,5,85109,그 외 금속 공작 기계 조작원,85109,그 외 금속공작기계 조작원
KSCO,7,5,85201,냉난방기 관련 설비 조작원,85201,냉·난방기 설비 조작원
KSCO,7,5,85202,냉동 및 냉장기 설비 조작원,85202,냉동·냉장기 설비 조작원
KSCO,7,5,85203,공조기설비 조작원,85203,공조기 설비 조작원
KSCO,7,5,85301,자동 조립라인 조작원,85301,자동조립라인 조작원
KSCO,7,5,85302,산업용로봇 조작원,85302,산업용 로봇 조작원
KSCO,7,5,85410,자동차 조립원,85410,자동차 조립원
KSCO,7,5,85421,자동차 엔진 조립원,85421,자동차 엔진 조립원
KSCO,7,5,85422,자동차 차체 부품 조립원,85422,자동차 차체 부분품 조립원
KSCO,7,5,85429,그 외 자동차 부품 조립원,85429,그 외 자동차 부분품 조립원
KSCO,7,5,85431,철도차량 조립원,85431,철도차량 조립원
KSCO,7,5,85432,선박 조립원,85432,선박 조립원
KSCO,7,5,85433,항공기 조립원,85433,항공기 조립원
KSCO,7,5,85439,그 외 운송장비 조립원,85439,그 외 운송장비 조립원
KSCO,7,5,85441,공업기계 조립원,85441,공업기계 조립원
KSCO,7,5,85442,농업기계 조립원,85442,농업기계 조립원
KSCO,7,5,85443,건설기계 조립원,85443,건설기계 조립원
KSCO,7,5,85444,공작기계 조립원,85444,공작기계 조립원
KSCO,7,5,85445,공구 조립원,85445,공구 조립원
KSCO,7,5,85449,그 외 일반기계 조립원,85449,그 외 일반기계 조립원
KSCO,7,5,85500,금속기계 부품 조립원,85500,금속기계부품 조립원
KSCO,7,5,86101,화력발전장치 운전원,86101,화력발전장치 운전원
KSCO,7,5,86102,수력발전장치 운전원,86102,수력발전장치 운전원
KSCO,7,5,86103,원자력발전장치 운전원,86103,원자력발전장치 운전원
KSCO,7,5,86104,발전터빈 조작원,86104,발전터빈 조작원
KSCO,7,5,86105,배전반 조작원,86105,배전반 조작원
KSCO,7,5,86109,그 외 발전 및 배전장치 조작원,86109,그 외 발전 및 배전장치 조작원
KSCO,7,5,86201,건물 전기 및 전자설비 조작원,86201,건물 전기 및 전자 설비 조작원
KSCO,7,5,86202,공장 전기 및 전자설비 조작원,86202,공장 전기 및 전자 설비 조작원
KSCO,7,5,86209,그 외 전기 및 전자설비 조작원,86209,그 외 전기 및 전자 설비 조작원
KSCO,7,5,86311,전기 부품 제조 기계 조작원,86311,전기부품 제조 기계조작원
KSCO,7,5,86312,전기제품 제조 기계 조작원,86312,전기제품 제조 기계조작원
KSCO,7,5,86321,전자 부품 제조 기계 조작원,86321,전자부품 제조 기계조작원
KSCO,7,5,86322,전자제품 제조 기계 조작원,86322,전자제품 제조 기계조작원
KSCO,7,5,86401,전기장비 조립원,86401,전기장비 조립원
KSCO,7,5,86402,영상 및 음향장비 조립원,86402,영상·음향 장비 조립원
KSCO,7,5,86403,전자 및 정밀 기구 조립원,86403,전자·정밀 기구 조립원
KSCO,7,5,86404,가정용 전기 및 전자제품 조립원,86404,가정용 전기·전자 제품 조립원
KSCO,7,5,86409,그 외 전기·전자 부품 및 제품 조립원,86409,그 외 전기·전자 부품 및 제품 조립원
KSCO,7,5,87101,고속철 기관사,87101,고속철 기관사
KSCO,7,5,87102,철도 기관사,87102,철도 기관사
KSCO,7,5,87103,전동차 기관사,87103,전동차 기관사
KSCO,7,5,87109,그 외 철도 및 전동차 기관사,87109,그 외 철도 및 전동차 기관사
KSCO,7,5,87200,철도운송 관련 종사원,87209,그 외 화물열차 차장 및 관련 종사원
KSCO,7,5,87200,철도운송 관련 종사원,87203,철도 수송원
KSCO,7,5,87200,철도운송 관련 종사원,87201,화물열차 차장
KSCO,7,5,87200,철도운송 관련 종사원,87202,철도 신호원
KSCO,7,5,87310,택시 운전원,87310,택시 운전원
KSCO,7,5,87321,시내버스 운전원,87321,시내버스 운전원
KSCO,7,5,87322,시외 및 고속 버스 운전원,87323,고속버스 운전원
KSCO,7,5,87322,시외 및 고속 버스 운전원,87322,시외버스 운전원
KSCO,7,5,87323,관광버스 운전원,87324,관광버스 운전원
KSCO,7,5,87329,그 외 버스 운전원,87329,그 외 버스 운전원
KSCO,7,5,87331,경·소형 화물차 운전원,87331,용달화물차 운전원
KSCO,7,5,87332,중형 화물차 운전원,87332,개별화물차 운전원
KSCO,7,5,87333,대형 화물차 운전원,87333,일반화물차 운전원
KSCO,7,5,87339,그 외 화물차 및 특수차 운전원,87339,그 외 화물차 및 특수차 운전원
KSCO,7,5,87391,승용차 및 승합차 운전원,87393,승합차 운전원
KSCO,7,5,87391,승용차 및 승합차 운전원,87391,자가용 운전원
KSCO,7,5,87392,렌터카 운전원,87392,렌터카 운전원
KSCO,7,5,87393,대리 운전원,87394,대리 운전원
KSCO,7,5,87394,대리 주차원,87395,대리 주차원
KSCO,7,5,87399,그 외 자동차 운전원,87399,그 외 자동차 운전원
KSCO,7,5,87401,크레인 운전원,87401,크레인 운전원
KSCO,7,5,87402,리프트 조작원,87402,리프트 조작원
KSCO,7,5,87403,호이스트 운전원,87403,호이스트 운전원
KSCO,7,5,87404,지게차 운전원,87404,지게차 운전원
KSCO,7,5,87409,그 외 물품 이동 장비 조작원,87409,그 외 물품이동 장비 조작원
KSCO,7,5,87501,굴착기·착암기 및 채광기 조작원,87501,굴착기·착암기 및 채광기 조작원
KSCO,7,5,87502,시추장비 조작원,87502,시추장비 조작원
KSCO,7,5,87503,도로정지기 운전원,87503,도로정지기 운전원
KSCO,7,5,87504,항타기 운전원,87504,항타기 운전원
KSCO,7,5,87505,도로포장기 및 롤러 운전원,87505,도로포장기 및 롤러 운전원
KSCO,7,5,87506,굴삭기 및 불도저 운전원,87506,굴삭기 및 불도저 운전원
KSCO,7,5,87507,콘크리트 믹서 트럭 운전원,87333,일반화물차 운전원
KSCO,7,5,87508,덤프트럭 운전원,87333,일반화물차 운전원
KSCO,7,5,87509,그 외 건설 및 채굴기계 운전원,87509,그 외 건설 및 채굴 기계 운전원
KSCO,7,5,87601,선박부원,87609,그 외 선박갑판관련 승무원
KSCO,7,5,87601,선박부원,87602,갑판원
KSCO,7,5,87601,선박부원,87601,갑판장
KSCO,7,5,87602,등대원,87604,등대원
KSCO,7,5,87609,그 외 선박 관련 승무원,87609,그 외 선박갑판관련 승무원
KSCO,7,5,87609,그 외 선박 관련 승무원,87603,바지선 선원
KSCO,7,5,88101,펌프 장치 조작원,88101,펌프장치 조작원
KSCO,7,5,88102,정수 처리 장치 조작원,88102,정수처리장치 조작원
KSCO,7,5,88103,하수 처리 장치 조작원,88103,하수처리장치 조작원
KSCO,7,5,88109,그 외 상하수도 처리 장치 조작원,88109,그 외 상·하수도 처리장치 조작원
KSCO,7,5,88201,재활용 처리 기계 조작원,88201,재활용 처리 기계조작원
KSCO,7,5,88202,소각로 조작원,88202,소각로 조작원
KSCO,7,5,88209,그 외 재활용 처리 및 소각로 조작원,88209,그 외 재활용 처리 및 소각로 조작원
KSCO,7,5,89111,제재기 조작원,89111,제재기 조작원
KSCO,7,5,89112,목재처리기 조작원,89112,목재처리기 조작원
KSCO,7,5,89113,합판생산기 조작원,89113,합판생산기 조작원
KSCO,7,5,89119,그 외 목재가공 관련 기계 조작원,89119,그 외 목재 가공관련 기계조작원
KSCO,7,5,89120,가구 조립원,89120,가구조립원
KSCO,7,5,89131,펄프 제조 장치 조작원,89131,펄프 제조장치 조작원
KSCO,7,5,89132,종이 제조 장치 조작원,89132,종이 제조장치 조작원
KSCO,7,5,89141,종이상자 및 봉투 제조기 조작원,89141,종이상자 및 봉투 제조기 조작원
KSCO,7,5,89142,판지 라이닝기 조작원,89142,판지 라이닝기 조작원
KSCO,7,5,89143,인화지 제조기 조작원,89143,인화지 제조기 조작원
KSCO,7,5,89144,위생용 종이제품 제조기 조작원,89144,위생용 종이제품 제조기 조작원
KSCO,7,5,89149,그 외 종이제품 생산기 조작원,89149,그 외 종이제품 생산기 조작원
KSCO,7,5,89190,그 외 목재 및 종이 관련 기계 조작원,89190,그 외 목재 및 종이 관련 기계조작원
KSCO,7,5,89211,인쇄 필름 출력원,89211,인쇄필름 출력원
KSCO,7,5,89212,인쇄판 출력원,89212,인쇄판 출력원
KSCO,7,5,89213,오프셋인쇄기 조작원,89213,오프셋인쇄기 조작원
KSCO,7,5,89214,윤전인쇄기 조작원,89214,윤전인쇄기 조작원
KSCO,7,5,89215,경인쇄기 조작원,89215,경인쇄기 조작원
KSCO,7,5,89216,디지털인쇄기 조작원,89216,디지털인쇄기 조작원
KSCO,7,5,89217,그라비어인쇄기 조작원,89217,그라비어인쇄기 조작원
KSCO,7,5,89218,제책 및 재단용 기계 조작원,89218,제책 및 재단용 기계 조작원
KSCO,7,5,89219,그 외 인쇄기 조작원,89219,그 외 인쇄기 조작원
KSCO,7,5,89221,사진 인화 및 현상기 조작원,89221,사진 인화 및 현상기 조작원
KSCO,7,5,89229,그 외 사진 인화 및 현상기 조작원,89229,그 외 사진 인화 및 현상기 조작원
KSCO,7,5,89901,주입·포장 및 봉함기 조작원,89901,주입·포장 및 봉함기 조작원
KSCO,7,5,89902,상표 부착기 조작원,89902,상표부착기 조작원
KSCO,7,5,89903,케이블 및 배관 부설기 조작원,89903,케이블 및 배관 부설기 조작원
KSCO,7,5,89904,공기압축기 조작원,89904,공기압축기 조작원
KSCO,7,5,89909,그 외 기계 조작원,89909,그 외 제조관련 기계조작원
KSCO,7,5,91001,건설 단순 종사원,91001,건설 단순 종사원
KSCO,7,5,91002,광업 단순 종사원,91002,광업 단순 종사원
KSCO,7,5,92101,하역 및 적재 관련 단순 종사원,92101,하역 및 적재 관련 단순 종사원
KSCO,7,5,92102,이삿짐 운반원,92102,이삿짐 운반원
KSCO,7,5,92109,그 외 하역 및 적재 단순 종사원,92109,그 외 하역 및 적재 단순 종사원
KSCO,7,5,92210,우편집배원,92210,우편물 집배원
KSCO,7,5,92221,택배원,92221,택배원
KSCO,7,5,92229,그 외 택배원,92229,그 외 택배원
KSCO,7,5,92230,음식 배달원,92230,음식 배달원
KSCO,7,5,92291,음료 배달원,92291,음료 배달원
KSCO,7,5,92292,신문 배달원,92292,신문 배달원
KSCO,7,5,92299,그 외 배달원,92299,그 외 배달원
KSCO,7,5,93001,수동 포장원,93001,수동 포장원
KSCO,7,5,93002,수동 상표 부착원,93002,수동 상표부착원
KSCO,7,5,93003,제품 단순 선별원,93003,제품 단순선별원
KSCO,7,5,93009,그 외 제조 관련 단순 종사원,93009,그 외 제조관련 단순종사원
KSCO,7,5,94111,건물 청소원,94111,건물내부 청소원
KSCO,7,5,94112,운송장비 청소원,94112,운송장비 청소원
KSCO,7,5,94119,그 외 청소원,94119,그 외 청소원
KSCO,7,5,94121,쓰레기 수거원,94121,쓰레기 수거원
KSCO,7,5,94122,거리 미화원,94122,거리 미화원
KSCO,7,5,94123,재활용품 수거원,94123,재활용품 수거원
KSCO,7,5,94129,그 외 환경미화원 및 재활용품 수거원,94129,그 외 환경 미화원 및 재활용품 수거원
KSCO,7,5,94211,아파트 경비원,94211,아파트 경비원
KSCO,7,5,94212,건물 경비원,94212,건물 경비원
KSCO,7,5,94219,그 외 건물 관리원,94219,그 외 경비원
KSCO,7,5,94220,검표원,94220,검표원
KSCO,7,5,95110,가사 도우미,95110,가사 도우미
KSCO,7,5,95120,육아 도우미,95120,육아 도우미
KSCO,7,5,95210,패스트푸드 준비원,95210,패스트푸드원
KSCO,7,5,95220,주방 보조원,95220,주방 보조원
KSCO,7,5,95310,주유원,95310,주유원
KSCO,7,5,95391,매장 정리원,95391,매장 정리원
KSCO,7,5,95392,전단지 배포원 및 벽보원,95392,전단지 배포원 및 벽보원
KSCO,7,5,95399,그 외 판매 관련 단순 종사원,95399,그 외 판매관련 단순 종사원
KSCO,7,5,99101,농업 단순 종사원,99101,농업 단순 종사원
KSCO,7,5,99102,임업 단순 종사원,99102,임업 단순 종사원
KSCO,7,5,99103,어업 단순 종사원,99103,어업 단순 종사원
KSCO,7,5,99104,산불 감시원,99104,산불 감시원
KSCO,7,5,99211,계기 검침원,99211,계기 검침원
KSCO,7,5,99212,가스 점검원,99212,가스 점검원
KSCO,7,5,99220,자동판매기 관리원,99220,수금원
KSCO,7,5,99231,주차 관리원,99231,주차 관리원
KSCO,7,5,99232,주차 안내원,99232,주차 안내원
KSCO,7,5,99910,구두 미화원,99910,구두 미화원
KSCO,7,5,99920,세탁원 및 다림질원,99920,세탁원 및 다림질원
KSCO,7,5,99991,환경 감시원,99991,환경 감시원
KSCO,7,5,99992,대여 제품 방문 점검원,99999,그 외 서비스관련 단순 종사원
KSCO,7,5,99999,그 외 서비스 관련 단순 종사원,99999,그 외 서비스관련 단순 종사원
KSCO,7,5,A0110,영관급 이상 장교,A1110,영관급 이상 장교
KSCO,7,5,A0120,위관급 장교,A1120,위관급 장교
KSCO,7,5,A0200,부사관,A1200,장기 부사관 및 준위
KSCO,7,5,A0900,기타 군인,,
